listing_id,listing_type,room_type,latitude,longitude,guests,bedrooms,beds,baths,superhost,instant_book,professional_management,guest_favorite,min_nights,amenities,cleaning_fee,extra_guest_fee,photos_count,num_reviews,rating_overall,rating_cleanliness,rating_location,rating_value,ttm_revenue,ttm_avg_rate,ttm_occupancy,ttm_adjusted_occupancy,ttm_avg_length_of_stay,ttm_reserved_days,ttm_revpar,l90d_revenue,l90d_avg_rate,l90d_occupancy,market,amenities_count,monthly_revenue,permit_required,owner_occupancy,has_night_cap,night_cap
15089,Entire bungalow,entire_home,34.0428,-118.3521,2.0,1,1,1.0,0,0,0,1,30,"Garden view,Hair dryer,Cleaning products,Shampoo,Conditioner,Body soap,Hot water,Essentials,Hangers,Bed linens,Extra pillows and blankets,Iron,TV,Air conditioning,Heating,Noise decibel monitors on property,Exterior security cameras on property,Smoke alarm,Carbon monoxide alarm,Wifi,Dedicated workspace,Pocket wifi,Kitchen,Refrigerator,Cooking basics,Dishes and silverware,Dishwasher,Stove,Oven,Coffee maker,Baking sheet,Blender,Private entrance,Laundromat nearby,Patio or balcony,Backyard,Fire pit,Outdoor furniture,Outdoor dining area,BBQ grill,Free parking on premises,Free street parking,EV charger,Single level home,Luggage dropoff allowed,Long term stays allowed,Self check-in,Keypad,Cleaning before checkout",2894.0,,57.0,98.0,4.8,4.7,4.8,4.7,23295.0,130.9,0.375,0.451,27.4,137.0,63.8,845.0,116.5,0.089,indianapolis,49,1494.4416666666666,0,0,0,365
15333,Entire vacation home,entire_home,34.1661,-118.4124,6.0,2,10,1.0,1,0,0,1,2,"Air conditioning,Garden view,Pool view,Hair dryer,Shampoo,Hot water,Washer,Dryer,Essentials,Hangers,Bed linens,Extra pillows and blankets,Iron,TV,Pack ’n play/Travel crib,Children’s books and toys,Air conditioning,Indoor fireplace,Heating,Exterior security cameras on property,Smoke alarm,Fire extinguisher,Wifi,Dedicated workspace,Pocket wifi,Kitchen,Refrigerator,Cooking basics,Dishes and silverware,Coffee maker,Private entrance,Patio or balcony,Backyard,Fire pit,Outdoor furniture,Outdoor dining area,BBQ grill,Free parking on premises,Pool,Hot tub,Pets allowed,Smoking allowed,Host greets you",400.0,0.0,73.0,18.0,5.0,5.0,5.0,4.9,38454.0,695.2,0.134,0.134,3.1,49.0,94.4,18670.0,717.4,0.267,indianapolis,43,2838.7333333333336,0,0,0,365
20965,Entire guest suite,entire_home,34.099,-118.3205,3.0,1,2,1.5,0,0,0,1,2,"Wifi,Garden view,Bathtub,Hair dryer,Cleaning products,Shampoo,Conditioner,Body soap,Bidet,Hot water,Shower gel,Washer,Dryer,Essentials,Hangers,Bed linens,Extra pillows and blankets,Room-darkening shades,Iron,Drying rack for clothing,Clothing storage,TV,Arcade games,Books and reading material,Fireplace guards,Board games,Air conditioning,Indoor fireplace,Portable fans,Heating,Smoke alarm,Carbon monoxide alarm,Fire extinguisher,First aid kit,Wifi,Dedicated workspace,Kitchen,Refrigerator,Microwave,Cooking basics,Dishes and silverware,Freezer,Dishwasher,Stove,Oven,Hot water kettle,Coffee maker,Wine glasses,Toaster,Baking sheet,Blender,Rice maker,Barbecue utensils,Dining table,Coffee,Bread maker,Private entrance,Patio or balcony,Backyard,Fire pit,Outdoor furniture,Hammock,Outdoor dining area,BBQ grill,Free parking on premises,Gym,Luggage dropoff allowed,Smoking allowed,Long term stays allowed,Self check-in,Keypad",0.0,,87.0,21.0,4.81,4.9,5.0,4.9,32535.0,296.6,0.299,0.299,2.2,109.0,89.1,15538.0,295.6,0.578,indianapolis,71,2694.116666666667,0,0,0,365
23710,Entire guest suite,entire_home,34.1206,-118.1893,2.0,1,1,1.0,1,0,0,1,1,"Hair dryer,Shampoo,Body soap,Hot water,Washer,Dryer,Essentials,Hangers,Bed linens,Extra pillows and blankets,Iron,TV,Air conditioning,Heating,Smoke alarm,Carbon monoxide alarm,Fire extinguisher,First aid kit,Wifi,Kitchen,Refrigerator,Microwave,Cooking basics,Dishes and silverware,Mini fridge,Stove,Oven,Hot water kettle,Coffee maker,Patio or balcony,Backyard,Fire pit,Outdoor furniture,Hammock,BBQ grill,Free parking on premises,Free street parking,Long term stays allowed,Self check-in,Keypad",80.0,10.0,61.0,490.0,4.95,5.0,4.9,4.9,65720.0,228.5,0.734,0.734,3.5,268.0,167.8,19108.0,296.7,0.656,indianapolis,40,5103.166666666667,0,0,0,365
23925,Entire home,entire_home,34.00299,-118.46556,2.0,1,2,1.0,1,0,1,1,30,"Garden view,Hair dryer,Cleaning products,Shampoo,Conditioner,Body soap,Hot water,Shower gel,Washer,Dryer,Essentials,Hangers,Bed linens,Extra pillows and blankets,Iron,Safe,Clothing storage,TV,Sound system,Pack ’n play/Travel crib,Indoor fireplace,Portable fans,Heating,Exterior security cameras on property,Smoke alarm,Carbon monoxide alarm,Fire extinguisher,First aid kit,Wifi,Kitchen,Refrigerator,Microwave,Cooking basics,Dishes and silverware,Freezer,Stove,Oven,Hot water kettle,Coffee maker,Wine glasses,Toaster,Baking sheet,Private entrance,Laundromat nearby,Patio or balcony,Backyard,Fire pit,Outdoor furniture,Outdoor dining area,Free parking on premises,Free street parking,Single level home,Luggage dropoff allowed,Long term stays allowed,Cleaning before checkout",16179.0,,25.0,185.0,4.89,5.0,4.8,4.8,11258.0,442.5,0.077,0.19,14.0,28.0,30.8,0.0,465.8,0.0,indianapolis,55,1032.5,0,0,0,365
46853,Entire guesthouse,entire_home,34.08574,-118.28536,2.0,1,1,1.0,1,0,0,1,10,"Hair dryer,Shampoo,Hot water,Essentials,Hangers,Bed linens,Extra pillows and blankets,Iron,Air conditioning,Heating,Wifi,Refrigerator,Microwave,Dishes and silverware,Coffee maker,Backyard,Free parking on premises,Free street parking,Self check-in,Lockbox",75.0,0.0,13.0,373.0,4.91,5.0,4.9,4.8,36380.0,185.3,0.485,0.485,2.8,177.0,88.8,10158.0,190.3,0.544,indianapolis,20,2733.1749999999997,0,0,0,365
61582,Entire home,entire_home,34.1118,-118.2312,2.0,1,1,1.0,1,0,0,1,30,"Bathtub,Hair dryer,Hot water,Washer,Dryer,Essentials,Hangers,Bed linens,Extra pillows and blankets,Iron,Air conditioning,Heating,Exterior security cameras on property,Smoke alarm,Carbon monoxide alarm,Fire extinguisher,Wifi,Kitchen,Refrigerator,Cooking basics,Dishes and silverware,Stove,Oven,Coffee maker,Private entrance,Patio or balcony,Backyard,Outdoor furniture,Outdoor dining area,BBQ grill,Free street parking,Pets allowed,Luggage dropoff allowed,Long term stays allowed,Self check-in,Keypad",3350.0,,46.0,19.0,4.95,4.8,5.0,4.9,13702.0,94.2,0.46,0.889,33.6,168.0,37.5,111.0,118.6,0.011,indianapolis,36,1318.8,0,0,0,365
74770,Entire guesthouse,entire_home,34.1818,-118.5262,2.0,1,2,1.0,1,0,0,1,9,"Hair dryer,Body soap,Hot water,Washer,Dryer,Essentials,Hangers,Bed linens,Extra pillows and blankets,Iron,Clothing storage,TV,Air conditioning,Indoor fireplace,Ceiling fan,Heating,Exterior security cameras on property,Smoke alarm,Carbon monoxide alarm,First aid kit,Wifi,Kitchen,Refrigerator,Microwave,Cooking basics,Dishes and silverware,Freezer,Stove,Oven,Hot water kettle,Coffee maker,Wine glasses,Toaster,Dining table,Laundromat nearby,Patio or balcony,Backyard,Outdoor furniture,Sun loungers,Free street parking,Pool,Luggage dropoff allowed,Long term stays allowed,Cleaning before checkout,Host greets you",3910.0,0.0,23.0,283.0,4.93,5.0,4.9,4.9,23865.0,144.0,0.455,0.455,4.4,166.0,65.4,906.0,148.3,0.067,indianapolis,45,1992.0,0,0,0,365
181511,Entire rental unit,entire_home,34.09889,-118.25068,3.0,1,2,1.0,1,0,0,0,30,"Wifi,Garden view,Pets allowed,Bathtub,Hair dryer,Cleaning products,Shampoo,Conditioner,Body soap,Hot water,Washer,Dryer,Essentials,Hangers,Extra pillows and blankets,Room-darkening shades,Drying rack for clothing,TV,Pack ’n play/Travel crib,Air conditioning,Heating,Smoke alarm,Carbon monoxide alarm,Fire extinguisher,Wifi,Dedicated workspace,Kitchen,Refrigerator,Microwave,Cooking basics,Dishes and silverware,Freezer,Dishwasher,Stove,Oven,Hot water kettle,Coffee maker,Wine glasses,Toaster,Baking sheet,Blender,Coffee,Private entrance,Patio or balcony,Outdoor furniture,Outdoor dining area,Free street parking,Long term stays allowed,Self check-in,Lockbox,Cleaning before checkout",3920.0,,18.0,48.0,4.96,5.0,4.7,4.8,8338.0,143.7,0.153,0.187,18.7,56.0,22.8,5523.0,150.6,0.411,indianapolis,51,670.5999999999999,0,0,0,365
191733,Entire guesthouse,entire_home,34.11365,-118.25162,4.0,1,3,1.0,0,0,0,1,30,"Hair dryer,Cleaning products,Body soap,Hot water,Shower gel,Washer,Dryer,Essentials,Hangers,Bed linens,Extra pillows and blankets,Room-darkening shades,Iron,Clothing storage,Ethernet connection,TV,Books and reading material,Crib,Babysitter recommendations,Air conditioning,Ceiling fan,Portable fans,Heating,Smoke alarm,Carbon monoxide alarm,Fire extinguisher,First aid kit,Wifi,Dedicated workspace,Kitchen,Refrigerator,Microwave,Cooking basics,Dishes and silverware,Freezer,Stove,Oven,Hot water kettle,Coffee maker,Wine glasses,Toaster,Baking sheet,Blender,Rice maker,Trash compactor,Barbecue utensils,Dining table,Coffee,Laundromat nearby,Patio or balcony,Backyard,Fire pit,Outdoor furniture,Hammock,BBQ grill,Bikes,Free parking on premises,Free street parking,Luggage dropoff allowed,Long term stays allowed,Self check-in,Keypad,Cleaning before checkout",3317.0,0.0,52.0,92.0,4.89,4.9,4.8,4.8,3057.0,117.5,0.077,0.101,7.0,28.0,8.4,0.0,127.7,0.0,indianapolis,63,274.1666666666667,0,0,0,365
197756,Entire condo,entire_home,34.0862,-118.2765,2.0,1,2,1.0,1,0,0,0,30,"Wifi,Air conditioning,Garden view,Pets allowed,Hair dryer,Cleaning products,Shampoo,Conditioner,Body soap,Hot water,Washer,Dryer,Essentials,Hangers,Bed linens,Extra pillows and blankets,Room-darkening shades,Iron,Clothing storage,TV,Books and reading material,Children’s books and toys,Board games,Air conditioning,Portable fans,Heating,Heating,Smoke alarm,Carbon monoxide alarm,Fire extinguisher,First aid kit,Wifi,Dedicated workspace,Kitchen,Refrigerator,Microwave,Cooking basics,Dishes and silverware,Freezer,Stove,Oven,Hot water kettle,Coffee maker,Wine glasses,Toaster,Baking sheet,Dining table,Coffee,Private entrance,Laundromat nearby,Patio or balcony,Backyard,Fire pit,Outdoor furniture,Hammock,Outdoor dining area,Sun loungers,Free street parking,Hot tub,Long term stays allowed,Self check-in,Smart lock,Cleaning before checkout",4576.0,,68.0,147.0,4.74,4.8,4.9,4.6,2867.0,136.2,0.052,0.065,19.0,19.0,7.9,2258.0,154.6,0.167,indianapolis,63,215.64999999999998,0,0,0,365
198613,Entire bungalow,entire_home,34.08538,-118.34455,1.0,1,1,1.0,0,0,0,0,31,"TV,Wifi,Air conditioning,Kitchen,Free parking on premises,Hot water,Bed linens,Extra pillows and blankets,Free street parking,Microwave,Coffee maker,Refrigerator,Dishwasher,Dishes and silverware,Heating,Cooking basics,Oven,Stove,Washer,Dryer,Smoke alarm,Carbon monoxide alarm,Patio or balcony,Fire extinguisher,Essentials,Shampoo,Hangers,Hair dryer,Iron,Dedicated workspace,Self check-in,Lockbox,Private entrance",0.0,,14.0,16.0,5.0,4.9,4.8,4.9,2314.0,96.6,0.068,0.068,12.5,25.0,6.3,0.0,103.8,0.0,indianapolis,33,201.25,0,0,0,365
214533,Entire rental unit,entire_home,34.09624,-118.34656,2.0,1,1,1.0,0,0,0,0,33,"Hair dryer,Shampoo,Hot water,Washer,Dryer,Essentials,Hangers,Iron,TV,Air conditioning,Heating,Smoke alarm,Carbon monoxide alarm,Fire extinguisher,First aid kit,Wifi,Kitchen,Refrigerator,Cooking basics,Dishes and silverware,Stove,Oven,Coffee maker,Private entrance,Free street parking,Pets allowed,Luggage dropoff allowed,Long term stays allowed,Self check-in,Lockbox",8822.0,18.0,67.0,3.0,5.0,4.7,5.0,4.7,3538.0,286.2,0.03,0.06,5.5,11.0,9.7,3538.0,321.5,0.122,indianapolis,30,262.34999999999997,0,0,0,365
229799,Entire rental unit,entire_home,34.04792,-118.43535,4.0,1,1,1.0,0,0,0,0,30,"Bathtub,Hair dryer,Shampoo,Body soap,Hot water,Washer,Dryer,Essentials,Hangers,Bed linens,Room-darkening shades,Clothing storage,TV,Air conditioning,Heating,Smoke alarm,Carbon monoxide alarm,Fire extinguisher,Wifi,Kitchen,Refrigerator,Microwave,Cooking basics,Dishes and silverware,Stove,Oven,Coffee maker,Toaster,Dining table,Private entrance,Patio or balcony,Free parking on premises,Free street parking,Elevator,Paid parking off premises,Long term stays allowed,Self check-in,Keypad,Cleaning before checkout",3658.0,,43.0,43.0,4.51,4.5,4.9,4.4,3287.0,104.9,0.093,0.152,34.0,34.0,9.0,0.0,108.7,0.0,indianapolis,39,297.2166666666667,0,0,0,365
254259,Entire guest suite,entire_home,34.003934,-118.455921,2.0,1,1,1.0,1,0,0,1,2,"Hair dryer,Cleaning products,Shampoo,Body soap,Hot water,Washer,Dryer,Essentials,Hangers,Bed linens,Extra pillows and blankets,Room-darkening shades,Iron,Clothing storage,TV,Books and reading material,Air conditioning,Ceiling fan,Heating,Smoke alarm,Carbon monoxide alarm,Fire extinguisher,First aid kit,Wifi,Dedicated workspace,Kitchen,Refrigerator,Cooking basics,Dishes and silverware,Mini fridge,Stove,Oven,Hot water kettle,Coffee maker,Wine glasses,Baking sheet,Dining table,Coffee,Patio or balcony,Backyard,Outdoor furniture,Free street parking,Single level home,Luggage dropoff allowed,Self check-in,Keypad",100.0,0.0,33.0,691.0,4.94,4.9,4.9,4.9,57049.0,221.2,0.666,0.786,4.3,243.0,143.4,6140.0,236.3,0.278,indianapolis,46,4479.3,0,0,0,365
254844,Entire home,entire_home,34.093657,-118.435451,4.0,2,2,2.5,0,0,0,0,3,"TV,Cable TV,Wifi,Air conditioning,Pool,Kitchen,Free parking on premises,Pets allowed,Hot water,Free street parking,Microwave,Coffee maker,Indoor fireplace,Refrigerator,Dishwasher,Dishes and silverware,Heating,Cooking basics,Oven,Stove,Washer,Dryer,Smoke alarm,Patio or balcony,Backyard,Hangers,Hair dryer,Iron,Self check-in,Keypad",400.0,0.0,91.0,259.0,4.61,4.6,4.8,4.5,22928.0,904.3,0.068,0.082,6.3,25.0,58.4,6918.0,941.0,0.078,indianapolis,30,1883.9583333333333,0,0,0,365
255656,Entire rental unit,entire_home,34.1034,-118.3237,4.0,1,3,1.0,0,1,0,0,30,"Hair dryer,Shampoo,Hot water,Washer,Dryer,Essentials,Hangers,Iron,TV,Books and reading material,Crib,Window guards,Air conditioning,Heating,Smoke alarm,Carbon monoxide alarm,Fire extinguisher,Wifi,Dedicated workspace,Kitchen,Refrigerator,Microwave,Cooking basics,Dishes and silverware,Stove,Oven,Coffee maker,Baking sheet,Barbecue utensils,Patio or balcony,Backyard,Outdoor furniture,Outdoor dining area,BBQ grill,Free parking on premises,Pets allowed,Smoking allowed,Self check-in,Keypad",3386.0,,37.0,27.0,4.52,4.8,4.9,4.6,4123.0,117.1,0.104,0.117,19.0,38.0,11.3,0.0,126.7,0.0,indianapolis,39,370.81666666666666,0,0,0,365
255701,Entire rental unit,entire_home,34.1034,-118.3237,6.0,2,4,1.0,0,1,0,0,30,"Hair dryer,Hot water,Washer,Dryer,Essentials,Hangers,Iron,TV,Crib,Air conditioning,Heating,Smoke alarm,Carbon monoxide alarm,Fire extinguisher,Wifi,Kitchen,Refrigerator,Microwave,Cooking basics,Dishes and silverware,Stove,Oven,Coffee maker,Patio or balcony,Free parking on premises,Pets allowed,Self check-in,Keypad",4073.0,,45.0,28.0,4.15,4.5,4.7,4.3,3869.0,137.9,0.077,0.094,7.0,28.0,10.6,1750.0,142.5,0.133,indianapolis,28,321.7666666666667,0,0,0,365
273119,Entire guesthouse,entire_home,33.99618,-118.45439,3.0,1,2,1.0,1,0,0,1,3,"Hair dryer,Cleaning products,Shampoo,Conditioner,Hot water,Washer,Dryer,Essentials,Hangers,Bed linens,Extra pillows and blankets,Room-darkening shades,Iron,Clothing storage,TV,Books and reading material,Pack ’n play/Travel crib,Ceiling fan,Portable fans,Heating,Smoke alarm,Carbon monoxide alarm,Fire extinguisher,Wifi,Dedicated workspace,Kitchen,Refrigerator,Cooking basics,Dishes and silverware,Freezer,Stove,Oven,Hot water kettle,Coffee maker,Wine glasses,Toaster,Baking sheet,Blender,Barbecue utensils,Dining table,Private entrance,Patio or balcony,Backyard,Outdoor furniture,Outdoor dining area,BBQ grill,Beach essentials,Bikes,Free street parking,Pool,Single level home,Long term stays allowed,Host greets you",120.0,0.0,20.0,346.0,4.82,4.8,4.9,4.8,29380.0,152.5,0.471,0.843,5.5,172.0,71.6,1983.0,149.6,0.133,indianapolis,53,2185.8333333333335,0,0,0,365
286866,Entire home,entire_home,34.11235,-118.25686,5.0,2,3,1.5,1,0,0,1,1,"Garden view,Hair dryer,Shampoo,Hot water,Essentials,Hangers,Bed linens,Extra pillows and blankets,Room-darkening shades,Iron,Clothing storage,TV,Air conditioning,Heating,Exterior security cameras on property,Smoke alarm,Carbon monoxide alarm,Fire extinguisher,First aid kit,Wifi,Dedicated workspace,Kitchen,Refrigerator,Microwave,Cooking basics,Dishes and silverware,Stove,Oven,Coffee maker,Patio or balcony,Backyard,Outdoor furniture,Hammock,Outdoor dining area,BBQ grill,Free parking on premises,Free street parking,Pets allowed,Self check-in,Lockbox",75.0,0.0,29.0,825.0,4.91,4.9,4.9,4.8,94100.0,290.0,0.836,0.843,2.9,305.0,242.0,23953.0,309.8,0.811,indianapolis,40,7370.833333333333,0,0,0,365
299876,Entire rental unit,entire_home,34.09014,-118.24872,2.0,1,1,1.0,1,0,0,0,30,"Bathtub,Hair dryer,Cleaning products,Shampoo,Conditioner,Hot water,Shower gel,Hangers,Bed linens,Extra pillows and blankets,Room-darkening shades,Iron,TV,Pack ’n play/Travel crib,Air conditioning,Heating,Smoke alarm,Carbon monoxide alarm,Fire extinguisher,First aid kit,Wifi,Dedicated workspace,Kitchen,Refrigerator,Microwave,Cooking basics,Dishes and silverware,Freezer,Stove,Oven,Hot water kettle,Coffee maker,Wine glasses,Toaster,Baking sheet,Blender,Barbecue utensils,Dining table,Coffee,Private entrance,Patio or balcony,Outdoor furniture,Outdoor dining area,Free street parking,Single level home,Pets allowed,Long term stays allowed,Self check-in,Keypad,Cleaning before checkout",3552.0,,24.0,28.0,4.93,4.9,4.8,4.8,3114.0,117.9,0.074,0.122,13.5,27.0,8.5,0.0,133.8,0.0,indianapolis,50,265.27500000000003,0,0,0,365
312387,Entire home,entire_home,33.92483,-118.27031,4.0,2,2,1.0,1,0,0,0,3,"Bathtub,Hair dryer,Cleaning products,Shampoo,Conditioner,Body soap,Hot water,Shower gel,Washer,Dryer,Essentials,Hangers,Bed linens,Extra pillows and blankets,Room-darkening shades,Iron,Drying rack for clothing,Clothing storage,Ethernet connection,TV,Air conditioning,Ceiling fan,Heating,Noise decibel monitors on property,Exterior security cameras on property,Smoke alarm,Carbon monoxide alarm,Fire extinguisher,First aid kit,Wifi,Kitchen,Refrigerator,Microwave,Cooking basics,Dishes and silverware,Freezer,Dishwasher,Stove,Oven,Hot water kettle,Coffee maker,Wine glasses,Toaster,Baking sheet,Rice maker,Barbecue utensils,Dining table,Beach access,Private entrance,Laundromat nearby,Patio or balcony,Backyard,Outdoor furniture,Outdoor dining area,Outdoor kitchen,BBQ grill,Free parking on premises,Free street parking,Single level home,Self check-in,Keypad",150.0,0.0,56.0,200.0,4.86,4.9,4.6,4.9,18081.0,218.1,0.211,0.268,8.6,77.0,45.8,1716.0,244.9,0.067,indianapolis,61,1399.4750000000001,0,0,0,365
321599,Entire bungalow,entire_home,33.9779,-118.4632,2.0,1,2,1.0,1,0,0,1,31,"Air conditioning,Garden view,Hair dryer,Cleaning products,Shampoo,Conditioner,Body soap,Hot water,Washer,Dryer,Essentials,Hangers,Bed linens,Extra pillows and blankets,Room-darkening shades,Iron,Clothing storage,TV,Sound system,Air conditioning,Indoor fireplace,Ceiling fan,Heating,Exterior security cameras on property,Smoke alarm,Carbon monoxide alarm,Fire extinguisher,First aid kit,Wifi,Dedicated workspace,Kitchen,Refrigerator,Microwave,Cooking basics,Dishes and silverware,Freezer,Dishwasher,Stove,Oven,Hot water kettle,Coffee maker,Wine glasses,Toaster,Baking sheet,Blender,Coffee,Beach access,Private entrance,Patio or balcony,Backyard,Outdoor furniture,Outdoor dining area,Beach essentials,Bikes,Free street parking,Paid parking off premises,Luggage dropoff allowed,Long term stays allowed,Self check-in,Keypad",5129.0,0.0,52.0,183.0,4.93,4.9,5.0,4.8,2911.0,168.1,0.044,0.054,8.0,16.0,8.0,2911.0,177.7,0.178,indianapolis,60,224.13333333333333,0,0,0,365
347925,Entire loft,entire_home,34.09404,-118.28202,4.0,2,2,2.0,1,0,0,1,30,"Hair dryer,Hot water,Washer,Dryer,Hangers,Iron,Drying rack for clothing,TV,Sound system,Air conditioning,Portable fans,Heating,Smoke alarm,Carbon monoxide alarm,Fire extinguisher,Wifi,Dedicated workspace,Kitchen,Refrigerator,Microwave,Dishes and silverware,Dishwasher,Stove,Oven,Coffee maker,Wine glasses,Toaster,Rice maker,Patio or balcony,Outdoor furniture,Free parking on premises,Elevator,Pets allowed,Host greets you",7896.0,,15.0,48.0,4.93,5.0,4.9,4.9,12052.0,295.2,0.107,0.117,3.3,39.0,33.0,1566.0,307.5,0.056,indianapolis,34,959.4,0,0,0,365
358575,Entire rental unit,entire_home,34.08898,-118.25007,4.0,2,1,1.5,1,0,0,1,31,"Garden view,Pets allowed,Bathtub,Hair dryer,Cleaning products,Shampoo,Conditioner,Hot water,Shower gel,Washer,Dryer,Essentials,Hangers,Bed linens,Extra pillows and blankets,Iron,Clothing storage,TV,Crib,Pack ’n play/Travel crib,Air conditioning,Air conditioning,Ceiling fan,Portable fans,Heating,Smoke alarm,Carbon monoxide alarm,Fire extinguisher,First aid kit,Wifi,Dedicated workspace,Kitchen,Refrigerator,Microwave,Cooking basics,Dishes and silverware,Freezer,Dishwasher,Stove,Oven,Hot water kettle,Coffee maker,Wine glasses,Toaster,Baking sheet,Blender,Barbecue utensils,Dining table,Coffee,Private entrance,Patio or balcony,Outdoor furniture,Outdoor dining area,Free parking on premises,Free street parking,Pets allowed,Long term stays allowed,Self check-in,Keypad",5103.0,0.0,33.0,66.0,4.94,4.9,4.9,4.8,4544.0,159.3,0.079,0.121,29.0,29.0,12.4,0.0,162.1,0.0,indianapolis,59,384.9750000000001,0,0,0,365
360147,Entire guest suite,entire_home,34.07567,-118.25068,2.0,1,1,1.0,1,0,0,0,30,"Hair dryer,Shampoo,Conditioner,Body soap,Hot water,Washer,Dryer,Essentials,Hangers,Bed linens,Extra pillows and blankets,Iron,TV,Books and reading material,Air conditioning,Ceiling fan,Heating,Smoke alarm,Carbon monoxide alarm,Fire extinguisher,First aid kit,Wifi,Dedicated workspace,Kitchen,Refrigerator,Microwave,Cooking basics,Dishes and silverware,Stove,Oven,Coffee maker,Toaster,Dining table,Private entrance,Backyard,Outdoor furniture,Outdoor dining area,Free street parking,Long term stays allowed,Host greets you",2865.0,,9.0,52.0,4.84,4.6,4.7,4.7,16784.0,108.3,0.433,0.467,39.5,158.0,46.0,339.0,110.9,0.033,indianapolis,40,1425.9499999999998,0,0,0,365
402053,Entire rental unit,entire_home,34.1703,-118.6544,2.0,1,1,1.0,1,0,0,0,30,"Hair dryer,Cleaning products,Shampoo,Conditioner,Body soap,Hot water,Essentials,Hangers,Bed linens,Extra pillows and blankets,Iron,Clothing storage,Ethernet connection,TV,Books and reading material,Air conditioning,Portable fans,Heating,Smoke alarm,Carbon monoxide alarm,Fire extinguisher,First aid kit,Wifi,Dedicated workspace,Refrigerator,Microwave,Cooking basics,Dishes and silverware,Freezer,Coffee maker,Wine glasses,Toaster,Barbecue utensils,Private entrance,Patio or balcony,Backyard,Outdoor furniture,Outdoor dining area,BBQ grill,Free street parking,Pool,Single level home,Pets allowed,Luggage dropoff allowed,Long term stays allowed,Host greets you",0.0,,34.0,135.0,4.8,4.9,4.9,4.7,4510.0,94.1,0.145,0.156,26.5,53.0,12.4,0.0,103.9,0.0,indianapolis,46,415.6083333333333,0,0,0,365
403604,Entire guesthouse,entire_home,34.07705,-118.26307,2.0,1,1,1.0,0,0,0,0,30,"Bathtub,Hair dryer,Cleaning products,Shampoo,Conditioner,Body soap,Hot water,Shower gel,Washer,Dryer,Essentials,Hangers,Bed linens,Extra pillows and blankets,Room-darkening shades,Iron,Clothing storage,Ethernet connection,TV,Sound system,Air conditioning,Portable fans,Heating,Exterior security cameras on property,Smoke alarm,Fire extinguisher,First aid kit,Wifi,Dedicated workspace,Kitchen,Refrigerator,Microwave,Cooking basics,Dishes and silverware,Freezer,Stove,Oven,Hot water kettle,Coffee maker,Wine glasses,Toaster,Baking sheet,Blender,Barbecue utensils,Dining table,Coffee,Private entrance,Laundromat nearby,Patio or balcony,Backyard,Fire pit,Outdoor furniture,Outdoor dining area,BBQ grill,Free street parking,Hot tub,Single level home,Luggage dropoff allowed,Long term stays allowed,Self check-in,Keypad,Cleaning before checkout",3013.0,,5.0,372.0,4.88,4.8,4.8,4.8,9345.0,119.5,0.208,0.365,0.0,76.0,25.6,0.0,117.5,0.0,indianapolis,62,756.8333333333334,0,0,0,365
409740,Entire home,entire_home,34.12474,-118.35844,8.0,3,3,3.0,1,0,0,1,3,"Wifi,Garden view,Pool,Pets allowed,Elevator,Kitchen,Wifi,Dedicated workspace,TV,Washer,Dryer,Air conditioning,Air conditioning,Hair dryer,Essentials,Cooking basics,Dishes and silverware,Cleaning products,Heating,Luggage dropoff allowed,Long term stays allowed,Bathtub,Hair dryer,Cleaning products,Shampoo,Conditioner,Body soap,Outdoor shower,Hot water,Shower gel,Washer,Dryer,Essentials,Hangers,Bed linens,Extra pillows and blankets,Iron,Drying rack for clothing,Safe,Clothing storage,Ethernet connection,TV,Sound system,Game console,Books and reading material,Crib,Pack ’n play/Travel crib,Children’s books and toys,High chair,Baby bath,Children’s dinnerware,Baby safety gates,Air conditioning,Air conditioning,Indoor fireplace,Portable fans,Heating,Smoke alarm,Carbon monoxide alarm,Fire extinguisher,First aid kit,Wifi,Dedicated workspace,Pocket wifi,Kitchen,Refrigerator,Microwave,Cooking basics,Dishes and silverware,Mini fridge,Freezer,Dishwasher,Stove,Oven,Hot water kettle,Coffee maker,Wine glasses,Toaster,Baking sheet,Blender,Trash compactor,Barbecue utensils,Dining table,Coffee,Resort access,Patio or balcony,Backyard,Outdoor furniture,BBQ grill,Sun loungers,Sauna,Free parking on premises,Free street parking,EV charger",350.0,0.0,54.0,285.0,4.88,4.9,4.9,4.8,139961.0,677.5,0.529,0.551,4.5,193.0,348.0,36125.0,882.5,0.467,indianapolis,94,10896.458333333334,0,0,0,365
446757,Entire rental unit,entire_home,34.1034,-118.3237,6.0,2,5,1.0,0,1,0,0,30,"Bathtub,Hair dryer,Shampoo,Hot water,Washer,Dryer,Essentials,Hangers,Bed linens,Extra pillows and blankets,Iron,TV,Crib,Air conditioning,Heating,Smoke alarm,Carbon monoxide alarm,Fire extinguisher,First aid kit,Wifi,Dedicated workspace,Kitchen,Refrigerator,Microwave,Cooking basics,Dishes and silverware,Stove,Oven,Coffee maker,Private entrance,Patio or balcony,Backyard,BBQ grill,Free parking on premises,Self check-in,Keypad",4100.0,,29.0,42.0,4.6,4.6,4.9,4.6,2363.0,163.5,0.038,0.038,7.0,14.0,6.5,1539.0,174.2,0.1,indianapolis,36,190.75,0,0,0,365
462726,Entire home,entire_home,34.15898,-118.4593,2.0,1,2,1.0,1,0,0,1,3,"Hair dryer,Shampoo,Hot water,Essentials,Hangers,Bed linens,Extra pillows and blankets,Room-darkening shades,Iron,Safe,Clothing storage,TV,Crib,Pack ’n play/Travel crib,Air conditioning,Heating,Smoke alarm,Carbon monoxide alarm,Fire extinguisher,First aid kit,Wifi,Refrigerator,Microwave,Cooking basics,Dishes and silverware,Mini fridge,Freezer,Hot water kettle,Coffee maker,Wine glasses,Toaster,Private entrance,Patio or balcony,Outdoor furniture,Outdoor dining area,Free parking on premises,Free street parking,Single level home,Luggage dropoff allowed,Smoking allowed,Self check-in,Lockbox",80.0,0.0,82.0,436.0,4.94,4.9,4.9,4.9,45399.0,121.5,0.89,0.913,3.5,325.0,107.9,10472.0,128.0,0.778,indianapolis,42,3290.625,0,0,0,365
473632,Entire home,entire_home,34.15438,-118.60947,6.0,3,3,1.0,0,0,0,0,30,"Hair dryer,Hot water,Essentials,Hangers,Iron,TV,Air conditioning,Indoor fireplace,Heating,Carbon monoxide alarm,Fire extinguisher,Wifi,Kitchen,Refrigerator,Microwave,Cooking basics,Dishes and silverware,Dishwasher,Stove,Oven,Coffee maker,Backyard,BBQ grill,Free parking on premises,Free street parking,Single level home,Pets allowed,Self check-in,Smart lock",0.0,0.0,24.0,2.0,4.87,,,,2197.0,180.3,0.033,0.033,6.0,12.0,6.0,1196.0,200.0,0.067,indianapolis,29,180.30000000000004,0,0,0,365
492235,Entire guesthouse,entire_home,34.00858,-118.45334,2.0,1,1,1.0,1,0,0,1,30,"Hair dryer,Shampoo,Hot water,Washer,Dryer,Essentials,Hangers,Bed linens,Extra pillows and blankets,Room-darkening shades,Iron,Ethernet connection,TV,Children’s books and toys,Air conditioning,Ceiling fan,Heating,Smoke alarm,Carbon monoxide alarm,Fire extinguisher,First aid kit,Wifi,Kitchen,Refrigerator,Microwave,Cooking basics,Dishes and silverware,Hot water kettle,Coffee maker,Wine glasses,Toaster,Beach access,Private entrance,Patio or balcony,Backyard,Outdoor furniture,Outdoor dining area,Free parking on premises,Free street parking,Single level home,Host greets you",3227.0,,15.0,447.0,4.91,4.9,4.9,4.9,9828.0,126.3,0.208,0.241,5.4,76.0,26.9,493.0,121.1,0.044,indianapolis,41,799.9,0,0,0,365
499612,Entire loft,entire_home,34.04045,-118.2335,2.0,1,1,1.0,0,0,0,0,30,"Wifi,Bathtub,Shampoo,Body soap,Outdoor shower,Hot water,Shower gel,Washer,Dryer,Essentials,Hangers,Bed linens,Extra pillows and blankets,Room-darkening shades,Drying rack for clothing,Clothing storage,TV,Sound system,Exercise equipment,Books and reading material,Outdoor playground,Air conditioning,Heating,Smoke alarm,Carbon monoxide alarm,First aid kit,Wifi,Dedicated workspace,Kitchen,Refrigerator,Microwave,Cooking basics,Dishes and silverware,Freezer,Dishwasher,Stove,Oven,Hot water kettle,Coffee maker,Wine glasses,Toaster,Baking sheet,Blender,Barbecue utensils,Dining table,Bread maker,Laundromat nearby,Patio or balcony,Backyard,Fire pit,Outdoor furniture,Outdoor dining area,Outdoor kitchen,BBQ grill,Beach essentials,Sun loungers,Free parking on premises,Free street parking,Pool,Hot tub,Elevator,Gym,Paid parking off premises,Single level home,Long term stays allowed,Self check-in,Building staff,Cleaning before checkout",5077.0,,40.0,28.0,4.82,4.6,4.9,4.4,13399.0,222.8,0.164,0.227,30.0,60.0,36.7,0.0,217.2,0.0,indianapolis,68,1114.0,0,0,0,365
506230,Entire home,entire_home,33.9799,-118.4667,9.0,5,5,5.0,0,0,0,0,2,"Bathtub,Hair dryer,Cleaning products,Shampoo,Conditioner,Body soap,Hot water,Shower gel,Washer,Dryer,Essentials,Hangers,Bed linens,Extra pillows and blankets,Iron,Clothing storage,TV,Sound system,Air conditioning,Indoor fireplace,Heating,Exterior security cameras on property,Smoke alarm,Carbon monoxide alarm,Fire extinguisher,Wifi,Dedicated workspace,Kitchen,Refrigerator,Microwave,Cooking basics,Dishes and silverware,Freezer,Dishwasher,Stove,Oven,Hot water kettle,Coffee maker,Wine glasses,Toaster,Baking sheet,Blender,Barbecue utensils,Dining table,Coffee,Beach access,Patio or balcony,Backyard,Fire pit,Outdoor furniture,BBQ grill,Beach essentials,Free parking on premises,Free street parking,Pets allowed,Self check-in,Lockbox",515.0,,82.0,57.0,4.87,4.7,5.0,4.7,31837.0,1827.7,0.044,0.062,3.2,16.0,80.2,31837.0,1828.2,0.178,indianapolis,57,2436.9333333333334,0,0,0,365
526012,Entire guesthouse,entire_home,33.99518,-118.46315,2.0,1,1,1.0,1,0,0,1,31,"Hair dryer,Shampoo,Body soap,Washer,Dryer,Essentials,Hangers,Bed linens,Extra pillows and blankets,Iron,TV,Crib,Pack ’n play/Travel crib,Children’s books and toys,High chair,Air conditioning,Heating,Smoke alarm,Carbon monoxide alarm,Fire extinguisher,First aid kit,Wifi,Dedicated workspace,Kitchen,Refrigerator,Cooking basics,Dishes and silverware,Stove,Oven,Coffee maker,Patio or balcony,Backyard,Outdoor furniture,BBQ grill,Free street parking,Luggage dropoff allowed,Long term stays allowed",5354.0,,58.0,408.0,4.96,4.9,5.0,4.8,10957.0,181.3,0.17,0.287,15.5,62.0,30.0,1745.0,197.7,0.1,indianapolis,37,936.7166666666667,0,0,0,365
565873,Entire cottage,entire_home,33.9834,-118.46891,6.0,1,4,1.0,0,0,0,0,31,"Bathtub,Hair dryer,Shampoo,Body soap,Washer,Dryer,Essentials,Hangers,Bed linens,Extra pillows and blankets,Iron,TV,Crib,Pack ’n play/Travel crib,Children’s books and toys,Air conditioning,Indoor fireplace,Ceiling fan,Heating,Smoke alarm,Carbon monoxide alarm,Fire extinguisher,First aid kit,Wifi,Dedicated workspace,Kitchen,Refrigerator,Microwave,Cooking basics,Dishes and silverware,Dishwasher,Stove,Oven,Hot water kettle,Coffee maker,Patio or balcony,Outdoor furniture,BBQ grill,Beach essentials,Free parking on premises,Free street parking,Single level home,Pets allowed,Luggage dropoff allowed,Long term stays allowed,Self check-in,Keypad",7694.0,,26.0,175.0,4.81,4.7,4.9,4.7,20408.0,283.0,0.197,0.235,24.0,72.0,55.9,7762.0,287.7,0.3,indianapolis,47,1698.0,0,0,0,365
566016,Entire home,entire_home,34.124,-118.3776,8.0,4,5,3.0,1,1,0,1,3,"Garden view,Wifi,Bathtub,Hair dryer,Cleaning products,Shampoo,Conditioner,Body soap,Hot water,Shower gel,Washer,Dryer,Essentials,Hangers,Bed linens,Extra pillows and blankets,Room-darkening shades,Iron,Drying rack for clothing,Mosquito net,Clothing storage,Ethernet connection,TV,Sound system,Books and reading material,Life size games,Crib,Pack ’n play/Travel crib,High chair,Baby bath,Children’s dinnerware,Baby monitor,Fireplace guards,Window guards,Outlet covers,Board games,Table corner guards,Air conditioning,Indoor fireplace,Ceiling fan,Portable fans,Heating,Heating,Exterior security cameras on property,Smoke alarm,Carbon monoxide alarm,Fire extinguisher,First aid kit,Wifi,Dedicated workspace,Kitchen,Refrigerator,Microwave,Cooking basics,Dishes and silverware,Freezer,Dishwasher,Stove,Oven,Hot water kettle,Coffee maker,Wine glasses,Toaster,Baking sheet,Blender,Rice maker,Trash compactor,Barbecue utensils,Dining table,Coffee,Private entrance,Patio or balcony,Backyard,Fire pit,Outdoor furniture,Outdoor dining area,BBQ grill,Sun loungers,Free parking on premises,Free street parking,Pool,Pets allowed,Luggage dropoff allowed,Breakfast,Long term stays allowed,Self check-in,Lockbox,Cleaning before checkout",400.0,0.0,102.0,299.0,4.86,4.9,4.9,4.8,273898.0,1083.2,0.625,0.625,4.7,228.0,703.3,87450.0,1307.7,0.633,indianapolis,88,20580.8,0,0,0,365
611542,Entire home,entire_home,34.11037,-118.38294,4.0,2,2,2.5,0,0,0,1,4,"Pets allowed,Bathtub,Hair dryer,Shampoo,Conditioner,Body soap,Hot water,Shower gel,Washer,Dryer,Essentials,Hangers,Bed linens,Extra pillows and blankets,Room-darkening shades,Iron,Clothing storage,TV,Sound system,Fireplace guards,Air conditioning,Indoor fireplace,Ceiling fan,Heating,Exterior security cameras on property,Smoke alarm,Carbon monoxide alarm,Fire extinguisher,First aid kit,Wifi,Dedicated workspace,Kitchen,Refrigerator,Microwave,Cooking basics,Dishes and silverware,Freezer,Dishwasher,Stove,Oven,Hot water kettle,Coffee maker,Wine glasses,Toaster,Baking sheet,Blender,Barbecue utensils,Dining table,Patio or balcony,Backyard,Outdoor furniture,BBQ grill,Free parking on premises,Free street parking,Hot tub,Luggage dropoff allowed,Breakfast,Host greets you",80.0,0.0,27.0,31.0,4.77,4.9,4.9,4.8,36553.0,396.5,0.244,0.369,12.7,89.0,98.6,13224.0,407.2,0.333,indianapolis,58,2940.7083333333335,0,0,0,365
611903,Entire home,entire_home,34.106237,-118.26253,5.0,3,2,2.5,1,0,0,1,4,"Wifi,Free parking on premises,Pets allowed,Pool view,Bathtub,Hair dryer,Cleaning products,Shampoo,Conditioner,Body soap,Hot water,Shower gel,Washer,Dryer,Essentials,Hangers,Bed linens,Extra pillows and blankets,Room-darkening shades,Iron,Drying rack for clothing,Clothing storage,Ethernet connection,Piano,Record player,Sound system,Books and reading material,Children’s books and toys,Outlet covers,Board games,Air conditioning,Indoor fireplace,Heating,Exterior security cameras on property,Smoke alarm,Carbon monoxide alarm,Fire extinguisher,First aid kit,Wifi,Dedicated workspace,Kitchen,Refrigerator,Microwave,Cooking basics,Dishes and silverware,Freezer,Dishwasher,Stove,Oven,Hot water kettle,Coffee maker,Wine glasses,Toaster,Baking sheet,Blender,Dining table,Coffee,Private entrance,Patio or balcony,Backyard,Fire pit,Outdoor furniture,Outdoor dining area,Beach essentials,Sun loungers,Free parking on premises,Free street parking,Pool,Hot tub,Single level home,Luggage dropoff allowed,Long term stays allowed,Self check-in,Lockbox,Cleaning before checkout",250.0,0.0,82.0,132.0,4.94,4.9,5.0,4.8,110233.0,462.8,0.614,0.622,9.0,224.0,284.9,26823.0,482.1,0.567,indianapolis,75,8638.933333333332,0,0,0,365
626181,Entire home,entire_home,33.995716,-118.460831,6.0,3,3,1.5,1,0,0,0,3,"TV,Wifi,Air conditioning,Kitchen,Board games,Free parking on premises,Hot water kettle,Books and reading material,Portable fans,Pets allowed,Conditioner,River view,Free street parking,Outdoor furniture,Cleaning products,Heating,Coffee,Clothing storage,Wine glasses,Washer,Dryer,Beach access,Smoke alarm,Carbon monoxide alarm,First aid kit,Fire extinguisher,Essentials,Shampoo,Hangers,Hair dryer,Iron,Dedicated workspace,Self check-in,Outdoor dining area,Smart lock,Freezer,Private entrance,Sound system,Outlet covers,Bathtub,High chair,Children’s books and toys,Blender,Pack ’n play/Travel crib,Bikes,Children’s dinnerware,Hot water,Body soap,Outdoor shower,Bed linens,Extra pillows and blankets,Microwave,Coffee maker,Refrigerator,Fire pit,Dishwasher,Dishes and silverware,Cooking basics,Oven,Sauna,Stove,Single level home,BBQ grill,Exercise equipment,Shower gel,Patio or balcony,Backyard,Beach essentials,Long term stays allowed,Cleaning before checkout,Children's playroom,Dining table,Baking sheet,Barbecue utensils,Toaster",150.0,0.0,30.0,60.0,4.92,4.8,4.9,4.8,18966.0,455.5,0.11,0.139,5.0,40.0,49.1,0.0,458.0,0.0,indianapolis,75,1518.3333333333333,0,0,0,365
669808,Entire rental unit,entire_home,34.0476,-118.4346,4.0,1,2,1.0,1,0,0,0,30,"Bathtub,Hair dryer,Shampoo,Body soap,Hot water,Washer,Dryer,Essentials,Hangers,Bed linens,Room-darkening shades,Clothing storage,TV,Air conditioning,Heating,Smoke alarm,Carbon monoxide alarm,Fire extinguisher,Wifi,Kitchen,Refrigerator,Microwave,Cooking basics,Dishes and silverware,Stove,Oven,Hot water kettle,Coffee maker,Toaster,Dining table,Private entrance,Patio or balcony,Free parking on premises,Elevator,Paid parking off premises,Single level home,Long term stays allowed,Self check-in,Keypad,Cleaning before checkout",2849.0,,42.0,58.0,4.75,4.7,4.9,4.6,7637.0,101.6,0.2,0.22,10.4,73.0,20.9,4687.0,111.7,0.467,indianapolis,40,618.0666666666666,0,0,0,365
669825,Entire rental unit,entire_home,34.0477,-118.4346,3.0,1,2,1.0,0,0,0,0,30,"Bathtub,Hair dryer,Shampoo,Body soap,Hot water,Washer,Dryer,Essentials,Hangers,Bed linens,Room-darkening shades,Clothing storage,TV,Air conditioning,Heating,Smoke alarm,Carbon monoxide alarm,Fire extinguisher,Wifi,Kitchen,Refrigerator,Microwave,Cooking basics,Dishes and silverware,Freezer,Stove,Hot water kettle,Coffee maker,Toaster,Dining table,Private entrance,Free parking on premises,Free street parking,Elevator,Paid parking off premises,Single level home,Long term stays allowed,Self check-in,Keypad,Cleaning before checkout",2663.0,,24.0,47.0,4.68,4.6,4.8,4.4,14222.0,97.8,0.403,0.634,36.8,147.0,39.0,0.0,97.4,0.0,indianapolis,40,1198.05,0,0,0,365
687106,Entire condo,entire_home,33.95692,-118.43156,1.0,1,1,1.0,0,0,0,0,30,"Bathtub,Cleaning products,Shampoo,Hot water,Shower gel,Washer,Dryer,Essentials,Hangers,Bed linens,Extra pillows and blankets,Room-darkening shades,Iron,Clothing storage,Ethernet connection,TV,High chair,Portable fans,Heating,Exterior security cameras on property,Smoke alarm,Wifi,Kitchen,Refrigerator,Microwave,Cooking basics,Dishes and silverware,Stove,Oven,Wine glasses,Toaster,Trash compactor,Private entrance,Laundromat nearby,Patio or balcony,BBQ grill,Free parking on premises,Free street parking,Pool,Hot tub,Elevator,Gym",2168.0,,16.0,15.0,4.67,4.6,4.7,4.5,3147.0,86.4,0.093,0.252,11.3,34.0,8.6,0.0,82.9,0.0,indianapolis,42,244.80000000000004,0,0,0,365
693634,Entire guesthouse,entire_home,33.9843,-118.4287,5.0,2,3,1.0,0,0,0,1,3,"Bathtub,Hair dryer,Shampoo,Body soap,Hot water,Shower gel,Washer,Dryer,Essentials,Hangers,Bed linens,Extra pillows and blankets,Iron,Safe,Clothing storage,Ethernet connection,TV,Crib,Pack ’n play/Travel crib,High chair,Baby bath,Air conditioning,Indoor fireplace,Heating,Exterior security cameras on property,Smoke alarm,Carbon monoxide alarm,Fire extinguisher,Wifi,Kitchen,Refrigerator,Microwave,Cooking basics,Dishes and silverware,Freezer,Dishwasher,Stove,Oven,Hot water kettle,Coffee maker,Wine glasses,Baking sheet,Rice maker,Barbecue utensils,Dining table,Private entrance,Backyard,Fire pit,Outdoor furniture,Outdoor dining area,BBQ grill,Free street parking,Hot tub,Single level home,Luggage dropoff allowed,Long term stays allowed,Self check-in,Keypad",75.0,0.0,52.0,179.0,4.83,4.9,4.8,4.8,63263.0,237.2,0.674,0.68,3.7,246.0,161.0,17970.0,267.0,0.7,indianapolis,58,4862.599999999999,0,0,0,365
713490,Entire home,entire_home,34.07783,-118.2766,2.0,1,1,1.0,1,0,0,1,2,"Hot water,Washer,Dryer,TV,Air conditioning,Heating,Smoke alarm,Carbon monoxide alarm,Wifi,Dedicated workspace,Kitchen,Refrigerator,Microwave,Cooking basics,Dishes and silverware,Stove,Oven,Free parking on premises,Free street parking,Self check-in,Lockbox",259.0,10.0,21.0,93.0,4.92,4.9,4.9,4.8,58141.0,194.2,0.677,0.767,6.5,247.0,133.0,17478.0,179.0,0.844,indianapolis,21,3997.283333333333,0,0,0,365
732392,Entire guesthouse,entire_home,34.07036,-118.38114,2.0,1,1,1.0,0,0,0,0,4,"TV,Wifi,Air conditioning,Kitchen,Free parking on premises,Hot water kettle,Books and reading material,Pets allowed,Conditioner,Mini fridge,Outdoor furniture,Cleaning products,Heating,Clothing storage,Washer,Dryer,Smoke alarm,Carbon monoxide alarm,First aid kit,Essentials,Shampoo,Hangers,Hair dryer,Iron,Dedicated workspace,Self check-in,Outdoor dining area,Freezer,Lockbox,Private entrance,Bathtub,Babysitter recommendations,Room-darkening shades,Hot water,Body soap,Bed linens,Extra pillows and blankets,Ethernet connection,Microwave,Coffee maker,Refrigerator,Dishes and silverware,Cooking basics,Oven,Stove,Shower gel,Patio or balcony,Backyard,Long term stays allowed,Dining table,Toaster",165.0,15.0,16.0,131.0,4.61,4.6,4.9,4.5,21477.0,185.8,0.282,0.306,17.2,103.0,56.1,0.0,173.4,0.0,indianapolis,51,1594.7833333333335,0,0,0,365
733673,Entire villa,entire_home,34.1152,-118.31863,8.0,4,4,4.5,1,0,0,1,3,"Garden view,Bathtub,Cleaning products,Hot water,Washer,Essentials,Hangers,Bed linens,Extra pillows and blankets,Iron,Drying rack for clothing,Clothing storage,Ethernet connection,Piano,Sound system,Books and reading material,Movie theater,Crib,Pack ’n play/Travel crib,High chair,Children’s dinnerware,Fireplace guards,Board games,Babysitter recommendations,Air conditioning,Indoor fireplace,Ceiling fan,Heating,Exterior security cameras on property,Smoke alarm,Carbon monoxide alarm,First aid kit,Wifi,Dedicated workspace,Kitchen,Refrigerator,Microwave,Cooking basics,Dishes and silverware,Freezer,Dishwasher,Stove,Oven,Hot water kettle,Coffee maker,Wine glasses,Toaster,Barbecue utensils,Dining table,Coffee,Private entrance,Laundromat nearby,Patio or balcony,Backyard,Outdoor furniture,Outdoor dining area,BBQ grill,Free street parking,Single level home,Pets allowed,Luggage dropoff allowed,Long term stays allowed,Self check-in,Smart lock,Cleaning before checkout",350.0,0.0,57.0,39.0,4.87,4.8,5.0,4.8,41997.0,820.1,0.14,0.176,4.6,51.0,106.4,0.0,921.9,0.0,indianapolis,65,3485.4249999999997,0,0,0,365
739143,Entire guesthouse,entire_home,34.0828,-118.3529,1.0,1,1,1.0,0,0,0,0,18,"Air conditioning,Garden view,Bathtub,Hair dryer,Hot water,Essentials,Hangers,Bed linens,Extra pillows and blankets,Iron,Clothing storage,TV,Books and reading material,Air conditioning,Ceiling fan,Heating,Smoke alarm,Wifi,Dedicated workspace,Microwave,Cooking basics,Dishes and silverware,Mini fridge,Stove,Oven,Coffee maker,Wine glasses,Toaster,Dining table,Private entrance,Laundromat nearby,Patio or balcony,Backyard,Outdoor furniture,Sun loungers,Free street parking,Single level home,Long term stays allowed,Self check-in,Lockbox,Cleaning before checkout",150.0,0.0,10.0,126.0,4.79,4.8,5.0,4.8,19810.0,124.5,0.405,0.512,13.5,148.0,49.8,3623.0,159.8,0.211,indianapolis,41,1535.5,0,0,0,365
746115,Entire home,entire_home,34.09872,-118.372,3.0,1,2,1.0,1,0,0,1,2,"Wifi,Pets allowed,Ocean view,Hair dryer,Cleaning products,Shampoo,Conditioner,Body soap,Hot water,Shower gel,Essentials,Hangers,Bed linens,Extra pillows and blankets,Room-darkening shades,Iron,Clothing storage,TV,Books and reading material,Air conditioning,Portable fans,Heating,Exterior security cameras on property,Smoke alarm,Carbon monoxide alarm,Fire extinguisher,First aid kit,Wifi,Dedicated workspace,Kitchen,Refrigerator,Microwave,Cooking basics,Dishes and silverware,Freezer,Dishwasher,Stove,Hot water kettle,Coffee maker,Wine glasses,Toaster,Dining table,Coffee,Private entrance,Laundromat nearby,Patio or balcony,Outdoor furniture,Outdoor dining area,Free parking on premises,Free street parking,Single level home,Self check-in,Smart lock",80.0,0.0,34.0,419.0,4.9,4.7,5.0,4.9,88556.0,252.1,0.874,0.896,3.1,319.0,220.9,20624.0,257.8,0.811,indianapolis,53,6701.658333333333,0,0,0,365
752388,Entire home,entire_home,33.98282,-118.46958,3.0,1,1,1.0,1,0,0,1,30,"Hair dryer,Hot water,Washer,Dryer,Essentials,Hangers,Bed linens,Extra pillows and blankets,Iron,TV,Pack ’n play/Travel crib,High chair,Heating,Smoke alarm,Carbon monoxide alarm,Wifi,Dedicated workspace,Kitchen,Refrigerator,Microwave,Cooking basics,Dishes and silverware,Coffee maker,Private entrance,Patio or balcony,Backyard,BBQ grill,Beach essentials,Free street parking",3261.0,,21.0,399.0,4.86,4.8,4.9,4.8,28926.0,123.5,0.636,0.693,19.3,232.0,79.2,9452.0,134.0,0.778,indianapolis,29,2387.6666666666665,0,0,0,365
770046,Entire bungalow,entire_home,34.0935,-118.3284,5.0,1,2,1.0,1,0,0,1,13,"Bathtub,Hair dryer,Cleaning products,Shampoo,Conditioner,Body soap,Bidet,Hot water,Shower gel,Washer,Dryer,Essentials,Hangers,Bed linens,Extra pillows and blankets,Room-darkening shades,Iron,TV,Books and reading material,Crib,Pack ’n play/Travel crib,Air conditioning,Ceiling fan,Heating,Smoke alarm,Carbon monoxide alarm,Fire extinguisher,First aid kit,Wifi,Dedicated workspace,Kitchen,Refrigerator,Microwave,Cooking basics,Dishes and silverware,Freezer,Dishwasher,Stove,Oven,Hot water kettle,Coffee maker,Wine glasses,Toaster,Baking sheet,Blender,Coffee,Private entrance,Patio or balcony,Backyard,Outdoor furniture,Free parking on premises,Free street parking,Pets allowed,Luggage dropoff allowed,Long term stays allowed,Self check-in,Smart lock,Cleaning before checkout",195.0,0.0,5.0,448.0,4.85,4.9,4.8,4.8,22199.0,172.5,0.323,0.329,8.4,118.0,53.9,1462.0,182.6,0.067,indianapolis,58,1696.25,0,0,0,365
8830,Entire rental unit,entire_home,39.77856,-86.14739,2.0,1,1.0,1.0,0,0,0,0,30,"TV,Host greets you,Cable TV,Wifi,Air conditioning,Kitchen,Paid parking off premises,Hot water,Bed linens,Extra pillows and blankets,Free street parking,Ethernet connection,Pocket wifi,Microwave,Coffee maker,Refrigerator,Dishwasher,Dishes and silverware,Heating,Cooking basics,Oven,Stove,Washer,Dryer,Essentials,Long term stays allowed,Shampoo,Hangers,Hair dryer,Iron,Dedicated workspace",0.0,0.0,28.0,114.0,4.88,4.8,5.0,4.9,1020.0,97.9,0.03,0.03,1.0,11.0,2.8,0.0,108.4,0.0,los_angeles,31,89.74166666666667,1,1,1,120
77381,Entire home,entire_home,39.82747,-86.14511,15.0,5,7.0,2.5,0,1,0,0,3,"Bathtub,Hair dryer,Cleaning products,Hot water,Washer,Dryer,Essentials,Hangers,Bed linens,Extra pillows and blankets,Room-darkening shades,Iron,Safe,Clothing storage,Ethernet connection,TV,Piano,Books and reading material,Pack ’n play/Travel crib,Children’s books and toys,Board games,Air conditioning,Indoor fireplace,Heating,Exterior security cameras on property,Smoke alarm,Carbon monoxide alarm,Fire extinguisher,First aid kit,Wifi,Dedicated workspace,Kitchen,Refrigerator,Microwave,Cooking basics,Dishes and silverware,Dishwasher,Stove,Oven,Coffee maker,Wine glasses,Toaster,Baking sheet,Blender,Barbecue utensils,Dining table,Patio or balcony,Backyard,Fire pit,Outdoor furniture,BBQ grill,Free street parking,Host greets you",151.0,0.0,27.0,145.0,4.75,4.7,4.7,4.8,23568.0,303.2,0.197,0.198,4.2,72.0,58.0,10414.0,267.2,0.378,los_angeles,53,1819.1999999999998,1,1,1,120
301976,Entire home,entire_home,39.75376,-86.16181,6.0,3,3.0,1.5,0,0,0,1,2,"Bathtub,Hair dryer,Cleaning products,Shampoo,Conditioner,Body soap,Bidet,Hot water,Shower gel,Washer,Dryer,Essentials,Hangers,Bed linens,Extra pillows and blankets,Iron,TV,Record player,Sound system,Game console,Air conditioning,Indoor fireplace,Ceiling fan,Heating,Exterior security cameras on property,Smoke alarm,Carbon monoxide alarm,Fire extinguisher,Wifi,Dedicated workspace,Kitchen,Refrigerator,Microwave,Cooking basics,Dishes and silverware,Freezer,Dishwasher,Stove,Oven,Hot water kettle,Coffee maker,Wine glasses,Toaster,Baking sheet,Blender,Barbecue utensils,Coffee,Private entrance,Patio or balcony,Backyard,Fire pit,Outdoor furniture,Outdoor dining area,BBQ grill,Free parking on premises,Free street parking,Hot tub,EV charger,Pets allowed,Self check-in,Smart lock",393.0,0.0,45.0,188.0,4.92,4.9,4.8,4.8,41559.0,305.8,0.315,0.334,4.3,115.0,91.2,16417.0,279.4,0.522,los_angeles,61,2930.5833333333335,1,1,1,120
312950,Entire home,entire_home,39.8925,-86.1561,14.0,4,4.0,3.0,0,1,0,1,2,"Bathtub,Hair dryer,Cleaning products,Shampoo,Conditioner,Body soap,Hot water,Shower gel,Washer,Dryer,Hangers,Bed linens,Extra pillows and blankets,Room-darkening shades,Iron,Drying rack for clothing,Clothing storage,Ethernet connection,TV,Books and reading material,Pack ’n play/Travel crib,High chair,Fireplace guards,Outlet covers,Air conditioning,Indoor fireplace,Ceiling fan,Heating,Smoke alarm,Carbon monoxide alarm,Fire extinguisher,First aid kit,Wifi,Dedicated workspace,Kitchen,Refrigerator,Microwave,Cooking basics,Dishes and silverware,Freezer,Dishwasher,Stove,Oven,Hot water kettle,Coffee maker,Wine glasses,Toaster,Baking sheet,Blender,Rice maker,Barbecue utensils,Dining table,Coffee,Private entrance,Laundromat nearby,Patio or balcony,Backyard,Outdoor furniture,Outdoor dining area,BBQ grill,Beach essentials,Free parking on premises,Free street parking,Single level home,Pets allowed,Luggage dropoff allowed,Long term stays allowed,Cleaning before checkout,Host greets you",26.0,0.0,20.0,170.0,4.79,4.6,5.0,4.7,27739.0,374.3,0.197,0.226,3.1,72.0,74.5,12510.0,374.6,0.356,los_angeles,69,2245.8,1,1,1,120
1789780,Entire rental unit,entire_home,39.77757,-86.14761,2.0,1,1.0,1.0,1,0,0,1,2,"Hair dryer,Cleaning products,Shampoo,Body soap,Hot water,Shower gel,Washer,Dryer,Essentials,Hangers,Bed linens,Extra pillows and blankets,Iron,TV,Air conditioning,Heating,Smoke alarm,Carbon monoxide alarm,Wifi,Dedicated workspace,Kitchen,Refrigerator,Cooking basics,Dishes and silverware,Dishwasher,Coffee maker,Coffee,Outdoor furniture,Free parking on premises",0.0,0.0,21.0,83.0,4.99,5.0,5.0,4.9,42616.0,185.4,0.633,0.786,7.5,231.0,116.8,9955.0,212.9,0.522,los_angeles,29,3568.9500000000003,1,1,1,120
2566246,Entire condo,entire_home,39.76416,-86.15698,7.0,3,3.0,2.0,0,0,0,1,3,"Bathtub,Hair dryer,Shampoo,Conditioner,Body soap,Hot water,Shower gel,Essentials,Hangers,Bed linens,Iron,Clothing storage,TV,Pool table,Arcade games,Life size games,Air conditioning,Ceiling fan,Heating,Exterior security cameras on property,Smoke alarm,Carbon monoxide alarm,First aid kit,Wifi,Dedicated workspace,Kitchen,Refrigerator,Microwave,Cooking basics,Dishes and silverware,Freezer,Dishwasher,Stove,Oven,Hot water kettle,Coffee maker,Wine glasses,Toaster,Baking sheet,Dining table,Coffee,Private entrance,Elevator,Paid parking off premises,Self check-in,Smart lock",207.0,0.0,40.0,55.0,4.93,5.0,4.8,4.9,52935.0,605.1,0.211,0.211,3.2,77.0,131.4,16697.0,778.3,0.222,los_angeles,46,3882.7250000000004,1,1,1,120
2596977,Entire home,entire_home,39.75729,-86.13298,9.0,3,4.0,1.5,0,0,0,0,2,"TV,Wifi,Air conditioning,Pool,Kitchen,Board games,Hot water kettle,Books and reading material,Portable fans,Pets allowed,Conditioner,Free street parking,Laundromat nearby,Outdoor furniture,Hot tub,Hammock,Cleaning products,Heating,Coffee,Wine glasses,Smoke alarm,Carbon monoxide alarm,First aid kit,Fire extinguisher,Essentials,Shampoo,Hangers,Hair dryer,Iron,Dedicated workspace,Self check-in,Outdoor dining area,Keypad,Private living room,Private entrance,Sound system,Bathtub,Blender,Room-darkening shades,Hot water,Body soap,Bed linens,Extra pillows and blankets,Microwave,Coffee maker,Refrigerator,Dishes and silverware,Cooking basics,Oven,Stove,BBQ grill,Shower gel,Patio or balcony,Backyard,Luggage dropoff allowed,Long term stays allowed,Dining table,Baking sheet,Toaster",75.0,0.0,50.0,149.0,4.77,4.7,4.7,4.7,3008.0,163.8,0.038,0.044,2.0,14.0,7.2,0.0,0.0,0.0,los_angeles,59,191.10000000000002,1,1,1,120
4878635,Entire guest suite,entire_home,39.7499,-86.1371,2.0,1,1.0,1.0,0,0,0,0,3,"Hair dryer,Cleaning products,Shampoo,Conditioner,Body soap,Hot water,Shower gel,Washer,Dryer,Essentials,Hangers,Bed linens,Extra pillows and blankets,Room-darkening shades,Iron,Clothing storage,TV,Air conditioning,Heating,Exterior security cameras on property,Smoke alarm,Carbon monoxide alarm,Fire extinguisher,First aid kit,Wifi,Dedicated workspace,Kitchen,Refrigerator,Microwave,Cooking basics,Dishes and silverware,Freezer,Stove,Oven,Hot water kettle,Coffee maker,Wine glasses,Baking sheet,Dining table,Coffee,Private entrance,Outdoor furniture,Free parking on premises,Free street parking,Single level home,Luggage dropoff allowed,Long term stays allowed,Self check-in,Smart lock",70.0,0.0,37.0,142.0,4.69,4.6,4.8,4.7,15731.0,209.1,0.197,0.387,5.1,72.0,40.8,2255.0,224.4,0.111,los_angeles,49,1254.6,1,1,1,120
6145067,Entire guesthouse,entire_home,39.7499,-86.1371,2.0,1,,1.0,0,0,0,0,5,"Hair dryer,Shampoo,Hot water,Shower gel,Essentials,Hangers,Bed linens,Extra pillows and blankets,Iron,Ethernet connection,TV,Children’s dinnerware,Air conditioning,Heating,Smoke alarm,Carbon monoxide alarm,Fire extinguisher,First aid kit,Wifi,Dedicated workspace,Kitchen,Refrigerator,Microwave,Cooking basics,Dishes and silverware,Stove,Oven,Coffee maker,Private entrance,Outdoor furniture,BBQ grill,Free street parking,Single level home,Pets allowed,Long term stays allowed,Self check-in,Keypad",282.0,0.0,25.0,139.0,4.64,4.6,4.8,4.7,12317.0,124.9,0.279,0.292,12.8,102.0,33.7,1538.0,135.6,0.1,los_angeles,37,1061.65,1,1,1,120
6898030,Entire guesthouse,entire_home,39.81958,-86.15135,2.0,1,1.0,1.0,0,0,0,1,2,"Hair dryer,Shampoo,Hot water,Dryer,Essentials,Hangers,Bed linens,Extra pillows and blankets,Iron,Air conditioning,Heating,Smoke alarm,Fire extinguisher,First aid kit,Wifi,Dedicated workspace,Kitchen,Refrigerator,Microwave,Cooking basics,Dishes and silverware,Coffee maker,Private entrance,Patio or balcony,Backyard,Outdoor furniture,Outdoor dining area,BBQ grill,Free parking on premises,Free street parking,Pool,Hot tub,Long term stays allowed,Self check-in,Lockbox",50.0,0.0,5.0,247.0,4.92,4.9,4.8,4.9,3664.0,177.9,0.055,0.055,2.9,20.0,9.1,3252.0,158.1,0.2,los_angeles,35,296.5,1,1,1,120
7785845,Entire guesthouse,entire_home,39.85063,-86.15493,2.0,1,1.0,1.0,1,0,0,1,1,"Bathtub,Hair dryer,Cleaning products,Shampoo,Conditioner,Body soap,Hot water,Essentials,Hangers,Bed linens,Extra pillows and blankets,Iron,Drying rack for clothing,Clothing storage,Crib,Pack ’n play/Travel crib,Air conditioning,Heating,Smoke alarm,Wifi,Kitchen,Refrigerator,Microwave,Cooking basics,Dishes and silverware,Mini fridge,Stove,Hot water kettle,Coffee maker,Wine glasses,Toaster,Dining table,Coffee,Private entrance,Patio or balcony,Backyard,Outdoor furniture,Free street parking,Single level home,Luggage dropoff allowed,Long term stays allowed",0.0,0.0,19.0,1237.0,4.91,5.0,5.0,4.9,20945.0,86.9,0.663,0.688,1.7,242.0,57.4,4732.0,95.0,0.556,los_angeles,41,1752.4833333333336,1,1,1,120
8336455,Entire condo,entire_home,39.7735,-86.1516,2.0,1,1.0,1.0,1,0,0,1,2,"Bathtub,Hair dryer,Shampoo,Body soap,Hot water,Washer,Dryer,Essentials,Hangers,Bed linens,Extra pillows and blankets,Room-darkening shades,Iron,Clothing storage,Ethernet connection,TV,Crib,Pack ’n play/Travel crib,Air conditioning,Portable fans,Heating,Smoke alarm,Carbon monoxide alarm,Fire extinguisher,First aid kit,Wifi,Dedicated workspace,Kitchen,Refrigerator,Microwave,Cooking basics,Dishes and silverware,Freezer,Dishwasher,Stove,Oven,Hot water kettle,Coffee maker,Wine glasses,Toaster,Baking sheet,Blender,Dining table,Private entrance,Paid parking on premises,Single level home,Long term stays allowed,Self check-in,Lockbox",25.0,0.0,10.0,245.0,4.94,4.9,5.0,4.9,33927.0,134.0,0.647,0.663,2.0,236.0,88.3,9667.0,163.2,0.622,los_angeles,49,2635.3333333333335,1,1,1,120
8625131,Entire home,entire_home,39.86397,-86.14273,5.0,2,2.0,1.0,1,0,0,1,2,"Bathtub,Hair dryer,Cleaning products,Shampoo,Conditioner,Body soap,Hot water,Washer,Dryer,Essentials,Hangers,Extra pillows and blankets,Iron,Clothing storage,Ethernet connection,TV,Air conditioning,Indoor fireplace,Heating,Smoke alarm,Wifi,Dedicated workspace,Kitchen,Refrigerator,Microwave,Cooking basics,Dishes and silverware,Freezer,Dishwasher,Stove,Oven,Hot water kettle,Coffee maker,Wine glasses,Toaster,Baking sheet,Coffee,Private entrance,Patio or balcony,Backyard,Fire pit,BBQ grill,Pets allowed,Long term stays allowed,Self check-in,Lockbox",50.0,0.0,38.0,101.0,4.94,4.8,5.0,4.8,29913.0,172.4,0.479,0.576,5.3,175.0,77.6,4473.0,234.3,0.2,los_angeles,46,2514.1666666666665,1,1,1,120
9606759,Entire bungalow,entire_home,39.86218,-86.13144,4.0,2,3.0,1.0,1,0,0,1,2,"Hair dryer,Shampoo,Hot water,Washer,Dryer,Essentials,Iron,TV,Children’s books and toys,Air conditioning,Heating,Smoke alarm,Fire extinguisher,Wifi,Dedicated workspace,Kitchen,Refrigerator,Microwave,Cooking basics,Dishes and silverware,Dishwasher,Stove,Oven,Coffee maker,Patio or balcony,Backyard,Free parking on premises,Free street parking",100.0,0.0,11.0,202.0,4.84,4.7,4.9,4.9,22599.0,121.3,0.463,0.488,5.3,169.0,54.2,5369.0,122.9,0.467,los_angeles,28,1708.3083333333334,1,1,1,120
9622987,Entire home,entire_home,39.8212,-86.14929,8.0,5,5.0,4.5,0,0,0,0,2,"Bathtub,Hair dryer,Shampoo,Conditioner,Body soap,Hot water,Washer,Dryer,Essentials,Hangers,Bed linens,Extra pillows and blankets,Iron,TV,Air conditioning,Portable fans,Heating,Smoke alarm,Carbon monoxide alarm,Fire extinguisher,First aid kit,Wifi,Dedicated workspace,Kitchen,Refrigerator,Microwave,Cooking basics,Dishes and silverware,Dishwasher,Stove,Oven,Coffee maker,Private entrance,Patio or balcony,Backyard,Fire pit,Outdoor furniture,Outdoor dining area,BBQ grill,Beach essentials,Free parking on premises,Free street parking,Pool,Hot tub,Luggage dropoff allowed,Long term stays allowed,Self check-in,Lockbox,Cleaning before checkout",85.0,0.0,75.0,29.0,4.86,4.7,4.7,4.8,35336.0,1566.8,0.06,0.06,3.7,22.0,95.6,24405.0,1557.7,0.167,los_angeles,49,2872.4666666666667,1,1,1,120
9759046,Entire townhouse,entire_home,39.75682,-86.13423,4.0,2,3.0,1.5,1,0,0,0,5,"Garden view,Bathtub,Hair dryer,Cleaning products,Shampoo,Hot water,Washer,Dryer,Essentials,Hangers,Bed linens,Extra pillows and blankets,Iron,Safe,Clothing storage,Ethernet connection,TV,Sound system,Books and reading material,Air conditioning,Ceiling fan,Portable fans,Heating,Smoke alarm,Carbon monoxide alarm,Fire extinguisher,First aid kit,Wifi,Dedicated workspace,Kitchen,Refrigerator,Microwave,Cooking basics,Dishes and silverware,Freezer,Dishwasher,Stove,Oven,Hot water kettle,Coffee maker,Wine glasses,Toaster,Baking sheet,Blender,Dining table,Coffee,Private entrance,Patio or balcony,Backyard,Outdoor furniture,Hammock,Free parking on premises,Free street parking,Pets allowed,Luggage dropoff allowed,Long term stays allowed,Self check-in,Keypad",234.0,0.0,40.0,19.0,4.79,5.0,4.7,4.9,3730.0,172.5,0.055,0.213,6.7,20.0,8.3,2532.0,131.3,0.178,los_angeles,58,287.5,1,1,1,120
9840440,Entire home,entire_home,39.8026,-86.1504,6.0,2,2.0,2.0,1,0,0,1,2,"Bathtub,Cleaning products,Shampoo,Conditioner,Body soap,Hot water,Shower gel,Washer,Dryer,Essentials,Hangers,Bed linens,Extra pillows and blankets,Iron,Clothing storage,Ethernet connection,Record player,Exercise equipment,Books and reading material,Children’s books and toys,Board games,Baby safety gates,Babysitter recommendations,Air conditioning,Ceiling fan,Heating,Smoke alarm,Fire extinguisher,First aid kit,Wifi,Dedicated workspace,Kitchen,Refrigerator,Microwave,Cooking basics,Dishes and silverware,Freezer,Dishwasher,Stove,Oven,Hot water kettle,Coffee maker,Wine glasses,Toaster,Baking sheet,Blender,Rice maker,Barbecue utensils,Dining table,Coffee,Patio or balcony,Backyard,Outdoor furniture,Outdoor dining area,BBQ grill,Sun loungers,Free parking on premises,Free street parking,Single level home,Pets allowed,Luggage dropoff allowed,Self check-in,Smart lock",51.0,0.0,51.0,54.0,4.89,4.7,4.9,4.8,39181.0,235.1,0.438,0.511,7.3,160.0,104.3,13240.0,276.7,0.522,los_angeles,63,3134.6666666666665,1,1,1,120
9966644,Entire condo,entire_home,39.77539,-86.1499,4.0,2,4.0,1.5,0,0,0,1,1,"Hair dryer,Shampoo,Conditioner,Hot water,Washer,Dryer,Essentials,Hangers,Bed linens,Iron,TV,Sound system,Air conditioning,Indoor fireplace,Ceiling fan,Heating,Smoke alarm,Carbon monoxide alarm,Fire extinguisher,First aid kit,Wifi,Kitchen,Refrigerator,Microwave,Cooking basics,Dishes and silverware,Dishwasher,Stove,Oven,Hot water kettle,Coffee maker,Wine glasses,Toaster,Baking sheet,Dining table,Private entrance,Patio or balcony,Backyard,Free parking on premises,Free street parking,Luggage dropoff allowed,Breakfast",0.0,0.0,48.0,91.0,4.97,5.0,5.0,4.8,25535.0,363.0,0.189,0.697,4.9,69.0,70.0,2065.0,345.2,0.067,los_angeles,42,2087.25,1,1,1,120
10233227,Entire rental unit,entire_home,39.77583,-86.15518,2.0,1,1.0,1.0,1,0,0,0,2,"Stove,Smoke alarm,Air conditioning,First aid kit,Self check-in,Bed linens,Lockbox,Extra pillows and blankets,Microwave,Coffee maker,Refrigerator,Dishes and silverware,Heating,Cooking basics,Oven",0.0,0.0,16.0,180.0,4.92,5.0,4.9,4.9,2964.0,139.7,0.063,0.128,5.8,23.0,8.1,0.0,153.3,0.0,los_angeles,15,267.7583333333333,1,1,1,120
11112869,Entire guest suite,entire_home,39.77232,-86.14511,2.0,1,1.0,1.0,0,0,0,1,1,"Hair dryer,Cleaning products,Shampoo,Conditioner,Body soap,Hot water,Essentials,Hangers,Bed linens,Extra pillows and blankets,Iron,TV,Books and reading material,Board games,Air conditioning,Portable fans,Heating,Smoke alarm,Carbon monoxide alarm,Fire extinguisher,First aid kit,Wifi,Mini fridge,Coffee maker,Private entrance,Free parking on premises,Luggage dropoff allowed,Self check-in,Smart lock",30.0,0.0,19.0,570.0,4.94,5.0,5.0,4.9,18383.0,106.0,0.433,0.433,1.8,158.0,47.4,6013.0,117.7,0.5,los_angeles,29,1395.6666666666667,1,1,1,120
11222837,Entire townhouse,entire_home,39.7727,-86.1319,6.0,2,3.0,1.0,1,0,0,0,22,"Hair dryer,Shampoo,Hot water,Washer,Dryer,Essentials,Hangers,Iron,TV,Air conditioning,Heating,Smoke alarm,Carbon monoxide alarm,Wifi,Kitchen,Refrigerator,Microwave,Cooking basics,Dishes and silverware,Coffee maker,Free parking on premises,Free street parking,Pets allowed,Long term stays allowed,Self check-in,Lockbox",0.0,,15.0,349.0,4.85,4.8,4.8,4.8,18505.0,131.0,0.403,0.507,9.8,147.0,50.7,907.0,136.3,0.067,los_angeles,26,1604.75,1,1,1,120
11672375,Entire guesthouse,entire_home,39.78793,-86.15247,2.0,1,2.0,1.0,1,0,0,1,2,"Hair dryer,Cleaning products,Shampoo,Conditioner,Body soap,Hot water,Shower gel,Essentials,Hangers,Bed linens,Extra pillows and blankets,Room-darkening shades,Iron,Clothing storage,TV,Air conditioning,Ceiling fan,Portable fans,Heating,Smoke alarm,Carbon monoxide alarm,Fire extinguisher,First aid kit,Wifi,Kitchen,Refrigerator,Microwave,Cooking basics,Dishes and silverware,Freezer,Stove,Oven,Hot water kettle,Coffee maker,Wine glasses,Toaster,Baking sheet,Dining table,Coffee,Private entrance,Patio or balcony,Backyard,Outdoor dining area,Free parking on premises,Free street parking,Breakfast,Host greets you",0.0,0.0,5.0,271.0,4.96,5.0,5.0,5.0,5373.0,179.3,0.096,0.096,3.5,35.0,14.7,1180.0,230.2,0.056,los_angeles,47,522.9583333333334,1,1,1,120
11892733,Entire condo,entire_home,39.77452,-86.15964,3.0,1,1.0,1.0,1,0,0,1,2,"Wifi,Bathtub,Hair dryer,Cleaning products,Shampoo,Conditioner,Body soap,Hot water,Washer,Dryer,Essentials,Hangers,Bed linens,Extra pillows and blankets,Room-darkening shades,Iron,Clothing storage,Ethernet connection,TV,Air conditioning,Ceiling fan,Heating,Exterior security cameras on property,Smoke alarm,Wifi,Kitchen,Refrigerator,Microwave,Cooking basics,Dishes and silverware,Freezer,Dishwasher,Stove,Oven,Coffee maker,Wine glasses,Toaster,Baking sheet,Coffee,Elevator,Single level home,Long term stays allowed,Self check-in,Keypad",65.0,0.0,24.0,150.0,4.89,4.9,4.9,4.8,30968.0,168.7,0.447,0.447,2.9,163.0,76.8,6046.0,236.6,0.378,los_angeles,44,2291.508333333333,1,1,1,120
12684789,Entire home,entire_home,39.77059,-86.13456,6.0,3,3.0,2.0,1,0,0,0,2,"Bathtub,Hair dryer,Shampoo,Hot water,Washer,Dryer,Essentials,Hangers,Bed linens,Extra pillows and blankets,Iron,TV,Fireplace guards,Air conditioning,Heating,Exterior security cameras on property,Smoke alarm,Carbon monoxide alarm,Wifi,Dedicated workspace,Kitchen,Refrigerator,Microwave,Cooking basics,Dishes and silverware,Dishwasher,Stove,Oven,Coffee maker,Patio or balcony,Backyard,Free parking on premises,Free street parking,Luggage dropoff allowed,Self check-in,Smart lock",0.0,0.0,19.0,36.0,4.83,4.7,4.8,4.7,16008.0,219.9,0.2,0.212,4.6,73.0,43.9,5325.0,231.7,0.256,los_angeles,36,1337.7250000000001,1,1,1,120
12706996,Entire home,entire_home,39.89038,-86.17441,10.0,5,5.0,3.0,1,0,0,1,2,"Bathtub,Hair dryer,Shampoo,Hot water,Washer,Dryer,Essentials,Hangers,Bed linens,Extra pillows and blankets,Room-darkening shades,Iron,TV,Pack ’n play/Travel crib,High chair,Baby safety gates,Air conditioning,Heating,Exterior security cameras on property,Smoke alarm,Carbon monoxide alarm,Fire extinguisher,First aid kit,Wifi,Kitchen,Refrigerator,Microwave,Cooking basics,Dishes and silverware,Dishwasher,Stove,Oven,Coffee maker,Baking sheet,Barbecue utensils,Patio or balcony,Backyard,BBQ grill,Free parking on premises,Free street parking,Hot tub,Luggage dropoff allowed,Self check-in,Keypad",100.0,0.0,128.0,130.0,4.99,5.0,5.0,4.9,65827.0,402.0,0.419,0.449,3.8,153.0,169.9,15155.0,442.5,0.356,los_angeles,44,5125.5,1,1,1,120
12796690,Entire rental unit,entire_home,39.8156,-86.1494,4.0,1,1.0,1.0,1,0,0,1,2,"Bathtub,Hair dryer,Shampoo,Conditioner,Body soap,Hot water,Washer,Dryer,Essentials,Hangers,Bed linens,Extra pillows and blankets,Iron,Drying rack for clothing,Clothing storage,TV,Books and reading material,Air conditioning,Heating,Smoke alarm,Carbon monoxide alarm,Fire extinguisher,First aid kit,Wifi,Pocket wifi,Kitchen,Refrigerator,Microwave,Cooking basics,Dishes and silverware,Freezer,Stove,Oven,Hot water kettle,Coffee maker,Wine glasses,Toaster,Baking sheet,Blender,Dining table,Coffee,Private entrance,Patio or balcony,Free street parking,Long term stays allowed,Self check-in,Smart lock",0.0,0.0,23.0,496.0,4.78,4.8,4.5,4.8,13986.0,97.0,0.381,0.394,2.5,139.0,38.3,4309.0,104.5,0.456,los_angeles,47,1123.5833333333333,1,1,1,120
12867970,Entire home,entire_home,39.89302,-86.28821,8.0,6,11.0,5.5,0,0,0,0,2,"Pool view,Hair dryer,Shampoo,Hot water,Washer,Dryer,Essentials,Hangers,Iron,TV,High chair,Air conditioning,Indoor fireplace,Heating,Smoke alarm,Fire extinguisher,First aid kit,Wifi,Kitchen,Refrigerator,Patio or balcony,Backyard,Fire pit,Outdoor furniture,Outdoor dining area,BBQ grill,Free parking on premises,Free street parking,Pool,Host greets you",165.0,0.0,13.0,2.0,4.9,,,,21243.0,1737.8,0.033,0.033,6.0,12.0,57.3,10617.0,1720.4,0.067,los_angeles,30,1737.8,1,1,1,120
13063427,Entire bungalow,entire_home,39.83697,-86.14605,3.0,1,1.0,1.0,1,0,0,0,2,"Shampoo,Washer,Dryer,Essentials,Bed linens,Extra pillows and blankets,TV,Exercise equipment,Air conditioning,Indoor fireplace,Heating,Exterior security cameras on property,Smoke alarm,Wifi,Kitchen,Refrigerator,Dishes and silverware,Coffee maker,Patio or balcony,Outdoor furniture,Outdoor dining area,BBQ grill,Free parking on premises",75.0,0.0,8.0,82.0,4.94,4.9,4.9,5.0,8448.0,353.5,0.049,0.067,6.0,18.0,22.7,8448.0,462.3,0.2,los_angeles,23,530.25,1,1,1,120
13089851,Entire bungalow,entire_home,39.84917,-86.14173,4.0,2,2.0,2.0,1,0,0,1,2,"Bathtub,Hair dryer,Cleaning products,Shampoo,Conditioner,Body soap,Hot water,Shower gel,Washer,Dryer,Essentials,Hangers,Bed linens,Extra pillows and blankets,Room-darkening shades,Iron,Clothing storage,Ethernet connection,TV,Books and reading material,Pack ’n play/Travel crib,Children’s books and toys,High chair,Children’s dinnerware,Board games,Baby safety gates,Children's playroom,Air conditioning,Indoor fireplace,Ceiling fan,Portable fans,Heating,Exterior security cameras on property,Smoke alarm,Carbon monoxide alarm,Fire extinguisher,First aid kit,Wifi,Dedicated workspace,Kitchen,Refrigerator,Microwave,Cooking basics,Dishes and silverware,Freezer,Dishwasher,Stove,Oven,Hot water kettle,Coffee maker,Wine glasses,Toaster,Baking sheet,Blender,Barbecue utensils,Dining table,Coffee,Private entrance,Laundromat nearby,Patio or balcony,Backyard,Fire pit,Outdoor furniture,Outdoor dining area,BBQ grill,Free parking on premises,Free street parking,Luggage dropoff allowed,Long term stays allowed,Self check-in,Keypad,Cleaning before checkout",60.0,0.0,59.0,429.0,4.96,5.0,5.0,4.9,28606.0,188.2,0.378,0.388,2.8,138.0,72.6,10960.0,197.9,0.578,los_angeles,72,2164.2999999999997,1,1,1,120
13167570,Entire bungalow,entire_home,39.8407,-86.1652,6.0,2,3.0,1.0,1,0,0,1,1,"Bathtub,Hair dryer,Cleaning products,Shampoo,Conditioner,Body soap,Hot water,Shower gel,Washer,Dryer,Essentials,Hangers,Bed linens,Extra pillows and blankets,Room-darkening shades,Iron,Clothing storage,TV,Books and reading material,Board games,Air conditioning,Ceiling fan,Heating,Smoke alarm,Carbon monoxide alarm,Fire extinguisher,First aid kit,Wifi,Dedicated workspace,Kitchen,Refrigerator,Microwave,Cooking basics,Dishes and silverware,Freezer,Dishwasher,Stove,Oven,Hot water kettle,Coffee maker,Wine glasses,Toaster,Baking sheet,Dining table,Coffee,Private entrance,Free parking on premises,Free street parking,Single level home,Long term stays allowed,Self check-in,Smart lock",30.0,0.0,18.0,684.0,4.81,4.8,4.9,4.8,24307.0,115.2,0.532,0.532,1.9,194.0,63.1,7149.0,146.3,0.522,los_angeles,52,1862.3999999999999,1,1,1,120
13200622,Entire home,entire_home,39.6612,-86.2928,8.0,4,5.0,2.0,1,0,0,1,3,"Bathtub,Hair dryer,Cleaning products,Shampoo,Body soap,Hot water,Shower gel,Washer,Dryer,Essentials,Hangers,Bed linens,Iron,Clothing storage,Ethernet connection,TV,Piano,Exercise equipment,Children’s books and toys,Air conditioning,Indoor fireplace,Ceiling fan,Heating,Smoke alarm,Carbon monoxide alarm,Fire extinguisher,First aid kit,Wifi,Kitchen,Refrigerator,Microwave,Cooking basics,Dishes and silverware,Dishwasher,Stove,Oven,Hot water kettle,Coffee maker,Toaster,Baking sheet,Barbecue utensils,Dining table,Coffee,Private entrance,Patio or balcony,Backyard,Fire pit,Outdoor furniture,Hammock,Outdoor dining area,BBQ grill,Free parking on premises,Single level home,Self check-in,Lockbox",176.0,0.0,37.0,20.0,4.95,5.0,4.9,4.9,13379.0,522.9,0.085,0.09,15.5,31.0,35.7,11745.0,431.8,0.3,los_angeles,55,1350.825,1,1,1,120
13732079,Entire home,entire_home,39.79406,-86.14336,6.0,2,4.0,1.5,1,0,0,1,2,"Bathtub,Hair dryer,Cleaning products,Shampoo,Conditioner,Body soap,Hot water,Shower gel,Essentials,Hangers,Bed linens,Extra pillows and blankets,Iron,Drying rack for clothing,TV,Air conditioning,Air conditioning,Ceiling fan,Heating,Exterior security cameras on property,Smoke alarm,Carbon monoxide alarm,Fire extinguisher,First aid kit,Wifi,Dedicated workspace,Kitchen,Refrigerator,Microwave,Cooking basics,Dishes and silverware,Freezer,Dishwasher,Stove,Oven,Hot water kettle,Coffee maker,Wine glasses,Toaster,Baking sheet,Blender,Trash compactor,Coffee,Private entrance,Patio or balcony,Backyard,Outdoor furniture,Hammock,Free parking on premises,Free street parking,Long term stays allowed,Self check-in,Keypad",94.0,0.0,47.0,147.0,4.9,5.0,4.9,4.9,17299.0,198.1,0.214,0.234,3.5,78.0,43.3,2087.0,176.0,0.111,los_angeles,53,1287.6499999999999,1,1,1,120
13811624,Entire home,entire_home,39.75756,-86.15919,14.0,5,15.0,2.0,1,0,0,0,2,"TV,Cable TV,Wifi,Air conditioning,Kitchen,Board games,Free parking on premises,Hot water kettle,Books and reading material,Portable fans,Conditioner,Free street parking,Cleaning products,Heating,Coffee,Clothing storage,Wine glasses,Washer,Dryer,Smoke alarm,Carbon monoxide alarm,First aid kit,Fire extinguisher,Essentials,Shampoo,Lock on bedroom door,Hangers,Hair dryer,Iron,Dedicated workspace,Self check-in,Freezer,Keypad,Private entrance,Bathtub,Blender,Game console,Hot water,Body soap,Bed linens,Extra pillows and blankets,Microwave,Coffee maker,Refrigerator,Piano,Dishes and silverware,Cooking basics,Oven,Stove,Shower gel,Patio or balcony,Dining table,Baking sheet,Toaster",0.0,0.0,74.0,72.0,4.92,4.8,4.9,4.8,32195.0,547.1,0.145,0.145,4.8,53.0,88.2,0.0,562.7,0.0,los_angeles,54,2416.3583333333336,1,1,1,120
13865662,Entire bungalow,entire_home,39.8403,-86.1647,7.0,2,3.0,1.0,1,0,0,1,1,"Bathtub,Hair dryer,Cleaning products,Shampoo,Conditioner,Body soap,Hot water,Shower gel,Washer,Dryer,Essentials,Hangers,Bed linens,Extra pillows and blankets,Room-darkening shades,Iron,Clothing storage,TV,Books and reading material,Pack ’n play/Travel crib,Board games,Air conditioning,Ceiling fan,Heating,Smoke alarm,Carbon monoxide alarm,Fire extinguisher,First aid kit,Wifi,Dedicated workspace,Kitchen,Refrigerator,Microwave,Cooking basics,Dishes and silverware,Freezer,Dishwasher,Stove,Oven,Hot water kettle,Coffee maker,Wine glasses,Toaster,Baking sheet,Dining table,Private entrance,Patio or balcony,Backyard,Outdoor furniture,Free parking on premises,Free street parking,Single level home,Long term stays allowed,Self check-in,Lockbox",30.0,0.0,13.0,744.0,4.79,4.8,4.9,4.8,21060.0,115.6,0.468,0.491,1.6,171.0,54.7,4997.0,149.8,0.333,los_angeles,55,1647.3,1,1,1,120
13890550,Entire rental unit,entire_home,39.8648,-86.1456,4.0,2,2.0,1.0,0,0,0,1,2,"Hair dryer,Cleaning products,Shampoo,Conditioner,Body soap,Hot water,Shower gel,Washer,Dryer,Essentials,Hangers,Bed linens,Extra pillows and blankets,Room-darkening shades,Iron,Drying rack for clothing,Clothing storage,Ethernet connection,TV,Sound system,Books and reading material,Board games,Air conditioning,Portable fans,Heating,Smoke alarm,Carbon monoxide alarm,Fire extinguisher,First aid kit,Wifi,Kitchen,Refrigerator,Microwave,Cooking basics,Dishes and silverware,Freezer,Stove,Coffee maker,Wine glasses,Toaster,Barbecue utensils,Dining table,Coffee,Private entrance,Laundromat nearby,Patio or balcony,Backyard,Fire pit,Outdoor furniture,Outdoor dining area,BBQ grill,Bikes,Free parking on premises,Luggage dropoff allowed,Long term stays allowed,Self check-in,Keypad",25.0,20.0,25.0,119.0,4.89,4.9,4.9,4.8,7251.0,144.9,0.129,0.191,2.8,47.0,18.9,5266.0,142.9,0.389,los_angeles,57,567.525,1,1,1,120
14164234,Entire guesthouse,entire_home,39.75684,-86.14001,2.0,1,1.0,1.0,1,0,0,1,2,"Hair dryer,Shampoo,Hot water,Essentials,Hangers,Bed linens,Iron,TV,Air conditioning,Heating,Smoke alarm,Wifi,Kitchen,Refrigerator,Microwave,Cooking basics,Dishes and silverware,Dishwasher,Stove,Oven,Coffee maker,Wine glasses,Toaster,Free street parking,Self check-in,Smart lock",21.0,0.0,5.0,326.0,4.92,4.9,4.9,4.9,25241.0,97.8,0.658,0.665,4.1,240.0,66.0,7265.0,111.1,0.678,los_angeles,26,1956.0,1,1,1,120
14246699,Entire loft,entire_home,39.7641,-86.1577,8.0,2,3.0,2.0,1,0,1,1,2,"Bathtub,Hair dryer,Cleaning products,Shampoo,Conditioner,Body soap,Hot water,Shower gel,Washer,Dryer,Essentials,Hangers,Bed linens,Room-darkening shades,Iron,Drying rack for clothing,Clothing storage,TV,Pool table,Air conditioning,Ceiling fan,Heating,Noise decibel monitors on property,Exterior security cameras on property,Smoke alarm,Carbon monoxide alarm,Fire extinguisher,First aid kit,Wifi,Dedicated workspace,Kitchen,Refrigerator,Microwave,Cooking basics,Dishes and silverware,Freezer,Dishwasher,Stove,Oven,Coffee maker,Wine glasses,Toaster,Baking sheet,Blender,Dining table,Coffee,Free parking on premises,Elevator,Paid parking off premises,Luggage dropoff allowed,Long term stays allowed,Self check-in,Smart lock",105.0,0.0,34.0,498.0,4.86,4.7,4.9,4.8,101153.0,382.4,0.638,0.638,2.6,233.0,254.4,31203.0,579.7,0.511,los_angeles,53,7424.933333333333,1,1,1,120
14249783,Entire townhouse,entire_home,39.76885,-86.15437,8.0,4,4.0,5.0,1,1,0,0,2,"TV,Cable TV,Wifi,Air conditioning,Kitchen,Paid parking off premises,Pets allowed,Hot water,Gym,Elevator,Bed linens,Extra pillows and blankets,Outdoor furniture,Microwave,Coffee maker,Refrigerator,Dishwasher,Dishes and silverware,Heating,Cooking basics,Oven,Stove,Washer,Dryer,Smoke alarm,BBQ grill,Shower gel,Carbon monoxide alarm,Patio or balcony,First aid kit,Fire extinguisher,Luggage dropoff allowed,Essentials,Long term stays allowed,Shampoo,Lock on bedroom door,Hangers,Hair dryer,Iron,Self check-in,Outdoor dining area,Lockbox,Private living room,Private entrance",200.0,0.0,37.0,57.0,5.0,4.9,5.0,4.9,34120.0,1313.1,0.066,0.066,3.4,24.0,89.6,10358.0,1348.3,0.078,los_angeles,44,2626.2,1,1,1,120
14365406,Entire home,entire_home,39.6908,-86.1731,3.0,1,1.0,1.0,1,0,0,0,28,"Hair dryer,Cleaning products,Shampoo,Conditioner,Body soap,Hot water,Shower gel,Essentials,Hangers,Bed linens,Extra pillows and blankets,Iron,Clothing storage,TV,Pack ’n play/Travel crib,Children’s books and toys,High chair,Children’s dinnerware,Outlet covers,Air conditioning,Portable fans,Heating,Smoke alarm,Fire extinguisher,First aid kit,Wifi,Dedicated workspace,Kitchen,Refrigerator,Microwave,Cooking basics,Dishes and silverware,Freezer,Stove,Oven,Coffee maker,Wine glasses,Toaster,Baking sheet,Dining table,Private entrance,Laundromat nearby,Backyard,BBQ grill,Free parking on premises,Single level home,Luggage dropoff allowed,Long term stays allowed,Self check-in,Keypad",1393.0,,30.0,75.0,4.77,4.7,4.9,4.8,2281.0,56.8,0.11,0.197,20.0,40.0,6.2,0.0,60.5,0.0,los_angeles,50,189.33333333333334,1,1,1,120
14368691,Entire bungalow,entire_home,39.8648,-86.1326,6.0,3,3.0,1.5,0,0,0,1,2,"Bathtub,Hair dryer,Shampoo,Hot water,Washer,Dryer,Essentials,Hangers,Bed linens,Extra pillows and blankets,Iron,Ethernet connection,TV,Crib,Pack ’n play/Travel crib,High chair,Children’s dinnerware,Fireplace guards,Air conditioning,Indoor fireplace,Heating,Exterior security cameras on property,Smoke alarm,Carbon monoxide alarm,Fire extinguisher,First aid kit,Wifi,Dedicated workspace,Kitchen,Refrigerator,Microwave,Cooking basics,Dishes and silverware,Dishwasher,Stove,Oven,Coffee maker,Patio or balcony,Backyard,Fire pit,Outdoor furniture,Outdoor dining area,BBQ grill,Free parking on premises,Free street parking,Long term stays allowed,Self check-in,Keypad",300.0,0.0,55.0,,4.9,,,,19037.0,453.2,0.096,0.096,3.5,35.0,43.9,10272.0,459.1,0.211,los_angeles,48,1321.8333333333333,1,1,1,120
14653482,Entire townhouse,entire_home,39.78025,-86.14686,4.0,2,2.0,2.0,0,0,0,1,2,"Bathtub,Hair dryer,Shampoo,Body soap,Hot water,Washer,Dryer,Essentials,Hangers,Bed linens,Extra pillows and blankets,Room-darkening shades,Clothing storage,TV,Air conditioning,Ceiling fan,Heating,Smoke alarm,Carbon monoxide alarm,Fire extinguisher,First aid kit,Wifi,Dedicated workspace,Kitchen,Refrigerator,Microwave,Cooking basics,Dishes and silverware,Freezer,Dishwasher,Stove,Oven,Coffee maker,Wine glasses,Toaster,Baking sheet,Barbecue utensils,Dining table,Private entrance,Patio or balcony,Backyard,Free parking on premises,Single level home,Long term stays allowed,Host greets you",65.0,0.0,40.0,21.0,4.9,5.0,4.9,4.6,21354.0,393.1,0.142,0.142,1.9,52.0,56.4,6832.0,372.4,0.189,los_angeles,45,1703.4333333333334,1,1,1,120
15524228,Entire rental unit,entire_home,39.78992,-86.15297,6.0,1,1.0,1.0,0,1,0,0,1,"Bathtub,Hair dryer,Shampoo,Hot water,Washer,Dryer,Essentials,Hangers,Bed linens,Extra pillows and blankets,Iron,TV,Air conditioning,Heating,Smoke alarm,Carbon monoxide alarm,Fire extinguisher,First aid kit,Wifi,Kitchen,Refrigerator,Microwave,Cooking basics,Dishes and silverware,Dishwasher,Stove,Oven,Coffee maker,Private entrance,Free parking on premises,Free street parking,Pets allowed,Long term stays allowed,Self check-in,Lockbox,Cleaning before checkout",75.0,0.0,5.0,95.0,4.6,4.7,4.8,4.4,6876.0,144.5,0.107,0.107,2.6,39.0,16.6,2415.0,142.2,0.156,los_angeles,36,469.625,1,1,1,120
15565214,Entire rental unit,entire_home,39.7762,-86.1545,4.0,1,2.0,1.0,1,0,0,1,1,"Hair dryer,Cleaning products,Shampoo,Conditioner,Body soap,Hot water,Shower gel,Essentials,Hangers,Bed linens,Extra pillows and blankets,Iron,Safe,Clothing storage,Ethernet connection,TV,Air conditioning,Heating,Smoke alarm,Carbon monoxide alarm,Fire extinguisher,First aid kit,Wifi,Dedicated workspace,Kitchen,Refrigerator,Microwave,Cooking basics,Dishes and silverware,Mini fridge,Freezer,Coffee maker,Wine glasses,Toaster,Blender,Dining table,Coffee,Private entrance,Laundromat nearby,Free parking on premises,Single level home,Long term stays allowed,Self check-in,Smart lock,Cleaning before checkout",65.0,0.0,25.0,819.0,4.91,4.9,4.9,4.8,30642.0,143.9,0.482,0.484,1.8,176.0,75.8,8494.0,172.0,0.467,los_angeles,45,2110.5333333333333,1,1,1,120
15566361,Entire rental unit,entire_home,39.7763,-86.1544,4.0,1,2.0,1.0,1,0,0,1,1,"Hair dryer,Cleaning products,Shampoo,Conditioner,Body soap,Hot water,Shower gel,Essentials,Hangers,Bed linens,Extra pillows and blankets,Iron,Safe,Clothing storage,Ethernet connection,TV,Air conditioning,Heating,Smoke alarm,Carbon monoxide alarm,Fire extinguisher,First aid kit,Wifi,Dedicated workspace,Kitchen,Refrigerator,Microwave,Cooking basics,Dishes and silverware,Mini fridge,Freezer,Coffee maker,Wine glasses,Toaster,Blender,Dining table,Coffee,Private entrance,Free parking on premises,Long term stays allowed,Self check-in,Keypad,Cleaning before checkout",65.0,0.0,21.0,921.0,4.96,5.0,4.9,4.9,31086.0,138.4,0.515,0.54,1.9,188.0,76.6,7781.0,165.2,0.433,los_angeles,43,2168.266666666667,1,1,1,120
15827986,Entire home,entire_home,39.90481,-86.02297,4.0,1,1.0,1.0,1,0,0,1,1,"Hair dryer,Cleaning products,Shampoo,Conditioner,Body soap,Hot water,Shower gel,Hangers,Bed linens,Extra pillows and blankets,Iron,Clothing storage,TV,Sound system,Exercise equipment,Theme room,Life size games,Pack ’n play/Travel crib,Children’s books and toys,Children’s dinnerware,Board games,Air conditioning,Air conditioning,Portable fans,Heating,Heating,Heating,Exterior security cameras on property,Smoke alarm,Carbon monoxide alarm,Fire extinguisher,First aid kit,Wifi,Dedicated workspace,Kitchen,Refrigerator,Microwave,Cooking basics,Dishes and silverware,Mini fridge,Freezer,Coffee maker,Wine glasses,Toaster,Barbecue utensils,Dining table,Coffee,Private entrance,Laundromat nearby,Patio or balcony,Backyard,Fire pit,Outdoor furniture,Outdoor dining area,BBQ grill,Free parking on premises,Free street parking,Single level home,Luggage dropoff allowed,Breakfast,Long term stays allowed,Self check-in,Keypad",15.0,0.0,33.0,1107.0,4.92,5.0,4.9,4.9,13298.0,87.1,0.397,0.425,1.6,145.0,35.1,2969.0,98.2,0.311,los_angeles,63,1052.4583333333333,1,1,1,120
16421917,Entire guesthouse,entire_home,39.85247,-86.15144,3.0,1,1.0,1.0,1,0,0,1,1,"Hair dryer,Shampoo,Essentials,Hangers,Bed linens,Room-darkening shades,TV,Pack ’n play/Travel crib,Children’s books and toys,Air conditioning,Ceiling fan,Heating,Smoke alarm,Wifi,Dedicated workspace,Refrigerator,Microwave,Dishes and silverware,Mini fridge,Coffee maker,Private entrance,Backyard,Free parking on premises,Free street parking,Luggage dropoff allowed,Self check-in,Lockbox",40.0,0.0,11.0,99.0,5.0,5.0,5.0,4.9,30236.0,129.5,0.608,0.728,8.9,222.0,80.1,6049.0,134.8,0.456,los_angeles,27,2395.75,1,1,1,120
16635509,Entire home,entire_home,39.76838,-86.08749,12.0,5,7.0,2.5,1,0,0,0,2,"Bathtub,Hair dryer,Cleaning products,Shampoo,Conditioner,Body soap,Bidet,Hot water,Shower gel,Washer,Dryer,Essentials,Hangers,Bed linens,Extra pillows and blankets,Room-darkening shades,Iron,Clothing storage,TV,Record player,Books and reading material,Children’s books and toys,Children’s dinnerware,Fireplace guards,Board games,Baby safety gates,Children's playroom,Air conditioning,Portable fans,Heating,Exterior security cameras on property,Smoke alarm,Carbon monoxide alarm,Fire extinguisher,First aid kit,Wifi,Dedicated workspace,Kitchen,Refrigerator,Microwave,Cooking basics,Dishes and silverware,Freezer,Dishwasher,Stove,Oven,Coffee maker,Wine glasses,Toaster,Baking sheet,Blender,Barbecue utensils,Dining table,Coffee,Private entrance,Laundromat nearby,Patio or balcony,Backyard,Outdoor furniture,Hammock,Outdoor dining area,Free parking on premises,Free street parking,Pets allowed,Luggage dropoff allowed,Self check-in,Lockbox",221.0,0.0,42.0,44.0,4.75,4.8,4.5,4.7,47721.0,333.5,0.353,0.412,4.4,129.0,118.0,11191.0,312.3,0.389,los_angeles,67,3585.125,1,1,1,120
16636593,Entire cottage,entire_home,39.91781,-86.16586,4.0,1,2.0,1.0,1,0,0,1,2,"Garden view,Hair dryer,Cleaning products,Shampoo,Conditioner,Body soap,Hot water,Shower gel,Essentials,Hangers,Bed linens,Extra pillows and blankets,Room-darkening shades,Iron,Drying rack for clothing,Clothing storage,TV,Sound system,Books and reading material,Pack ’n play/Travel crib,Children’s books and toys,High chair,Children’s dinnerware,Baby monitor,Babysitter recommendations,Air conditioning,Ceiling fan,Portable fans,Heating,Heating,Exterior security cameras on property,Smoke alarm,Carbon monoxide alarm,Fire extinguisher,First aid kit,Wifi,Dedicated workspace,Refrigerator,Microwave,Cooking basics,Dishes and silverware,Mini fridge,Hot water kettle,Coffee maker,Wine glasses,Toaster,Blender,Rice maker,Barbecue utensils,Dining table,Coffee,Private entrance,Laundromat nearby,Patio or balcony,Backyard,Outdoor furniture,Outdoor dining area,BBQ grill,Free parking on premises,Free street parking,Paid parking on premises,Single level home,Pets allowed,Luggage dropoff allowed,Long term stays allowed,Self check-in,Smart lock,Cleaning before checkout",50.0,0.0,5.0,81.0,4.96,4.9,5.0,4.8,30981.0,180.4,0.427,0.435,2.9,156.0,78.2,9103.0,195.1,0.489,los_angeles,68,2345.2000000000003,1,1,1,120
17012927,Entire home,entire_home,39.75044,-86.14632,6.0,3,3.0,2.0,1,0,0,1,2,"Bathtub,Hair dryer,Cleaning products,Shampoo,Conditioner,Body soap,Bidet,Hot water,Washer,Dryer,Essentials,Hangers,Bed linens,Extra pillows and blankets,Iron,Clothing storage,TV,Air conditioning,Ceiling fan,Heating,Exterior security cameras on property,Smoke alarm,Fire extinguisher,First aid kit,Wifi,Dedicated workspace,Kitchen,Refrigerator,Microwave,Cooking basics,Dishes and silverware,Freezer,Dishwasher,Stove,Oven,Coffee maker,Toaster,Baking sheet,Dining table,Coffee,Private entrance,Patio or balcony,Backyard,BBQ grill,Free parking on premises,Free street parking,Single level home,Long term stays allowed,Self check-in,Keypad",75.0,0.0,32.0,72.0,5.0,5.0,4.7,4.9,38146.0,259.8,0.419,0.447,3.6,153.0,100.4,1582.0,349.1,0.056,los_angeles,50,3312.4500000000003,1,1,1,120
17136434,Entire home,entire_home,39.67032,-86.13091,4.0,2,2.0,1.0,0,0,0,1,3,"Hair dryer,Hot water,Essentials,Iron,TV,Air conditioning,Indoor fireplace,Heating,Exterior security cameras on property,Smoke alarm,Carbon monoxide alarm,Fire extinguisher,First aid kit,Wifi,Kitchen,Refrigerator,Microwave,Cooking basics,Dishes and silverware,Dishwasher,Stove,Oven,Coffee maker,Patio or balcony,Backyard,BBQ grill,Free parking on premises,Single level home,Luggage dropoff allowed,Self check-in,Keypad",126.0,0.0,19.0,38.0,4.92,5.0,5.0,4.8,13701.0,185.9,0.189,0.189,4.6,69.0,34.1,5661.0,168.7,0.333,los_angeles,31,1068.925,1,1,1,120
17282109,Entire home,entire_home,39.75538,-86.16447,16.0,6,13.0,3.0,0,0,0,0,3,"TV,Cable TV,Wifi,Air conditioning,Kitchen,Free parking on premises,Hot water,Bed linens,Microwave,Coffee maker,Refrigerator,Dishwasher,Dishes and silverware,Heating,Cooking basics,Oven,Stove,Washer,Dryer,Smoke alarm,First aid kit,Fire extinguisher,Essentials,Long term stays allowed,Lock on bedroom door,Hangers,Hair dryer,Iron,Baking sheet,Self check-in,Lockbox",300.0,0.0,31.0,49.0,4.67,4.5,4.7,4.6,29163.0,545.6,0.126,0.126,3.3,46.0,68.4,4113.0,495.1,0.078,los_angeles,31,2091.4666666666667,1,1,1,120
17314065,Entire home,entire_home,39.77112,-86.14468,16.0,6,13.0,4.5,0,1,0,0,3,"Hair dryer,Hot water,Washer,Dryer,Essentials,Hangers,TV,Children’s books and toys,Air conditioning,Heating,Exterior security cameras on property,Smoke alarm,Fire extinguisher,First aid kit,Wifi,Dedicated workspace,Kitchen,Microwave,Dishes and silverware,Coffee maker,Free parking on premises,Free street parking,Long term stays allowed,Self check-in,Lockbox",350.0,0.0,26.0,89.0,4.81,4.7,4.7,4.8,87123.0,627.4,0.334,0.334,3.8,122.0,208.0,27224.0,654.8,0.4,los_angeles,25,6378.566666666667,1,1,1,120
17358588,Entire rental unit,entire_home,39.77341,-86.13118,2.0,1,1.0,1.0,1,0,0,1,1,"Bathtub,Hair dryer,Cleaning products,Shampoo,Conditioner,Body soap,Hot water,Washer,Dryer,Essentials,Hangers,Bed linens,Extra pillows and blankets,Iron,Clothing storage,TV,Air conditioning,Ceiling fan,Portable fans,Heating,Heating,Smoke alarm,Carbon monoxide alarm,Fire extinguisher,First aid kit,Wifi,Kitchen,Refrigerator,Microwave,Cooking basics,Dishes and silverware,Freezer,Dishwasher,Stove,Oven,Hot water kettle,Coffee maker,Wine glasses,Toaster,Baking sheet,Dining table,Coffee,Private entrance,Backyard,Outdoor furniture,Free street parking,Pets allowed,Luggage dropoff allowed,Long term stays allowed,Self check-in,Lockbox",0.0,0.0,24.0,1044.0,4.95,4.9,4.8,4.9,20858.0,115.4,0.477,0.51,1.5,174.0,57.1,4383.0,127.6,0.311,los_angeles,51,1673.3000000000002,1,1,1,120
17671208,Entire guest suite,entire_home,39.75112,-86.1524,3.0,1,1.0,1.0,1,1,0,0,1,"Bathtub,Hair dryer,Shampoo,Conditioner,Body soap,Hot water,Shower gel,Essentials,Hangers,Bed linens,Extra pillows and blankets,Iron,TV,Air conditioning,Portable fans,Heating,Smoke alarm,Carbon monoxide alarm,Fire extinguisher,First aid kit,Wifi,Kitchen,Refrigerator,Microwave,Cooking basics,Dishes and silverware,Freezer,Hot water kettle,Coffee maker,Wine glasses,Dining table,Coffee,Private entrance,Free parking on premises,Free street parking,Pets allowed,Long term stays allowed,Self check-in,Lockbox",0.0,0.0,9.0,1064.0,4.84,4.9,4.7,4.8,19333.0,100.0,0.512,0.536,1.5,187.0,53.0,5766.0,109.3,0.578,los_angeles,39,1558.3333333333333,1,1,1,120
17749700,Entire guesthouse,entire_home,39.82016,-86.1508,2.0,1,1.0,1.0,0,0,0,0,2,"Hair dryer,Shampoo,Hot water,Essentials,Hangers,Iron,TV,Air conditioning,Heating,Smoke alarm,Fire extinguisher,First aid kit,Wifi,Kitchen,Refrigerator,Microwave,Cooking basics,Dishes and silverware,Stove,Oven,Coffee maker,Patio or balcony,Backyard,BBQ grill,Free parking on premises,Free street parking,Pool,Hot tub,Luggage dropoff allowed,Long term stays allowed",51.0,0.0,25.0,54.0,4.81,4.9,4.8,4.8,4444.0,177.4,0.06,0.06,2.2,22.0,10.8,3234.0,176.9,0.178,los_angeles,30,325.23333333333335,1,1,1,120
17960227,Tiny home,entire_home,39.84969,-86.17187,2.0,1,1.0,1.0,1,0,0,1,1,"Bathtub,Hair dryer,Cleaning products,Shampoo,Conditioner,Body soap,Hot water,Essentials,Hangers,Bed linens,Extra pillows and blankets,Air conditioning,Heating,Smoke alarm,Carbon monoxide alarm,Fire extinguisher,Wifi,Kitchen,Refrigerator,Cooking basics,Dishes and silverware,Stove,Oven,Coffee maker,Backyard,Fire pit,Outdoor furniture,Outdoor dining area,BBQ grill,Bikes,Free parking on premises,Long term stays allowed,Self check-in,Lockbox",0.0,0.0,13.0,382.0,4.87,4.9,4.9,4.8,16592.0,94.3,0.479,0.653,2.2,175.0,45.5,4763.0,109.3,0.478,los_angeles,34,1375.2083333333333,1,1,1,120
18252153,Entire home,entire_home,39.8805,-86.22464,6.0,3,4.0,2.5,0,0,0,1,3,"Bathtub,Hair dryer,Shampoo,Conditioner,Body soap,Hot water,Shower gel,Washer,Dryer,Essentials,Hangers,Bed linens,Extra pillows and blankets,Iron,Drying rack for clothing,Clothing storage,TV,Books and reading material,Pack ’n play/Travel crib,Children’s books and toys,High chair,Children's playroom,Air conditioning,Heating,Exterior security cameras on property,Smoke alarm,Carbon monoxide alarm,Fire extinguisher,First aid kit,Wifi,Dedicated workspace,Kitchen,Refrigerator,Microwave,Cooking basics,Dishes and silverware,Freezer,Dishwasher,Stove,Oven,Hot water kettle,Coffee maker,Wine glasses,Toaster,Baking sheet,Dining table,Coffee,Private entrance,Patio or balcony,Backyard,Outdoor furniture,Outdoor dining area,BBQ grill,Free parking on premises,Single level home,Long term stays allowed,Self check-in,Keypad",75.0,0.0,20.0,140.0,4.87,4.9,4.8,4.8,24146.0,197.1,0.301,0.308,4.1,110.0,61.8,12488.0,238.2,0.544,los_angeles,58,1806.75,1,1,1,120
18260553,Entire home,entire_home,39.82799,-86.34232,6.0,3,5.0,1.0,0,0,0,1,2,"Bathtub,Hair dryer,Shampoo,Hot water,Washer,Dryer,Essentials,Hangers,Bed linens,Extra pillows and blankets,Iron,TV,Air conditioning,Heating,Exterior security cameras on property,Smoke alarm,Carbon monoxide alarm,Fire extinguisher,Wifi,Kitchen,Refrigerator,Microwave,Cooking basics,Dishes and silverware,Dishwasher,Stove,Oven,Coffee maker,Private entrance,Patio or balcony,Backyard,BBQ grill,Free parking on premises,Self check-in,Smart lock",90.0,0.0,21.0,294.0,4.9,4.8,4.9,4.9,31523.0,124.0,0.6,0.702,4.7,219.0,76.5,3919.0,119.8,0.3,los_angeles,35,2263.0,1,1,1,120
18346681,Entire home,entire_home,39.8685,-86.14275,2.0,1,1.0,1.0,1,0,0,1,2,"Bathtub,Hair dryer,Cleaning products,Shampoo,Conditioner,Body soap,Hot water,Washer,Dryer,Essentials,Hangers,Bed linens,Extra pillows and blankets,Room-darkening shades,Iron,Drying rack for clothing,Clothing storage,TV,Books and reading material,High chair,Air conditioning,Ceiling fan,Heating,Smoke alarm,Carbon monoxide alarm,Fire extinguisher,First aid kit,Wifi,Kitchen,Refrigerator,Microwave,Cooking basics,Dishes and silverware,Freezer,Stove,Oven,Hot water kettle,Coffee maker,Wine glasses,Toaster,Blender,Barbecue utensils,Dining table,Coffee,Private entrance,Laundromat nearby,Patio or balcony,Backyard,Outdoor furniture,Outdoor dining area,BBQ grill,Free parking on premises,Free street parking,Pets allowed,Luggage dropoff allowed,Long term stays allowed,Self check-in,Keypad",35.0,0.0,16.0,341.0,4.87,4.7,5.0,4.9,34713.0,119.2,0.751,0.757,5.7,274.0,90.8,10649.0,143.4,0.767,los_angeles,58,2721.733333333333,1,1,1,120
18534898,Entire home,entire_home,39.73007,-86.14393,2.0,2,2.0,1.0,1,0,0,0,16,"Hair dryer,Shampoo,Hot water,Washer,Dryer,Essentials,Hangers,Bed linens,Iron,TV,Air conditioning,Heating,Smoke alarm,Carbon monoxide alarm,Fire extinguisher,First aid kit,Wifi,Kitchen,Refrigerator,Microwave,Cooking basics,Dishes and silverware,Stove,Oven,Coffee maker,Private entrance,Patio or balcony,Backyard,BBQ grill,Free parking on premises,Free street parking,Single level home,Pets allowed,Luggage dropoff allowed,Long term stays allowed,Self check-in,Keypad",0.0,,46.0,66.0,4.85,4.8,4.8,4.8,12119.0,83.2,0.411,0.625,30.0,150.0,33.2,0.0,88.5,0.0,los_angeles,37,1040.0,1,1,1,120
18629824,Entire rental unit,entire_home,39.77758,-86.15581,5.0,2,3.0,1.5,1,0,0,1,2,"Bathtub,Hair dryer,Shampoo,Hot water,Washer,Dryer,Essentials,Hangers,Bed linens,Extra pillows and blankets,Iron,TV,Exercise equipment,Air conditioning,Heating,Smoke alarm,Carbon monoxide alarm,Fire extinguisher,Wifi,Kitchen,Refrigerator,Microwave,Cooking basics,Dishes and silverware,Dishwasher,Stove,Oven,Coffee maker,Patio or balcony,Free parking on premises,Free street parking,Gym,Pets allowed,Long term stays allowed,Self check-in,Lockbox",100.0,0.0,51.0,176.0,4.92,5.0,4.8,4.9,19399.0,196.4,0.225,0.245,2.9,82.0,46.8,7325.0,239.6,0.289,los_angeles,36,1342.0666666666668,1,1,1,120
18737177,Entire home,entire_home,39.7601,-86.145,6.0,2,2.0,2.5,1,0,0,1,1,"Bathtub,Hair dryer,Cleaning products,Shampoo,Conditioner,Body soap,Hot water,Shower gel,Washer,Dryer,Essentials,Hangers,Bed linens,Extra pillows and blankets,Room-darkening shades,Iron,Clothing storage,Ethernet connection,TV,Air conditioning,Air conditioning,Heating,Smoke alarm,Carbon monoxide alarm,Wifi,Dedicated workspace,Kitchen,Refrigerator,Microwave,Cooking basics,Dishes and silverware,Mini fridge,Freezer,Dishwasher,Stove,Oven,Coffee maker,Wine glasses,Toaster,Dining table,Private entrance,Patio or balcony,Backyard,Outdoor furniture,Outdoor dining area,Free street parking,Pets allowed,Luggage dropoff allowed,Long term stays allowed,Self check-in,Keypad",90.0,0.0,5.0,231.0,4.97,4.9,5.0,4.9,26372.0,229.2,0.263,0.263,2.6,96.0,63.9,8755.0,276.7,0.289,los_angeles,51,1833.5999999999997,1,1,1,120
19285338,Entire home,entire_home,39.87991,-86.08163,8.0,3,3.0,2.0,0,0,0,0,2,"Bathtub,Hair dryer,Shampoo,Hot water,Washer,Dryer,Essentials,Hangers,Bed linens,Extra pillows and blankets,Iron,Ethernet connection,TV,Children’s books and toys,Children’s dinnerware,Air conditioning,Heating,Exterior security cameras on property,Smoke alarm,Carbon monoxide alarm,Fire extinguisher,First aid kit,Wifi,Dedicated workspace,Kitchen,Refrigerator,Microwave,Cooking basics,Dishes and silverware,Stove,Oven,Coffee maker,Free parking on premises,Free street parking,Single level home,Pets allowed,Long term stays allowed,Self check-in,Keypad",175.0,0.0,24.0,90.0,4.51,4.5,4.8,4.5,18038.0,215.6,0.219,0.233,7.3,80.0,44.1,5381.0,252.4,0.2,los_angeles,39,1437.3333333333333,1,1,1,120
19446063,Entire bungalow,entire_home,39.8657,-86.1343,8.0,3,4.0,2.0,0,0,1,1,2,"Bathtub,Hair dryer,Shampoo,Hot water,Washer,Dryer,Essentials,Hangers,Bed linens,Extra pillows and blankets,Iron,TV,Air conditioning,Heating,Smoke alarm,Carbon monoxide alarm,Wifi,Dedicated workspace,Pocket wifi,Kitchen,Refrigerator,Microwave,Cooking basics,Dishes and silverware,Dishwasher,Stove,Oven,Hot water kettle,Coffee maker,Patio or balcony,Backyard,BBQ grill,Free parking on premises,Free street parking,Luggage dropoff allowed,Long term stays allowed,Self check-in,Keypad",155.0,0.0,27.0,315.0,4.93,4.9,5.0,4.8,45385.0,289.7,0.364,0.398,3.2,133.0,107.8,12968.0,362.4,0.344,los_angeles,38,3210.8416666666667,1,1,1,120
19728496,Entire home,entire_home,39.90595,-86.1897,8.0,4,6.0,2.5,0,0,0,1,2,"Bathtub,Hair dryer,Cleaning products,Shampoo,Conditioner,Body soap,Hot water,Shower gel,Washer,Dryer,Essentials,Hangers,Bed linens,Extra pillows and blankets,Room-darkening shades,Iron,Drying rack for clothing,Clothing storage,Ethernet connection,TV,Arcade games,Books and reading material,Pack ’n play/Travel crib,Children’s books and toys,High chair,Children’s dinnerware,Board games,Baby safety gates,Outdoor playground,Air conditioning,Indoor fireplace,Ceiling fan,Portable fans,Heating,Exterior security cameras on property,Smoke alarm,Carbon monoxide alarm,Fire extinguisher,First aid kit,Wifi,Dedicated workspace,Kitchen,Refrigerator,Microwave,Cooking basics,Dishes and silverware,Freezer,Dishwasher,Stove,Oven,Hot water kettle,Coffee maker,Wine glasses,Toaster,Baking sheet,Blender,Barbecue utensils,Dining table,Coffee,Private entrance,Laundromat nearby,Patio or balcony,Backyard,Fire pit,Outdoor furniture,Hammock,Outdoor dining area,BBQ grill,Free parking on premises,Free street parking,Pets allowed,Long term stays allowed,Self check-in,Smart lock",95.0,0.0,50.0,156.0,4.93,4.8,4.9,4.9,60625.0,229.3,0.655,0.669,3.7,239.0,151.5,16120.0,245.2,0.656,los_angeles,74,4566.891666666667,1,1,1,120
19950360,Entire home,entire_home,39.78375,-86.12745,6.0,3,3.0,3.0,1,0,0,0,2,"Bathtub,Hair dryer,Shampoo,Hot water,Washer,Dryer,Essentials,Hangers,Bed linens,Extra pillows and blankets,Iron,TV,Air conditioning,Heating,Exterior security cameras on property,Smoke alarm,Carbon monoxide alarm,Fire extinguisher,First aid kit,Wifi,Dedicated workspace,Kitchen,Refrigerator,Microwave,Cooking basics,Dishes and silverware,Dishwasher,Stove,Oven,Coffee maker,Private entrance,Patio or balcony,Backyard,Free parking on premises,Free street parking,Long term stays allowed,Self check-in,Keypad",0.0,0.0,16.0,175.0,4.98,5.0,4.9,4.9,22823.0,319.6,0.282,0.371,7.4,103.0,62.5,0.0,479.2,0.0,los_angeles,38,2743.2333333333336,1,1,1,120
143096,Entire home,entire_home,36.0515,-115.22566,6.0,3,3.0,2.5,1,0,0,0,21,"Bathtub,Hair dryer,Shampoo,Hot water,Shower gel,Washer,Dryer,Essentials,Hangers,Bed linens,Extra pillows and blankets,Room-darkening shades,Iron,TV,Crib,Pack ’n play/Travel crib,Children’s books and toys,High chair,Children’s dinnerware,Air conditioning,Heating,Smoke alarm,Carbon monoxide alarm,Fire extinguisher,First aid kit,Wifi,Dedicated workspace,Kitchen,Refrigerator,Microwave,Cooking basics,Dishes and silverware,Dishwasher,Stove,Oven,Coffee maker,Baking sheet,Barbecue utensils,Private entrance,Patio or balcony,Backyard,Outdoor furniture,BBQ grill,Free parking on premises,Free street parking,Pool,Long term stays allowed,Self check-in,Keypad",150.0,0.0,38.0,279.0,4.65,4.5,4.8,4.7,27383.0,149.2,0.408,0.463,3.0,149.0,60.6,2808.0,145.6,0.167,las_vegas,49,1852.5666666666666,1,0,0,365
202452,Entire home,entire_home,36.02084,-115.27302,6.0,3,3.0,2.5,1,0,0,1,2,"Pets allowed,Bathtub,Hair dryer,Cleaning products,Shampoo,Conditioner,Body soap,Hot water,Shower gel,Washer,Dryer,Essentials,Hangers,Bed linens,Extra pillows and blankets,Room-darkening shades,Iron,Clothing storage,Ethernet connection,TV,Sound system,Game console,Arcade games,Books and reading material,Crib,Air conditioning,Ceiling fan,Portable fans,Heating,Smoke alarm,Carbon monoxide alarm,First aid kit,Wifi,Dedicated workspace,Kitchen,Refrigerator,Microwave,Cooking basics,Dishes and silverware,Dishwasher,Stove,Oven,Hot water kettle,Coffee maker,Wine glasses,Toaster,Rice maker,Dining table,Coffee,Backyard,Outdoor furniture,BBQ grill,Free parking on premises,Free street parking,Paid parking off premises,Paid parking on premises,Long term stays allowed,Self check-in,Smart lock",75.0,0.0,15.0,395.0,4.86,4.7,4.8,4.9,57133.0,187.3,0.778,0.888,3.9,284.0,145.2,9292.0,196.4,0.489,las_vegas,59,4432.766666666667,1,0,0,365
294706,Entire condo,entire_home,36.05928,-115.17065,6.0,1,2.0,1.0,0,0,0,1,4,"Wifi,Pets allowed,Pool view,Bathtub,Hair dryer,Shampoo,Conditioner,Body soap,Hot water,Shower gel,Dryer,Essentials,Hangers,Bed linens,Extra pillows and blankets,Room-darkening shades,Iron,Drying rack for clothing,Safe,Clothing storage,TV,Sound system,Exercise equipment,Arcade games,Changing table,Air conditioning,Ceiling fan,Heating,Exterior security cameras on property,Smoke alarm,Fire extinguisher,Wifi,Dedicated workspace,Refrigerator,Microwave,Cooking basics,Dishes and silverware,Freezer,Dishwasher,Stove,Oven,Hot water kettle,Coffee maker,Wine glasses,Toaster,Baking sheet,Dining table,Laundromat nearby,Resort access,Patio or balcony,Fire pit,Outdoor dining area,BBQ grill,Sun loungers,Free parking on premises,Pool,Hot tub,Sauna,Elevator,Gym,Breakfast",0.0,0.0,23.0,10.0,5.0,5.0,4.9,5.0,9164.0,200.0,0.129,0.129,2.5,47.0,25.1,4085.0,237.2,0.211,las_vegas,61,783.3333333333334,1,0,0,365
855576,Entire home,entire_home,36.16327,-115.26406,10.0,4,4.0,2.0,1,1,0,0,30,"Hair dryer,Hot water,Washer,Dryer,Essentials,Hangers,Bed linens,Extra pillows and blankets,Iron,TV,Pack ’n play/Travel crib,Air conditioning,Heating,Exterior security cameras on property,Smoke alarm,Wifi,Kitchen,Refrigerator,Microwave,Cooking basics,Dishes and silverware,Dishwasher,Stove,Oven,Coffee maker,Patio or balcony,Backyard,Outdoor furniture,Outdoor dining area,BBQ grill,Free parking on premises,Pool,Hot tub,Single level home,Long term stays allowed,Self check-in,Keypad",4440.0,,15.0,36.0,4.47,4.8,4.5,4.4,7024.0,126.2,0.145,0.192,10.6,53.0,19.2,3547.0,142.2,0.3,las_vegas,37,557.3833333333333,1,0,0,365
890332,Entire home,entire_home,36.05759,-115.21097,8.0,3,5.0,2.0,0,0,0,0,24,"Hair dryer,Hot water,Washer,Dryer,TV,Air conditioning,Ceiling fan,Portable fans,Heating,Smoke alarm,First aid kit,Wifi,Kitchen,Refrigerator,Microwave,Cooking basics,Dishes and silverware,Coffee maker,Backyard,Free parking on premises,Single level home,Pets allowed,Long term stays allowed,Self check-in,Keypad",3256.0,,24.0,85.0,4.58,4.5,4.7,4.4,20957.0,194.0,0.233,0.258,12.1,85.0,57.4,0.0,136.7,0.0,las_vegas,25,1374.1666666666667,1,0,0,365
945060,Entire home,entire_home,35.97718,-115.16483,10.0,5,5.0,3.0,1,0,0,0,3,"Bathtub,Hair dryer,Cleaning products,Shampoo,Conditioner,Body soap,Hot water,Shower gel,Washer,Dryer,Essentials,Hangers,Bed linens,Extra pillows and blankets,Iron,Clothing storage,TV,Pack ’n play/Travel crib,High chair,Air conditioning,Ceiling fan,Portable fans,Heating,Exterior security cameras on property,Smoke alarm,Carbon monoxide alarm,Fire extinguisher,Wifi,Dedicated workspace,Kitchen,Refrigerator,Microwave,Cooking basics,Dishes and silverware,Freezer,Dishwasher,Stove,Oven,Hot water kettle,Coffee maker,Wine glasses,Toaster,Baking sheet,Blender,Barbecue utensils,Dining table,Private entrance,Laundromat nearby,Patio or balcony,Backyard,Outdoor furniture,Outdoor dining area,BBQ grill,Free parking on premises,Hot tub,Luggage dropoff allowed,Long term stays allowed,Self check-in,Keypad,Cleaning before checkout",315.0,0.0,15.0,240.0,4.66,4.7,4.7,4.7,51153.0,302.3,0.405,0.42,8.2,148.0,124.6,4376.0,291.2,0.156,las_vegas,60,3728.366666666667,1,0,0,365
1285201,Entire home,entire_home,36.04635,-115.22907,12.0,6,9.0,3.0,0,0,0,0,9,"Hair dryer,Hot water,Washer,Dryer,Essentials,Hangers,Iron,TV,Air conditioning,Heating,Smoke alarm,Carbon monoxide alarm,Wifi,Dedicated workspace,Kitchen,Refrigerator,Microwave,Cooking basics,Dishes and silverware,Dishwasher,Stove,Oven,Coffee maker,Backyard,Free parking on premises,Pool,Pets allowed,Long term stays allowed,Self check-in,Keypad",370.0,0.0,25.0,132.0,4.44,4.5,4.8,4.4,49970.0,542.9,0.233,0.298,14.2,85.0,131.8,7664.0,624.0,0.122,las_vegas,30,3845.5416666666665,1,0,0,365
1364502,Entire guest suite,entire_home,36.16324,-115.25305,2.0,1,2.0,1.0,1,0,0,1,5,"Hair dryer,Cleaning products,Shampoo,Conditioner,Body soap,Hot water,Shower gel,Essentials,Hangers,Bed linens,Extra pillows and blankets,Room-darkening shades,Iron,Clothing storage,TV,Air conditioning,Ceiling fan,Portable fans,Heating,Exterior security cameras on property,Smoke alarm,Carbon monoxide alarm,Fire extinguisher,First aid kit,Wifi,Dedicated workspace,Refrigerator,Microwave,Cooking basics,Dishes and silverware,Freezer,Hot water kettle,Coffee maker,Toaster,Blender,Dining table,Private entrance,Laundromat nearby,Free parking on premises,Free street parking,Single level home,Luggage dropoff allowed,Long term stays allowed,Self check-in,Smart lock",0.0,0.0,36.0,370.0,4.85,4.9,4.7,4.8,21569.0,104.5,0.553,0.56,7.8,202.0,59.1,4373.0,109.6,0.422,las_vegas,45,1759.0833333333333,1,0,0,365
1750734,Entire rental unit,entire_home,36.1838,-115.25845,2.0,1,4.0,1.0,0,0,0,0,30,"Hair dryer,Hot water,Washer,Dryer,Essentials,Hangers,Iron,TV,Air conditioning,Heating,Smoke alarm,Fire extinguisher,Wifi,Kitchen,Free parking on premises,Pool,Hot tub,Gym,Pets allowed,Long term stays allowed,Self check-in,Keypad",0.0,0.0,12.0,20.0,4.9,4.9,4.8,4.8,3038.0,92.3,0.099,0.271,18.0,36.0,8.3,0.0,102.4,0.0,las_vegas,22,276.9,1,0,0,365
1971546,Entire home,entire_home,36.01202,-115.1545,8.0,3,3.0,2.5,1,1,0,1,2,"Bathtub,Hair dryer,Cleaning products,Shampoo,Conditioner,Body soap,Hot water,Shower gel,Washer,Dryer,Essentials,Hangers,Bed linens,Extra pillows and blankets,Room-darkening shades,Iron,Clothing storage,Ethernet connection,TV,Pack ’n play/Travel crib,Air conditioning,Ceiling fan,Portable fans,Heating,Smoke alarm,Carbon monoxide alarm,Fire extinguisher,First aid kit,Wifi,Kitchen,Refrigerator,Microwave,Cooking basics,Dishes and silverware,Freezer,Dishwasher,Stove,Oven,Hot water kettle,Coffee maker,Wine glasses,Toaster,Baking sheet,Blender,Barbecue utensils,Dining table,Coffee,Private entrance,Patio or balcony,Backyard,Outdoor furniture,Outdoor dining area,BBQ grill,Sun loungers,Free parking on premises,Free street parking,Luggage dropoff allowed,Long term stays allowed,Self check-in,Keypad",176.0,0.0,20.0,86.0,4.91,4.9,4.8,4.9,20349.0,208.6,0.227,0.265,4.2,83.0,47.6,4245.0,166.6,0.222,las_vegas,60,1442.8166666666666,1,0,0,365
2040846,Entire home,entire_home,36.1142,-115.1988,12.0,3,6.0,2.5,1,0,1,0,2,"TV,Wifi,Air conditioning,Pool,Kitchen,Free parking on premises,Hot water kettle,Pool table,Gym,Resort access,Conditioner,Elevator,Trash compactor,Free street parking,Laundromat nearby,Outdoor furniture,Hot tub,Heating,Paid parking on premises,Coffee,Clothing storage,Wine glasses,Smoke alarm,Carbon monoxide alarm,First aid kit,Fire extinguisher,Bidet,Essentials,Shampoo,Lock on bedroom door,Hangers,Hair dryer,Iron,Dedicated workspace,Self check-in,Freezer,Building staff,Private living room,Private entrance,Sound system,Bathtub,Blender,Fireplace guards,Room-darkening shades,Hot water,Body soap,Bed linens,Extra pillows and blankets,Microwave,Coffee maker,Refrigerator,Dishwasher,Dishes and silverware,Cooking basics,Sauna,Stove,Single level home,Shower gel,Patio or balcony,Luggage dropoff allowed,Long term stays allowed,Safe,Dining table,Baking sheet,Sun loungers,Toaster",275.0,0.0,84.0,605.0,4.85,4.8,4.9,4.8,162349.0,936.2,0.444,0.488,2.8,162.0,404.9,7521.0,903.9,0.089,las_vegas,66,12638.699999999999,1,0,0,365
2262891,Entire home,entire_home,36.22802,-115.29052,8.0,5,7.0,3.0,1,0,0,0,3,"Bathtub,Hair dryer,Cleaning products,Shampoo,Conditioner,Body soap,Hot water,Shower gel,Washer,Dryer,Essentials,Hangers,Bed linens,Extra pillows and blankets,Iron,Clothing storage,TV,Pool table,Mini golf,Pack ’n play/Travel crib,High chair,Fireplace guards,Air conditioning,Indoor fireplace,Ceiling fan,Portable fans,Heating,Exterior security cameras on property,Smoke alarm,Carbon monoxide alarm,Fire extinguisher,First aid kit,Wifi,Dedicated workspace,Kitchen,Refrigerator,Microwave,Cooking basics,Dishes and silverware,Freezer,Dishwasher,Stove,Oven,Hot water kettle,Coffee maker,Wine glasses,Toaster,Baking sheet,Blender,Barbecue utensils,Dining table,Coffee,Private entrance,Patio or balcony,Backyard,Outdoor furniture,Outdoor dining area,BBQ grill,Beach essentials,Sun loungers,Free parking on premises,Pool,Hot tub,Luggage dropoff allowed,Long term stays allowed,Self check-in,Smart lock,Cleaning before checkout",400.0,0.0,19.0,183.0,4.53,4.7,4.6,4.5,80215.0,430.4,0.422,0.448,3.9,154.0,178.1,11710.0,469.9,0.233,las_vegas,68,5523.466666666666,1,0,0,365
2453319,Entire guesthouse,entire_home,36.28348,-115.25589,2.0,1,1.0,1.0,1,0,0,1,30,"Pets allowed,Hair dryer,Cleaning products,Shampoo,Conditioner,Body soap,Hot water,Shower gel,Washer,Dryer,Essentials,Bed linens,Extra pillows and blankets,Room-darkening shades,Drying rack for clothing,Clothing storage,Air conditioning,Ceiling fan,Portable fans,Heating,Exterior security cameras on property,Smoke alarm,First aid kit,Wifi,Kitchen,Microwave,Mini fridge,Freezer,Hot water kettle,Coffee maker,Wine glasses,Toaster,Blender,Barbecue utensils,Dining table,Private entrance,Patio or balcony,Fire pit,Outdoor furniture,Outdoor dining area,BBQ grill,Free parking on premises,Free street parking,Self check-in,Building staff",1116.0,,9.0,50.0,4.98,5.0,4.9,4.9,3965.0,55.5,0.211,0.403,19.3,77.0,10.9,1097.0,40.8,0.3,las_vegas,45,356.125,1,0,0,365
2709980,Entire home,entire_home,36.04634,-115.23336,12.0,6,6.0,4.0,1,0,0,1,2,"Hair dryer,Shampoo,Conditioner,Body soap,Hot water,Washer,Dryer,Essentials,Hangers,Bed linens,Room-darkening shades,Iron,Clothing storage,TV,Pool table,Air conditioning,Ceiling fan,Heating,Exterior security cameras on property,Smoke alarm,Carbon monoxide alarm,Wifi,Kitchen,Refrigerator,Microwave,Cooking basics,Dishes and silverware,Freezer,Dishwasher,Stove,Oven,Coffee maker,Wine glasses,Rice maker,Dining table,Patio or balcony,Backyard,Free parking on premises,Long term stays allowed,Self check-in,Keypad",200.0,0.0,22.0,370.0,4.92,4.9,4.9,4.9,88257.0,518.4,0.436,0.436,5.0,159.0,226.5,14911.0,550.6,0.289,las_vegas,41,6868.799999999999,1,0,0,365
3905729,Entire home,entire_home,36.22148,-115.30055,6.0,3,3.0,2.5,1,0,0,0,3,"Garden view,Pool view,Bathtub,Hair dryer,Shampoo,Hot water,Washer,Dryer,Essentials,Hangers,Bed linens,Iron,Clothing storage,TV,Crib,Pack ’n play/Travel crib,Children’s dinnerware,Air conditioning,Ceiling fan,Portable fans,Heating,Exterior security cameras on property,Smoke alarm,Carbon monoxide alarm,Fire extinguisher,Wifi,Dedicated workspace,Kitchen,Refrigerator,Microwave,Cooking basics,Dishes and silverware,Freezer,Dishwasher,Stove,Oven,Hot water kettle,Coffee maker,Wine glasses,Toaster,Blender,Barbecue utensils,Dining table,Patio or balcony,Backyard,Outdoor furniture,Outdoor dining area,BBQ grill,Free parking on premises,Pool,Long term stays allowed,Host greets you",195.0,0.0,5.0,213.0,4.72,4.7,4.6,4.6,66362.0,362.0,0.438,0.451,3.6,160.0,159.9,18341.0,367.9,0.5,las_vegas,52,4826.666666666667,1,0,0,365
6102552,Entire home,entire_home,36.0362,-115.24257,5.0,3,3.0,2.0,1,0,0,1,2,"Pets allowed,Elevator,Wifi,Air conditioning,Pool view,Hair dryer,Shampoo,Hot water,Washer,Dryer,Essentials,Hangers,Iron,TV,Game console,Crib,Pack ’n play/Travel crib,Children’s books and toys,High chair,Children’s dinnerware,Board games,Air conditioning,Indoor fireplace,Heating,Exterior security cameras on property,Smoke alarm,Carbon monoxide alarm,Fire extinguisher,Wifi,Dedicated workspace,Kitchen,Refrigerator,Microwave,Cooking basics,Dishes and silverware,Dishwasher,Stove,Oven,Coffee maker,Patio or balcony,Backyard,Fire pit,Outdoor furniture,Outdoor dining area,Outdoor kitchen,BBQ grill,Free parking on premises,Free street parking,Pool,Hot tub,Pets allowed,Long term stays allowed,Self check-in,Keypad",189.0,0.0,47.0,265.0,4.82,4.8,4.8,4.8,64705.0,422.2,0.348,0.348,3.6,127.0,159.2,15523.0,391.8,0.367,las_vegas,54,4468.283333333334,1,0,0,365
6168505,Entire home,entire_home,36.03799,-115.22831,16.0,5,14.0,4.5,0,1,0,0,29,"Pets allowed,Hair dryer,Cleaning products,Hot water,Washer,Dryer,Essentials,Hangers,Bed linens,Extra pillows and blankets,Room-darkening shades,Iron,Clothing storage,Ethernet connection,TV,Exercise equipment,Pool table,Air conditioning,Indoor fireplace,Portable fans,Heating,Smoke alarm,Carbon monoxide alarm,Fire extinguisher,First aid kit,Wifi,Dedicated workspace,Kitchen,Refrigerator,Microwave,Cooking basics,Dishes and silverware,Freezer,Dishwasher,Stove,Oven,Coffee maker,Wine glasses,Toaster,Baking sheet,Blender,Dining table,Coffee,Private entrance,Patio or balcony,Backyard,Free parking on premises,Free street parking,Pool,Gym,Long term stays allowed,Self check-in,Keypad",9238.0,,37.0,93.0,4.86,4.9,4.8,4.8,25486.0,284.4,0.238,0.313,12.4,87.0,69.8,0.0,302.0,0.0,las_vegas,53,2061.9,1,0,0,365
6539763,Entire home,entire_home,36.15562,-115.17993,4.0,3,4.0,2.5,0,0,0,0,33,"Hair dryer,Hot water,Washer,Dryer,Essentials,Hangers,Bed linens,Extra pillows and blankets,Iron,TV,Air conditioning,Indoor fireplace,Heating,Smoke alarm,Carbon monoxide alarm,Fire extinguisher,First aid kit,Wifi,Dedicated workspace,Kitchen,Patio or balcony,Backyard,BBQ grill,Sun loungers,Free parking on premises,Pool,Pets allowed,Luggage dropoff allowed,Long term stays allowed,Self check-in,Keypad",0.0,0.0,20.0,11.0,5.0,4.8,5.0,5.0,1829.0,111.9,0.044,0.071,4.0,16.0,5.0,1190.0,118.7,0.111,las_vegas,31,149.20000000000002,1,0,0,365
7194385,Entire serviced apartment,entire_home,36.0383,-115.1739,4.0,1,2.0,1.0,1,0,0,0,2,"Hair dryer,Shampoo,Hot water,Shower gel,Washer,Dryer,Essentials,Hangers,Bed linens,Extra pillows and blankets,Iron,TV,Air conditioning,Heating,Smoke alarm,Wifi,Dedicated workspace,Kitchen,Refrigerator,Microwave,Cooking basics,Dishes and silverware,Dishwasher,Stove,Coffee maker,Private entrance,Free parking on premises,Pool,Gym",69.0,0.0,17.0,36.0,4.81,4.9,4.9,4.8,8623.0,188.8,0.121,0.148,2.6,44.0,21.5,2229.0,195.1,0.144,las_vegas,29,692.2666666666668,1,0,0,365
7602041,Entire home,entire_home,36.31851,-115.28741,5.0,2,6.0,2.5,0,0,0,0,3,"Bathtub,Hair dryer,Cleaning products,Shampoo,Conditioner,Body soap,Hot water,Shower gel,Washer,Dryer,Essentials,Hangers,Bed linens,Extra pillows and blankets,Room-darkening shades,Iron,Safe,Clothing storage,Ethernet connection,TV,Record player,Sound system,Game console,Books and reading material,Crib,Children’s books and toys,High chair,Changing table,Fireplace guards,Air conditioning,Indoor fireplace,Ceiling fan,Heating,Exterior security cameras on property,Smoke alarm,Carbon monoxide alarm,Fire extinguisher,First aid kit,Wifi,Dedicated workspace,Kitchen,Refrigerator,Microwave,Cooking basics,Dishes and silverware,Freezer,Dishwasher,Stove,Oven,Coffee maker,Wine glasses,Toaster,Baking sheet,Blender,Barbecue utensils,Dining table,Coffee,Bread maker,Lake access,Private entrance,Laundromat nearby,Patio or balcony,Backyard,Outdoor furniture,Outdoor dining area,Outdoor kitchen,BBQ grill,Beach essentials,Free parking on premises,Free street parking,Pool,Hot tub,Single level home,Luggage dropoff allowed,Long term stays allowed,Self check-in,Lockbox",240.0,0.0,79.0,57.0,4.63,4.8,4.7,4.6,45505.0,247.3,0.419,0.52,4.6,153.0,104.3,11781.0,212.9,0.489,las_vegas,77,3153.0750000000003,1,0,0,365
8595752,Entire condo,entire_home,36.12876,-115.17294,4.0,1,2.0,1.0,1,0,0,0,3,"Bathtub,Hair dryer,Cleaning products,Shampoo,Conditioner,Body soap,Hot water,Shower gel,Essentials,Hangers,Bed linens,Extra pillows and blankets,Room-darkening shades,Iron,Safe,Clothing storage,TV,Exercise equipment,Air conditioning,Heating,Smoke alarm,Carbon monoxide alarm,Fire extinguisher,Wifi,Refrigerator,Microwave,Cooking basics,Dishes and silverware,Mini fridge,Freezer,Stove,Hot water kettle,Coffee maker,Wine glasses,Toaster,Blender,Dining table,Coffee,Laundromat nearby,Resort access,Sun loungers,Free parking on premises,Pool,Hot tub,Elevator,Gym,Doorman,Host greets you",77.0,,5.0,15.0,5.0,5.0,4.9,4.9,3231.0,235.3,0.033,0.034,3.0,12.0,8.0,1687.0,233.9,0.067,las_vegas,48,235.30000000000004,1,0,0,365
8595779,Entire serviced apartment,entire_home,36.10962,-115.16878,4.0,1,2.0,1.0,1,0,0,0,3,"Bathtub,Hair dryer,Cleaning products,Shampoo,Hot water,Essentials,Hangers,Bed linens,Room-darkening shades,Iron,Safe,Clothing storage,TV,Air conditioning,Heating,Smoke alarm,Carbon monoxide alarm,Fire extinguisher,Wifi,Kitchen,Refrigerator,Microwave,Dishes and silverware,Mini fridge,Hot water kettle,Coffee maker,Wine glasses,Toaster,Sun loungers,Free parking on premises,Pool,Hot tub,Elevator,Gym,Doorman,Luggage dropoff allowed,Host greets you",78.0,,6.0,14.0,5.0,4.8,4.9,4.9,2440.0,163.1,0.036,0.036,3.3,13.0,6.0,2029.0,161.1,0.122,las_vegas,37,176.69166666666663,1,0,0,365
8616989,Entire condo,entire_home,36.00794,-115.17711,4.0,1,2.0,1.0,0,0,0,0,7,"Hair dryer,Shampoo,Hot water,Washer,Dryer,Essentials,Iron,TV,Air conditioning,Heating,Smoke alarm,Carbon monoxide alarm,Fire extinguisher,Wifi,Kitchen,Free parking on premises,Pool,Hot tub,Elevator,Gym,Luggage dropoff allowed,Self check-in,Building staff",399.0,0.0,13.0,2.0,4.86,,,,2122.0,184.9,0.033,0.033,6.0,12.0,5.8,914.0,158.3,0.067,las_vegas,23,184.9,1,0,0,365
8902154,Entire townhouse,entire_home,36.1336,-115.1996,8.0,4,5.0,2.5,0,0,0,0,2,"Hair dryer,Shampoo,Hot water,Shower gel,Washer,Dryer,Essentials,Hangers,Bed linens,Extra pillows and blankets,Iron,Clothing storage,TV,Crib,Air conditioning,Indoor fireplace,Heating,Exterior security cameras on property,Smoke alarm,Carbon monoxide alarm,First aid kit,Wifi,Pocket wifi,Kitchen,Refrigerator,Microwave,Cooking basics,Dishes and silverware,Freezer,Dishwasher,Stove,Oven,Hot water kettle,Coffee maker,Toaster,Rice maker,Dining table,Private entrance,Backyard,Free parking on premises,Free street parking,Pets allowed,Luggage dropoff allowed,Long term stays allowed,Self check-in,Smart lock",160.0,0.0,18.0,253.0,4.51,4.5,4.6,4.6,41040.0,191.6,0.488,0.488,4.0,178.0,94.5,7218.0,183.0,0.356,las_vegas,46,2842.066666666666,1,0,0,365
8995825,Entire home,entire_home,36.04838,-115.24277,8.0,4,6.0,4.0,0,1,0,0,30,"Hair dryer,Shampoo,Hot water,Washer,Dryer,Essentials,Hangers,Bed linens,Extra pillows and blankets,Room-darkening shades,Iron,Ethernet connection,TV,Babysitter recommendations,Air conditioning,Indoor fireplace,Heating,Smoke alarm,Carbon monoxide alarm,Fire extinguisher,First aid kit,Wifi,Dedicated workspace,Kitchen,Refrigerator,Microwave,Cooking basics,Dishes and silverware,Dishwasher,Stove,Oven,Coffee maker,Private entrance,Patio or balcony,Backyard,BBQ grill,Free parking on premises,Free street parking,Pool,Pets allowed,Smoking allowed,Long term stays allowed,Self check-in,Lockbox",5384.0,,28.0,39.0,4.67,4.5,4.8,4.6,19728.0,171.2,0.345,0.465,18.0,126.0,54.0,2580.0,195.6,0.144,las_vegas,44,1797.5999999999997,1,0,0,365
10325773,Entire serviced apartment,entire_home,36.14042,-115.15142,4.0,1,2.0,1.0,1,0,0,0,3,"Bathtub,Hair dryer,Cleaning products,Shampoo,Conditioner,Body soap,Hot water,Shower gel,Washer,Dryer,Essentials,Hangers,Bed linens,Room-darkening shades,Iron,Safe,Clothing storage,TV,Air conditioning,Heating,Smoke alarm,Carbon monoxide alarm,Fire extinguisher,Wifi,Dedicated workspace,Kitchen,Refrigerator,Microwave,Cooking basics,Dishes and silverware,Mini fridge,Freezer,Dishwasher,Stove,Oven,Hot water kettle,Coffee maker,Wine glasses,Toaster,Baking sheet,Blender,Dining table,Coffee,Free parking on premises,Pool,Hot tub,Elevator,Gym,Doorman,Host greets you",227.0,,90.0,6.0,4.67,5.0,4.7,4.5,3468.0,236.2,0.033,0.033,6.0,12.0,8.9,192.0,214.5,0.011,las_vegas,50,236.19999999999996,1,0,0,365
10370600,Entire guest suite,entire_home,36.00577,-115.27179,2.0,1,,1.0,1,0,0,1,2,"Bathtub,Hair dryer,Cleaning products,Shampoo,Conditioner,Body soap,Hot water,Shower gel,Essentials,Hangers,Bed linens,Iron,Clothing storage,TV,Air conditioning,Heating,Smoke alarm,Fire extinguisher,First aid kit,Wifi,Dedicated workspace,Refrigerator,Microwave,Dishes and silverware,Mini fridge,Coffee maker,Coffee,Private entrance,Free parking on premises,Breakfast,Long term stays allowed,Self check-in,Keypad",59.0,0.0,11.0,158.0,4.97,5.0,4.9,5.0,14516.0,101.4,0.337,0.337,3.4,123.0,34.3,2395.0,116.9,0.189,las_vegas,33,1039.3500000000001,1,0,0,365
10732657,Entire rental unit,entire_home,36.16262,-115.13249,2.0,2,2.0,1.0,1,0,0,0,31,"Bathtub,Hair dryer,Cleaning products,Shampoo,Conditioner,Body soap,Hot water,Shower gel,Washer,Dryer,Essentials,Hangers,Bed linens,Extra pillows and blankets,Room-darkening shades,Iron,Clothing storage,TV,Air conditioning,Portable fans,Heating,Exterior security cameras on property,Smoke alarm,Fire extinguisher,First aid kit,Wifi,Dedicated workspace,Kitchen,Refrigerator,Microwave,Cooking basics,Dishes and silverware,Stove,Oven,Coffee maker,Wine glasses,Toaster,Baking sheet,Private entrance,Patio or balcony,Outdoor furniture,Free parking on premises,Free street parking,Luggage dropoff allowed,Long term stays allowed,Self check-in,Smart lock",2219.0,,5.0,31.0,4.94,4.8,4.4,4.6,9076.0,76.3,0.334,0.57,9.4,122.0,24.9,898.0,83.0,0.122,las_vegas,47,775.7166666666667,1,0,0,365
10949512,Entire home,entire_home,36.16642,-115.28151,10.0,4,5.0,3.0,1,0,0,1,2,"Pets allowed,Hair dryer,Shampoo,Hot water,Washer,Dryer,Essentials,Hangers,Iron,TV,Board games,Air conditioning,Indoor fireplace,Heating,Exterior security cameras on property,Smoke alarm,Carbon monoxide alarm,Fire extinguisher,Wifi,Dedicated workspace,Kitchen,Refrigerator,Microwave,Cooking basics,Dishes and silverware,Dishwasher,Stove,Oven,Coffee maker,Patio or balcony,Backyard,Outdoor furniture,BBQ grill,Free parking on premises,Pool,Hot tub,Luggage dropoff allowed,Long term stays allowed,Self check-in,Keypad",199.0,0.0,5.0,156.0,4.92,4.9,4.9,4.8,55798.0,384.1,0.364,0.364,7.8,133.0,143.6,23832.0,419.7,0.578,las_vegas,40,4257.108333333334,1,0,0,365
10958816,Entire rental unit,entire_home,36.16213,-115.13295,2.0,1,1.0,1.0,1,0,0,1,31,"Bathtub,Hair dryer,Cleaning products,Shampoo,Conditioner,Body soap,Hot water,Shower gel,Washer,Dryer,Essentials,Hangers,Bed linens,Extra pillows and blankets,Room-darkening shades,Iron,Clothing storage,TV,Air conditioning,Heating,Smoke alarm,Carbon monoxide alarm,Fire extinguisher,First aid kit,Wifi,Dedicated workspace,Kitchen,Refrigerator,Microwave,Cooking basics,Dishes and silverware,Freezer,Stove,Oven,Hot water kettle,Coffee maker,Toaster,Baking sheet,Private entrance,Free parking on premises,Free street parking,Single level home,Luggage dropoff allowed,Long term stays allowed,Self check-in,Smart lock",1830.0,,5.0,29.0,4.97,5.0,4.7,4.9,5477.0,66.1,0.227,0.291,5.2,83.0,15.0,197.0,66.4,0.033,las_vegas,46,457.1916666666666,1,0,0,365
11357016,Entire condo,entire_home,36.11697,-115.17,4.0,1,2.0,1.0,1,0,0,0,3,"Hair dryer,Shampoo,Conditioner,Hot water,Shower gel,Essentials,Hangers,Bed linens,Room-darkening shades,Iron,TV,Air conditioning,Heating,Smoke alarm,Carbon monoxide alarm,Fire extinguisher,Wifi,Refrigerator,Microwave,Mini fridge,Freezer,Hot water kettle,Coffee maker,Wine glasses,Toaster,Dining table,Coffee,Sun loungers,Free parking on premises,Pool,Hot tub,Sauna,Elevator,Gym,Luggage dropoff allowed,Host greets you",77.0,7.0,5.0,7.0,5.0,5.0,4.9,4.9,7812.0,148.1,0.129,0.129,2.2,47.0,19.3,2007.0,169.0,0.122,las_vegas,36,580.0583333333333,1,0,0,365
11780635,Entire home,entire_home,36.16249,-115.21747,4.0,2,2.0,2.0,0,0,0,0,30,"Bathtub,Hair dryer,Cleaning products,Shampoo,Conditioner,Body soap,Hot water,Shower gel,Washer,Dryer,Essentials,Hangers,Bed linens,Extra pillows and blankets,Room-darkening shades,Clothing storage,TV,Board games,Air conditioning,Indoor fireplace,Ceiling fan,Heating,Smoke alarm,Carbon monoxide alarm,Fire extinguisher,First aid kit,Wifi,Dedicated workspace,Kitchen,Refrigerator,Microwave,Cooking basics,Dishes and silverware,Freezer,Stove,Oven,Coffee maker,Wine glasses,Toaster,Dining table,Coffee,Patio or balcony,Outdoor furniture,Sun loungers,Free parking on premises,Free street parking,Pool,Long term stays allowed,Self check-in,Smart lock",3037.0,,17.0,6.0,4.83,4.2,5.0,4.5,6468.0,95.2,0.195,0.43,14.2,71.0,17.7,0.0,111.2,0.0,las_vegas,50,563.2666666666667,1,0,0,365
12235112,Entire condo,entire_home,36.18385,-115.26826,4.0,2,2.0,2.0,1,0,0,0,30,"Bathtub,Hair dryer,Cleaning products,Shampoo,Body soap,Hot water,Washer,Dryer,Essentials,Hangers,Bed linens,Extra pillows and blankets,Room-darkening shades,Iron,Clothing storage,TV,Fireplace guards,Air conditioning,Ceiling fan,Heating,Smoke alarm,Carbon monoxide alarm,Fire extinguisher,First aid kit,Wifi,Kitchen,Refrigerator,Microwave,Cooking basics,Dishes and silverware,Freezer,Dishwasher,Stove,Oven,Coffee maker,Wine glasses,Toaster,Baking sheet,Blender,Trash compactor,Dining table,Coffee,Private entrance,Laundromat nearby,Patio or balcony,Outdoor furniture,Free parking on premises,Free street parking,Pool,Hot tub,Single level home,Luggage dropoff allowed,Long term stays allowed,Self check-in,Keypad,Cleaning before checkout",2897.0,,28.0,68.0,4.6,4.6,4.8,4.6,927.0,96.8,0.03,0.042,11.0,11.0,2.5,0.0,112.2,0.0,las_vegas,56,88.73333333333333,1,0,0,365
12343483,Entire serviced apartment,entire_home,36.14038,-115.15257,4.0,1,4.0,1.0,1,0,0,0,3,"TV,Host greets you,Wifi,Air conditioning,Pool,Free parking on premises,Room-darkening shades,Hot water,Doorman,Gym,Body soap,Conditioner,Mini fridge,Elevator,Bed linens,Extra pillows and blankets,Hot tub,Microwave,Coffee maker,Dishes and silverware,Heating,Coffee,Clothing storage,Smoke alarm,Shower gel,Carbon monoxide alarm,Fire extinguisher,Luggage dropoff allowed,Essentials,Safe,Shampoo,Hangers,Dining table,Hair dryer,Iron,Bathtub",77.0,7.0,12.0,12.0,5.0,5.0,4.8,4.9,5003.0,157.3,0.082,0.107,30.0,30.0,13.5,0.0,146.6,0.0,las_vegas,36,393.25,1,0,0,365
12630880,Entire home,entire_home,36.17019,-115.17164,6.0,3,4.0,2.0,1,0,0,1,2,"Pool view,Bathtub,Hair dryer,Cleaning products,Shampoo,Conditioner,Hot water,Washer,Dryer,Essentials,Hangers,Bed linens,Extra pillows and blankets,Iron,Drying rack for clothing,Clothing storage,TV,Sound system,Books and reading material,Pack ’n play/Travel crib,High chair,Baby bath,Fireplace guards,Board games,Air conditioning,Ceiling fan,Heating,Exterior security cameras on property,Smoke alarm,Carbon monoxide alarm,Fire extinguisher,First aid kit,Wifi,Dedicated workspace,Kitchen,Refrigerator,Microwave,Cooking basics,Dishes and silverware,Freezer,Dishwasher,Stove,Oven,Hot water kettle,Coffee maker,Wine glasses,Toaster,Baking sheet,Blender,Barbecue utensils,Dining table,Coffee,Private entrance,Patio or balcony,Backyard,Outdoor furniture,Outdoor dining area,BBQ grill,Free parking on premises,Free street parking,Pool,Single level home,Pets allowed,Luggage dropoff allowed,Long term stays allowed,Self check-in,Keypad",140.0,0.0,39.0,581.0,4.9,4.9,4.9,4.9,75445.0,258.5,0.671,0.681,3.1,245.0,180.6,20351.0,280.5,0.689,las_vegas,67,5277.708333333333,1,0,0,365
12759244,Entire home,entire_home,36.1808,-115.19373,14.0,4,6.0,2.0,1,0,0,0,1,"TV,Cable TV,Wifi,Air conditioning,Pool,Kitchen,Free parking on premises,Pets allowed,Free street parking,Outdoor furniture,Heating,Washer,Dryer,Smoke alarm,Carbon monoxide alarm,First aid kit,Fire extinguisher,Essentials,Shampoo,Hangers,Hair dryer,Iron,Dedicated workspace,Self check-in,Outdoor dining area,Keypad,Private living room,Private entrance,Pack ’n play/Travel crib,Hot water,Bed linens,Extra pillows and blankets,Microwave,Coffee maker,Refrigerator,Dishwasher,Dishes and silverware,Cooking basics,Oven,Stove,Single level home,BBQ grill,Patio or balcony,Backyard,Baking sheet,Barbecue utensils",220.0,0.0,60.0,590.0,4.86,4.8,4.8,4.8,45410.0,327.8,0.342,0.43,2.6,125.0,100.9,2386.0,360.3,0.056,las_vegas,46,3414.5833333333335,1,0,0,365
12763212,Entire home,entire_home,36.15515,-115.17571,8.0,4,6.0,3.0,1,0,0,1,2,"Hair dryer,Shampoo,Hot water,Washer,Dryer,Essentials,Hangers,Bed linens,Iron,TV,Air conditioning,Indoor fireplace,Heating,Smoke alarm,Carbon monoxide alarm,Fire extinguisher,First aid kit,Wifi,Dedicated workspace,Kitchen,Refrigerator,Microwave,Cooking basics,Dishes and silverware,Dishwasher,Stove,Oven,Coffee maker,Baking sheet,Private entrance,Patio or balcony,Backyard,Outdoor furniture,BBQ grill,Free parking on premises,Pool,Hot tub,Self check-in,Keypad",449.0,0.0,40.0,191.0,4.93,4.9,5.0,4.8,59950.0,790.9,0.173,0.208,3.3,63.0,144.6,2616.0,766.7,0.033,las_vegas,39,4152.224999999999,1,0,0,365
12783456,Entire home,entire_home,36.1432,-115.1858,8.0,4,5.0,2.0,1,0,0,1,2,"Wifi,Bathtub,Hair dryer,Cleaning products,Shampoo,Conditioner,Body soap,Hot water,Washer,Dryer,Essentials,Hangers,Bed linens,Extra pillows and blankets,Room-darkening shades,Iron,Drying rack for clothing,Clothing storage,TV,Crib,Pack ’n play/Travel crib,High chair,Baby safety gates,Air conditioning,Ceiling fan,Portable fans,Heating,Smoke alarm,Carbon monoxide alarm,Fire extinguisher,First aid kit,Wifi,Kitchen,Refrigerator,Microwave,Cooking basics,Dishes and silverware,Freezer,Dishwasher,Stove,Oven,Hot water kettle,Coffee maker,Toaster,Baking sheet,Blender,Rice maker,Barbecue utensils,Dining table,Coffee,Private entrance,Patio or balcony,Backyard,Outdoor furniture,Outdoor dining area,Free parking on premises,Free street parking,Hot tub,Pets allowed,Long term stays allowed,Self check-in,Smart lock",195.0,0.0,35.0,606.0,4.89,4.8,4.8,4.9,71239.0,298.0,0.51,0.51,2.7,186.0,162.1,13381.0,296.0,0.411,las_vegas,62,4619.0,1,0,0,365
12918687,Entire home,entire_home,36.19108,-115.17596,4.0,2,2.0,2.0,1,0,0,0,31,"Bathtub,Hair dryer,Cleaning products,Hot water,Washer,Dryer,Essentials,Hangers,Bed linens,Extra pillows and blankets,Room-darkening shades,Iron,Clothing storage,Ethernet connection,TV,Air conditioning,Ceiling fan,Heating,Exterior security cameras on property,Smoke alarm,Fire extinguisher,First aid kit,Wifi,Dedicated workspace,Kitchen,Refrigerator,Microwave,Cooking basics,Dishes and silverware,Freezer,Dishwasher,Stove,Oven,Hot water kettle,Coffee maker,Wine glasses,Toaster,Baking sheet,Blender,Dining table,Private entrance,Laundromat nearby,Patio or balcony,Backyard,Outdoor furniture,Outdoor dining area,Free parking on premises,Free street parking,Single level home,Pets allowed,Long term stays allowed,Self check-in,Keypad",3556.0,,50.0,17.0,4.88,4.9,4.7,4.8,16817.0,133.7,0.342,0.427,17.9,125.0,46.1,2678.0,122.2,0.233,las_vegas,53,1392.7083333333333,1,0,0,365
12977497,Entire home,entire_home,36.00307,-115.28324,6.0,4,4.0,2.5,0,1,0,0,29,"Bathtub,Hair dryer,Cleaning products,Shampoo,Conditioner,Body soap,Hot water,Washer,Dryer,Essentials,Hangers,Bed linens,Extra pillows and blankets,Iron,Clothing storage,Ethernet connection,TV,Crib,Pack ’n play/Travel crib,Baby safety gates,Air conditioning,Ceiling fan,Heating,Smoke alarm,Carbon monoxide alarm,Fire extinguisher,First aid kit,Wifi,Dedicated workspace,Kitchen,Refrigerator,Microwave,Cooking basics,Dishes and silverware,Mini fridge,Freezer,Dishwasher,Stove,Oven,Hot water kettle,Coffee maker,Wine glasses,Toaster,Baking sheet,Blender,Rice maker,Barbecue utensils,Dining table,BBQ grill,Free parking on premises,Gym,Pets allowed,Self check-in,Keypad",356405.0,,84.0,13.0,4.54,4.5,4.8,4.5,30449.0,371.3,0.247,0.388,15.0,90.0,83.4,202.0,182.1,0.011,las_vegas,54,2784.75,1,0,0,365
13041913,Entire rental unit,entire_home,36.16311,-115.13298,2.0,1,1.0,1.0,1,0,0,0,31,"Bathtub,Hair dryer,Cleaning products,Shampoo,Conditioner,Body soap,Hot water,Shower gel,Washer,Dryer,Essentials,Hangers,Bed linens,Extra pillows and blankets,Room-darkening shades,Iron,Clothing storage,TV,Air conditioning,Heating,Exterior security cameras on property,Smoke alarm,Carbon monoxide alarm,Fire extinguisher,First aid kit,Wifi,Dedicated workspace,Kitchen,Refrigerator,Microwave,Cooking basics,Dishes and silverware,Freezer,Stove,Oven,Hot water kettle,Coffee maker,Wine glasses,Toaster,Baking sheet,Blender,Private entrance,Patio or balcony,Outdoor furniture,Outdoor dining area,Free parking on premises,Free street parking,Single level home,Long term stays allowed,Self check-in,Smart lock",1807.0,,21.0,35.0,4.89,4.8,4.6,4.8,10253.0,63.4,0.447,0.562,16.3,163.0,28.1,264.0,66.0,0.044,las_vegas,51,861.1833333333333,1,0,0,365
13141127,Entire home,entire_home,36.15246,-115.19081,8.0,4,4.0,2.0,1,0,0,1,3,"Bathtub,Hair dryer,Cleaning products,Shampoo,Conditioner,Body soap,Hot water,Shower gel,Washer,Dryer,Essentials,Hangers,Bed linens,Extra pillows and blankets,Room-darkening shades,Iron,Clothing storage,TV,Ping pong table,Pool table,Books and reading material,Life size games,Mini golf,Pack ’n play/Travel crib,Children’s books and toys,High chair,Fireplace guards,Board games,Air conditioning,Indoor fireplace,Ceiling fan,Portable fans,Heating,Exterior security cameras on property,Smoke alarm,Carbon monoxide alarm,Fire extinguisher,First aid kit,Wifi,Dedicated workspace,Kitchen,Refrigerator,Microwave,Cooking basics,Dishes and silverware,Freezer,Dishwasher,Stove,Oven,Hot water kettle,Coffee maker,Wine glasses,Toaster,Baking sheet,Blender,Barbecue utensils,Dining table,Private entrance,Laundromat nearby,Patio or balcony,Backyard,Fire pit,Outdoor furniture,BBQ grill,Beach essentials,Sun loungers,Free parking on premises,Pool,Single level home,Luggage dropoff allowed,Long term stays allowed,Self check-in,Smart lock,Cleaning before checkout",315.0,0.0,29.0,327.0,4.93,4.9,4.8,4.8,140456.0,709.1,0.468,0.482,3.5,171.0,346.8,35660.0,782.1,0.433,las_vegas,74,10104.675000000001,1,0,0,365
14389614,Entire home,entire_home,36.1739,-115.16969,8.0,3,4.0,2.0,1,0,0,0,1,"Hair dryer,Shampoo,Hot water,Shower gel,Washer,Dryer,Essentials,Hangers,Bed linens,Extra pillows and blankets,Iron,TV,Pack ’n play/Travel crib,Fireplace guards,Window guards,Air conditioning,Heating,Noise decibel monitors on property,Exterior security cameras on property,Smoke alarm,Carbon monoxide alarm,Fire extinguisher,First aid kit,Wifi,Dedicated workspace,Kitchen,Refrigerator,Microwave,Cooking basics,Dishes and silverware,Dishwasher,Stove,Oven,Coffee maker,Baking sheet,Barbecue utensils,Waterfront,Private entrance,Patio or balcony,Backyard,BBQ grill,Free parking on premises,Free street parking,Pool,Long term stays allowed,Self check-in,Keypad",250.0,0.0,28.0,237.0,4.77,4.9,4.7,4.6,24354.0,346.1,0.164,0.284,3.0,60.0,54.4,3138.0,382.4,0.078,las_vegas,47,1730.5,1,0,0,365
14430759,Entire home,entire_home,36.1529,-115.1978,10.0,5,7.0,4.0,0,0,0,0,2,"Hair dryer,Hot water,Washer,Dryer,Essentials,Hangers,Bed linens,Extra pillows and blankets,Iron,TV,Ping pong table,Pool table,Board games,Air conditioning,Indoor fireplace,Ceiling fan,Heating,Exterior security cameras on property,Smoke alarm,Carbon monoxide alarm,Fire extinguisher,First aid kit,Wifi,Kitchen,Refrigerator,Microwave,Cooking basics,Dishes and silverware,Freezer,Dishwasher,Stove,Oven,Hot water kettle,Coffee maker,Wine glasses,Toaster,Barbecue utensils,Dining table,Private entrance,Patio or balcony,Outdoor furniture,Outdoor dining area,BBQ grill,Free parking on premises,Free street parking,Pool,Single level home,Luggage dropoff allowed,Long term stays allowed,Self check-in,Smart lock",251.0,0.0,29.0,248.0,4.64,4.4,4.8,4.7,33768.0,430.1,0.197,0.198,6.0,72.0,84.3,4144.0,385.7,0.1,las_vegas,51,2580.6,1,0,0,365
14618850,Entire home,entire_home,36.152274,-115.1419,6.0,4,4.0,1.0,1,0,0,0,1,"Bathtub,Shampoo,Hot water,Washer,Dryer,Essentials,Hangers,Bed linens,Iron,Clothing storage,TV,Air conditioning,Ceiling fan,Heating,Exterior security cameras on property,Smoke alarm,Carbon monoxide alarm,Fire extinguisher,Wifi,Kitchen,Refrigerator,Microwave,Cooking basics,Dishes and silverware,Freezer,Stove,Oven,Coffee maker,Toaster,Blender,Barbecue utensils,Dining table,Patio or balcony,Backyard,BBQ grill,Free parking on premises,Free street parking,Pets allowed,Self check-in,Keypad",150.0,0.0,24.0,246.0,4.69,4.8,4.8,4.7,41422.0,225.9,0.414,0.414,2.7,151.0,94.6,8228.0,223.9,0.322,las_vegas,40,2842.5750000000003,1,0,0,365
14773631,Entire home,entire_home,36.14118,-115.20535,8.0,3,6.0,2.0,1,0,0,0,2,"Hair dryer,Cleaning products,Shampoo,Conditioner,Hot water,Shower gel,Washer,Dryer,Essentials,Hangers,Extra pillows and blankets,Iron,TV,Crib,Air conditioning,Ceiling fan,Heating,Exterior security cameras on property,Smoke alarm,Carbon monoxide alarm,Fire extinguisher,First aid kit,Wifi,Kitchen,Refrigerator,Microwave,Cooking basics,Dishes and silverware,Dishwasher,Stove,Oven,Hot water kettle,Coffee maker,Wine glasses,Toaster,Blender,Dining table,BBQ grill,Free parking on premises,Free street parking,Pool,Pets allowed",149.0,0.0,23.0,423.0,4.69,4.8,4.7,4.6,72532.0,316.1,0.51,0.511,3.3,186.0,177.5,23106.0,347.1,0.622,las_vegas,42,4899.55,1,0,0,365
14819995,Entire home,entire_home,36.15225,-115.28813,12.0,4,7.0,3.0,1,0,0,1,3,"Air conditioning,Bathtub,Hair dryer,Cleaning products,Shampoo,Body soap,Hot water,Shower gel,Washer,Dryer,Essentials,Hangers,Bed linens,Extra pillows and blankets,Room-darkening shades,Iron,Clothing storage,TV,Pool table,Books and reading material,Mini golf,Pack ’n play/Travel crib,Changing table,Fireplace guards,Board games,Air conditioning,Indoor fireplace,Ceiling fan,Heating,Noise decibel monitors on property,Exterior security cameras on property,Smoke alarm,Carbon monoxide alarm,Fire extinguisher,First aid kit,Wifi,Dedicated workspace,Kitchen,Refrigerator,Microwave,Cooking basics,Dishes and silverware,Freezer,Dishwasher,Stove,Oven,Coffee maker,Toaster,Baking sheet,Blender,Rice maker,Barbecue utensils,Dining table,Coffee,Private entrance,Patio or balcony,Backyard,Fire pit,Outdoor furniture,Outdoor dining area,BBQ grill,Sun loungers,Free parking on premises,Pool,Hot tub,Pets allowed,Self check-in,Keypad",253.0,0.0,38.0,311.0,4.72,4.7,4.8,4.6,57588.0,544.0,0.274,0.321,3.2,100.0,139.8,10970.0,674.1,0.178,las_vegas,68,4533.333333333333,1,0,0,365
14898252,Entire villa,entire_home,36.31602,-115.29056,8.0,5,5.0,3.5,1,0,0,0,30,"Pets allowed,Bathtub,Hair dryer,Shampoo,Hot water,Washer,Dryer,Essentials,Hangers,Bed linens,Extra pillows and blankets,Room-darkening shades,Iron,Clothing storage,Ethernet connection,TV,Game console,Crib,Fireplace guards,Board games,Air conditioning,Indoor fireplace,Ceiling fan,Heating,Smoke alarm,Carbon monoxide alarm,Fire extinguisher,Wifi,Dedicated workspace,Kitchen,Refrigerator,Microwave,Cooking basics,Dishes and silverware,Freezer,Dishwasher,Stove,Oven,Hot water kettle,Coffee maker,Wine glasses,Toaster,Baking sheet,Blender,Barbecue utensils,Dining table,Private entrance,Patio or balcony,Backyard,Outdoor furniture,Outdoor dining area,BBQ grill,Free parking on premises,Free street parking,Pool,Pets allowed,Long term stays allowed,Self check-in,Lockbox",0.0,,45.0,9.0,4.89,4.7,4.9,4.7,2748.0,240.9,0.03,0.047,11.0,11.0,7.5,0.0,242.6,0.0,las_vegas,59,220.82500000000002,1,0,0,365
15192133,Entire condo,entire_home,36.14473,-115.18869,6.0,2,5.0,2.0,0,1,0,0,1,"Bathtub,Hair dryer,Cleaning products,Shampoo,Conditioner,Body soap,Outdoor shower,Hot water,Shower gel,Washer,Dryer,Essentials,Hangers,Bed linens,Extra pillows and blankets,Room-darkening shades,Iron,Clothing storage,TV,Pack ’n play/Travel crib,Air conditioning,Indoor fireplace,Ceiling fan,Portable fans,Heating,Smoke alarm,Carbon monoxide alarm,Fire extinguisher,First aid kit,Wifi,Dedicated workspace,Kitchen,Refrigerator,Microwave,Cooking basics,Dishes and silverware,Mini fridge,Freezer,Dishwasher,Stove,Oven,Hot water kettle,Coffee maker,Wine glasses,Toaster,Baking sheet,Blender,Dining table,Coffee,Patio or balcony,Backyard,Outdoor furniture,Outdoor dining area,Beach essentials,Sun loungers,Free parking on premises,Free street parking,Pool,Hot tub,Gym,Single level home,Pets allowed,Smoking allowed,Long term stays allowed,Self check-in,Keypad,Cleaning before checkout",96.0,0.0,41.0,45.0,4.53,4.5,4.6,4.5,2815.0,201.6,0.041,0.041,1.4,15.0,7.2,0.0,205.8,0.0,las_vegas,67,252.0,1,0,0,365
15221095,Entire home,entire_home,36.0022,-115.26006,8.0,3,3.0,2.5,1,0,1,0,31,"Pets allowed,Hair dryer,Cleaning products,Shampoo,Body soap,Bidet,Hot water,Shower gel,Washer,Dryer,Essentials,Hangers,Bed linens,Extra pillows and blankets,Iron,Drying rack for clothing,Clothing storage,TV,Record player,Exercise equipment,Crib,Pack ’n play/Travel crib,Children’s books and toys,High chair,Children’s dinnerware,Outlet covers,Board games,Air conditioning,Indoor fireplace,Ceiling fan,Heating,Exterior security cameras on property,Smoke alarm,Carbon monoxide alarm,Fire extinguisher,First aid kit,Wifi,Dedicated workspace,Kitchen,Refrigerator,Microwave,Cooking basics,Dishes and silverware,Freezer,Dishwasher,Stove,Oven,Hot water kettle,Coffee maker,Wine glasses,Toaster,Baking sheet,Blender,Barbecue utensils,Dining table,Coffee,Patio or balcony,Fire pit,Outdoor furniture,Free parking on premises,Free street parking,Luggage dropoff allowed,Breakfast,Long term stays allowed,Self check-in,Smart lock,Cleaning before checkout",7181.0,,8.0,10.0,4.9,5.0,4.6,4.8,2720.0,231.4,0.033,0.033,6.0,12.0,7.5,1477.0,246.0,0.067,las_vegas,67,231.4,1,0,0,365
15272092,Entire guesthouse,entire_home,36.05399,-115.1663,2.0,1,1.0,1.0,0,0,0,0,28,"Hair dryer,Cleaning products,Shampoo,Conditioner,Hot water,Shower gel,Washer,Dryer,Essentials,Hangers,Bed linens,Extra pillows and blankets,Iron,TV,Air conditioning,Ceiling fan,Heating,Smoke alarm,Carbon monoxide alarm,Fire extinguisher,Wifi,Dedicated workspace,Kitchen,Refrigerator,Microwave,Cooking basics,Dishes and silverware,Mini fridge,Freezer,Stove,Oven,Coffee maker,Wine glasses,Toaster,Baking sheet,Dining table,Private entrance,Patio or balcony,Backyard,Free parking on premises,Free street parking,Single level home,Luggage dropoff allowed,Long term stays allowed,Self check-in,Keypad",83.0,0.0,23.0,194.0,4.78,4.8,4.9,4.9,1127.0,86.7,0.03,0.04,5.5,11.0,2.6,0.0,0.0,0.0,las_vegas,46,79.47500000000001,1,0,0,365
15301187,Entire home,entire_home,36.14285,-115.18153,10.0,4,5.0,2.0,1,0,0,0,2,"Pool view,Bathtub,Hair dryer,Cleaning products,Shampoo,Conditioner,Hot water,Shower gel,Washer,Dryer,Essentials,Hangers,Bed linens,Extra pillows and blankets,Iron,TV,Game console,Pool table,Pack ’n play/Travel crib,Air conditioning,Ceiling fan,Heating,Exterior security cameras on property,Smoke alarm,Carbon monoxide alarm,Fire extinguisher,Wifi,Kitchen,Refrigerator,Microwave,Cooking basics,Dishes and silverware,Dishwasher,Stove,Oven,Hot water kettle,Coffee maker,Wine glasses,Toaster,Blender,Dining table,Patio or balcony,Outdoor furniture,BBQ grill,Free parking on premises,Free street parking,Pool,Pets allowed,Long term stays allowed,Self check-in,Keypad",141.0,0.0,24.0,476.0,4.65,4.7,4.7,4.6,94396.0,313.6,0.707,0.719,3.1,258.0,227.3,19985.0,326.4,0.578,las_vegas,51,6742.400000000001,1,0,0,365
15339604,Entire home,entire_home,36.15112,-115.19619,9.0,4,5.0,2.0,1,0,0,0,2,"Hair dryer,Cleaning products,Shampoo,Conditioner,Hot water,Shower gel,Washer,Dryer,Essentials,Hangers,Extra pillows and blankets,Iron,TV,Crib,Air conditioning,Ceiling fan,Heating,Exterior security cameras on property,Smoke alarm,Carbon monoxide alarm,Fire extinguisher,First aid kit,Wifi,Dedicated workspace,Kitchen,Refrigerator,Microwave,Cooking basics,Dishes and silverware,Dishwasher,Stove,Oven,Hot water kettle,Coffee maker,Wine glasses,Toaster,Blender,Dining table,Patio or balcony,Outdoor furniture,Outdoor dining area,BBQ grill,Free parking on premises,Free street parking,Pool,Pets allowed,Long term stays allowed,Self check-in,Lockbox",139.0,0.0,23.0,461.0,4.63,4.7,4.7,4.6,81265.0,302.4,0.627,0.633,3.1,229.0,195.6,15768.0,353.1,0.411,las_vegas,49,5770.799999999999,1,0,0,365
15374407,Entire home,entire_home,36.15181,-115.18333,8.0,4,6.0,2.0,1,0,0,1,2,"Hair dryer,Shampoo,Hot water,Washer,Dryer,Essentials,Hangers,Bed linens,Iron,TV,Air conditioning,Indoor fireplace,Heating,Exterior security cameras on property,Smoke alarm,Carbon monoxide alarm,Fire extinguisher,Wifi,Kitchen,Refrigerator,Microwave,Cooking basics,Dishes and silverware,Dishwasher,Stove,Oven,Coffee maker,Private entrance,Backyard,BBQ grill,Free parking on premises,Pool,Hot tub,Single level home,Self check-in,Smart lock",399.0,0.0,23.0,196.0,4.74,4.8,4.8,4.8,29243.0,563.9,0.11,0.117,2.9,40.0,67.0,10810.0,577.8,0.156,las_vegas,36,1879.6666666666667,1,0,0,365
15535906,Entire home,entire_home,35.99023,-115.20883,6.0,3,3.0,2.0,1,0,0,1,27,"Hair dryer,Shampoo,Hot water,Washer,Dryer,Essentials,Hangers,Bed linens,Extra pillows and blankets,Iron,TV,Air conditioning,Heating,Smoke alarm,Fire extinguisher,First aid kit,Wifi,Kitchen,Refrigerator,Microwave,Cooking basics,Dishes and silverware,Dishwasher,Stove,Oven,Coffee maker,Patio or balcony,Backyard,BBQ grill,Free parking on premises,Free street parking,Single level home",3443.0,,39.0,67.0,4.96,4.9,4.9,5.0,13235.0,126.6,0.293,0.5,13.4,107.0,36.3,0.0,134.6,0.0,las_vegas,32,1128.85,1,0,0,365
15540097,Entire home,entire_home,36.15136,-115.2385,13.0,4,9.0,3.5,1,0,0,1,3,"Pets allowed,Wifi,Bathtub,Hair dryer,Shampoo,Conditioner,Body soap,Hot water,Shower gel,Washer,Dryer,Essentials,Hangers,Bed linens,Extra pillows and blankets,Room-darkening shades,Iron,Clothing storage,TV,Exercise equipment,Crib,Pack ’n play/Travel crib,Children’s books and toys,High chair,Fireplace guards,Board games,Children's playroom,Outdoor playground,Air conditioning,Indoor fireplace,Ceiling fan,Heating,Smoke alarm,Carbon monoxide alarm,Fire extinguisher,First aid kit,Wifi,Dedicated workspace,Kitchen,Refrigerator,Microwave,Cooking basics,Dishes and silverware,Freezer,Dishwasher,Stove,Oven,Hot water kettle,Coffee maker,Wine glasses,Toaster,Baking sheet,Blender,Barbecue utensils,Dining table,Coffee,Beach access,Private entrance,Patio or balcony,Backyard,Fire pit,Outdoor furniture,Outdoor dining area,Outdoor kitchen,BBQ grill,Sun loungers,Free parking on premises,Free street parking,Pool,Hot tub,Single level home,Pets allowed,Luggage dropoff allowed,Smoking allowed,Long term stays allowed,Self check-in,Keypad",395.0,0.0,49.0,120.0,4.9,4.8,4.8,4.9,203752.0,987.2,0.507,0.514,3.9,185.0,507.4,54507.0,1100.2,0.511,las_vegas,77,15219.333333333334,1,0,0,365
16288151,Entire home,entire_home,36.1488,-115.14561,12.0,4,9.0,2.0,0,0,0,1,2,"Bathtub,Hair dryer,Cleaning products,Shampoo,Conditioner,Body soap,Hot water,Shower gel,Washer,Dryer,Essentials,Hangers,Bed linens,Room-darkening shades,Iron,Clothing storage,TV,Books and reading material,Life size games,Mini golf,Pack ’n play/Travel crib,Children’s books and toys,High chair,Baby bath,Children’s dinnerware,Air conditioning,Ceiling fan,Heating,Exterior security cameras on property,Smoke alarm,Carbon monoxide alarm,Fire extinguisher,First aid kit,Wifi,Dedicated workspace,Kitchen,Refrigerator,Microwave,Cooking basics,Dishes and silverware,Freezer,Dishwasher,Stove,Oven,Hot water kettle,Coffee maker,Wine glasses,Toaster,Baking sheet,Blender,Rice maker,Barbecue utensils,Dining table,Coffee,Private entrance,Patio or balcony,Backyard,Fire pit,Outdoor furniture,Outdoor dining area,BBQ grill,Sun loungers,Free parking on premises,Free street parking,EV charger,Single level home,Pets allowed,Luggage dropoff allowed,Self check-in,Smart lock",195.0,0.0,37.0,349.0,4.81,4.7,4.8,4.8,51337.0,491.3,0.247,0.247,2.9,90.0,124.1,8094.0,493.0,0.156,las_vegas,70,3684.75,1,0,0,365
16325169,Entire home,entire_home,36.1546,-115.2489,12.0,4,12.0,3.0,1,0,0,1,2,"Bathtub,Hair dryer,Cleaning products,Shampoo,Conditioner,Body soap,Hot water,Shower gel,Washer,Dryer,Essentials,Hangers,Bed linens,Extra pillows and blankets,Iron,Drying rack for clothing,Clothing storage,Ethernet connection,TV,Sound system,Ping pong table,Books and reading material,Life size games,Pack ’n play/Travel crib,Children’s books and toys,High chair,Children’s dinnerware,Fireplace guards,Board games,Air conditioning,Indoor fireplace,Ceiling fan,Portable fans,Heating,Exterior security cameras on property,Smoke alarm,Carbon monoxide alarm,Fire extinguisher,First aid kit,Wifi,Pocket wifi,Kitchen,Refrigerator,Microwave,Cooking basics,Dishes and silverware,Mini fridge,Freezer,Dishwasher,Stove,Oven,Hot water kettle,Coffee maker,Wine glasses,Toaster,Baking sheet,Blender,Barbecue utensils,Dining table,Coffee,Bread maker,Private entrance,Patio or balcony,Backyard,Fire pit,Outdoor furniture,Outdoor dining area,Outdoor kitchen,BBQ grill,Free parking on premises,Free street parking,Hot tub,Single level home,Luggage dropoff allowed,Long term stays allowed,Self check-in,Keypad",250.0,0.0,175.0,197.0,4.95,5.0,4.9,4.9,97645.0,625.7,0.397,0.397,4.0,145.0,243.5,22081.0,758.8,0.289,las_vegas,77,7560.541666666667,1,0,0,365
16435391,Entire home,entire_home,36.16814,-115.19833,10.0,4,6.0,3.0,1,0,0,0,2,"Hair dryer,Cleaning products,Shampoo,Conditioner,Hot water,Shower gel,Washer,Dryer,Essentials,Hangers,Extra pillows and blankets,Iron,TV,Crib,Pack ’n play/Travel crib,High chair,Air conditioning,Ceiling fan,Heating,Exterior security cameras on property,Smoke alarm,Carbon monoxide alarm,Fire extinguisher,First aid kit,Wifi,Kitchen,Refrigerator,Microwave,Cooking basics,Dishes and silverware,Dishwasher,Stove,Oven,Hot water kettle,Coffee maker,Wine glasses,Toaster,Baking sheet,Blender,Barbecue utensils,Dining table,Coffee,Patio or balcony,Outdoor furniture,Outdoor dining area,BBQ grill,Free parking on premises,Free street parking,Pool",140.0,0.0,26.0,426.0,4.61,4.7,4.6,4.6,83119.0,368.7,0.54,0.54,3.3,197.0,206.2,21066.0,436.2,0.456,las_vegas,49,6052.825,1,0,0,365
16453050,Entire home,entire_home,36.15258,-115.17886,8.0,4,6.0,3.0,1,0,0,1,2,"Hair dryer,Shampoo,Hot water,Washer,Dryer,Essentials,Hangers,Bed linens,Iron,TV,Air conditioning,Heating,Smoke alarm,Fire extinguisher,Wifi,Kitchen,Refrigerator,Microwave,Cooking basics,Dishes and silverware,Dishwasher,Stove,Oven,Coffee maker,Baking sheet,Private entrance,Patio or balcony,Backyard,BBQ grill,Free parking on premises,Pool,Single level home,Self check-in,Smart lock",399.0,0.0,34.0,201.0,4.86,4.9,4.9,4.8,61825.0,656.9,0.214,0.214,3.5,78.0,146.4,12144.0,639.9,0.178,las_vegas,34,4269.849999999999,1,0,0,365
16535415,Entire home,entire_home,36.03933,-115.20284,16.0,5,8.0,3.0,0,0,0,1,3,"Pets allowed,Bathtub,Hair dryer,Cleaning products,Shampoo,Conditioner,Body soap,Hot water,Shower gel,Washer,Dryer,Essentials,Hangers,Bed linens,Extra pillows and blankets,Room-darkening shades,Iron,Drying rack for clothing,Clothing storage,Ethernet connection,TV,Pool table,Air conditioning,Indoor fireplace,Ceiling fan,Heating,Exterior security cameras on property,Smoke alarm,Carbon monoxide alarm,Fire extinguisher,First aid kit,Wifi,Dedicated workspace,Kitchen,Refrigerator,Microwave,Cooking basics,Dishes and silverware,Freezer,Dishwasher,Stove,Oven,Hot water kettle,Coffee maker,Wine glasses,Toaster,Baking sheet,Blender,Barbecue utensils,Dining table,Coffee,Private entrance,Laundromat nearby,Patio or balcony,Backyard,Outdoor furniture,Outdoor dining area,BBQ grill,Free parking on premises,Free street parking,EV charger,Luggage dropoff allowed,Long term stays allowed,Self check-in,Smart lock",275.0,0.0,59.0,355.0,4.88,4.8,4.9,4.8,68400.0,401.1,0.375,0.375,3.7,137.0,163.3,12043.0,425.6,0.233,las_vegas,65,4579.225,1,0,0,365
16542862,Entire home,entire_home,36.15486,-115.2049,8.0,4,4.0,2.0,1,1,0,1,3,"Hair dryer,Cleaning products,Shampoo,Conditioner,Body soap,Hot water,Shower gel,Washer,Dryer,Essentials,Hangers,Bed linens,Extra pillows and blankets,Iron,Clothing storage,TV,Ping pong table,Pool table,Books and reading material,Mini golf,Pack ’n play/Travel crib,Children’s books and toys,High chair,Board games,Air conditioning,Indoor fireplace,Ceiling fan,Portable fans,Heating,Exterior security cameras on property,Smoke alarm,Carbon monoxide alarm,Fire extinguisher,First aid kit,Wifi,Dedicated workspace,Kitchen,Refrigerator,Microwave,Cooking basics,Dishes and silverware,Freezer,Dishwasher,Stove,Oven,Hot water kettle,Coffee maker,Wine glasses,Toaster,Baking sheet,Blender,Barbecue utensils,Dining table,Private entrance,Laundromat nearby,Patio or balcony,Backyard,Outdoor furniture,Outdoor dining area,BBQ grill,Beach essentials,Sun loungers,Free parking on premises,Pool,Hot tub,Single level home,Luggage dropoff allowed,Long term stays allowed,Self check-in,Smart lock",374.0,0.0,33.0,268.0,4.86,4.9,4.7,4.7,103550.0,627.3,0.373,0.373,2.8,136.0,238.6,25438.0,640.6,0.378,las_vegas,70,7109.399999999999,1,0,0,365
942594,Entire home,entire_home,33.8045,-117.9321,10.0,4,8,3.0,0,0,0,0,3,"Bathtub,Hair dryer,Cleaning products,Shampoo,Conditioner,Body soap,Hot water,Shower gel,Washer,Dryer,Essentials,Hangers,Bed linens,Extra pillows and blankets,Room-darkening shades,Iron,Clothing storage,Ethernet connection,TV,Arcade games,Books and reading material,Theme room,Life size games,Pack ’n play/Travel crib,Children’s books and toys,High chair,Children’s dinnerware,Board games,Children's playroom,Air conditioning,Portable fans,Heating,Exterior security cameras on property,Smoke alarm,Carbon monoxide alarm,Fire extinguisher,First aid kit,Wifi,Dedicated workspace,Kitchen,Refrigerator,Microwave,Cooking basics,Dishes and silverware,Freezer,Dishwasher,Stove,Oven,Hot water kettle,Coffee maker,Wine glasses,Toaster,Baking sheet,Blender,Barbecue utensils,Dining table,Backyard,Fire pit,Outdoor furniture,Outdoor dining area,BBQ grill,Beach essentials,Free parking on premises,Pool,Single level home,Self check-in,Keypad",275.0,0.0,46.0,97.0,4.98,4.9,4.9,4.9,204657.0,688.0,0.729,0.743,4.0,266.0,512.5,56660.0,834.0,0.678,anaheim,67,15250.666666666666,1,0,0,365
1752258,Entire home,entire_home,33.83122,-117.92336,10.0,4,9,2.0,0,0,0,0,3,"Bathtub,Hair dryer,Shampoo,Conditioner,Hot water,Shower gel,Washer,Dryer,Essentials,Hangers,Bed linens,Room-darkening shades,Iron,Safe,Clothing storage,TV,Sound system,Game console,Crib,Pack ’n play/Travel crib,Children’s books and toys,High chair,Children’s dinnerware,Changing table,Fireplace guards,Outlet covers,Air conditioning,Indoor fireplace,Heating,Exterior security cameras on property,Smoke alarm,Carbon monoxide alarm,Fire extinguisher,First aid kit,Wifi,Kitchen,Refrigerator,Microwave,Cooking basics,Dishes and silverware,Dishwasher,Stove,Oven,Coffee maker,Baking sheet,Barbecue utensils,Dining table,Coffee,Patio or balcony,Backyard,BBQ grill,Sun loungers,Free parking on premises,Free street parking,Pool,Single level home,Luggage dropoff allowed,Long term stays allowed,Self check-in,Smart lock",200.0,0.0,49.0,203.0,4.92,4.9,4.9,4.9,131602.0,429.3,0.781,0.888,4.3,285.0,327.7,18774.0,486.4,0.4,anaheim,60,10195.875,1,0,0,365
2087030,Entire home,entire_home,33.8003,-117.9246,10.0,4,7,2.5,0,0,0,0,3,"Bathtub,Hair dryer,Cleaning products,Shampoo,Conditioner,Body soap,Hot water,Shower gel,Washer,Dryer,Essentials,Hangers,Bed linens,Extra pillows and blankets,Room-darkening shades,Iron,Clothing storage,Ethernet connection,TV,Arcade games,Books and reading material,Theme room,Pack ’n play/Travel crib,Children’s books and toys,High chair,Children’s dinnerware,Board games,Children's playroom,Portable fans,Heating,Exterior security cameras on property,Smoke alarm,Carbon monoxide alarm,Fire extinguisher,First aid kit,Wifi,Dedicated workspace,Kitchen,Refrigerator,Microwave,Cooking basics,Dishes and silverware,Freezer,Dishwasher,Stove,Oven,Hot water kettle,Coffee maker,Wine glasses,Toaster,Baking sheet,Blender,Barbecue utensils,Dining table,Backyard,Fire pit,Outdoor furniture,Outdoor dining area,BBQ grill,Beach essentials,Sun loungers,Free parking on premises,Pool,Single level home,Self check-in,Keypad",275.0,0.0,55.0,102.0,4.96,5.0,4.9,4.8,224430.0,700.2,0.797,0.806,4.3,291.0,566.7,69597.0,849.4,0.833,anaheim,66,16979.850000000002,1,0,0,365
2151046,Entire home,entire_home,33.802034,-117.928031,10.0,4,7,2.0,0,0,0,0,3,"Bathtub,Hair dryer,Shampoo,Conditioner,Body soap,Hot water,Shower gel,Washer,Dryer,Essentials,Hangers,Bed linens,Iron,Clothing storage,TV,Books and reading material,Pack ’n play/Travel crib,Children’s books and toys,High chair,Children’s dinnerware,Fireplace guards,Children's playroom,Air conditioning,Indoor fireplace,Ceiling fan,Portable fans,Heating,Exterior security cameras on property,Smoke alarm,Carbon monoxide alarm,Fire extinguisher,First aid kit,Wifi,Kitchen,Refrigerator,Microwave,Cooking basics,Dishes and silverware,Freezer,Dishwasher,Stove,Oven,Hot water kettle,Coffee maker,Wine glasses,Toaster,Baking sheet,Blender,Rice maker,Barbecue utensils,Dining table,Coffee,Private entrance,Backyard,Outdoor furniture,BBQ grill,Free parking on premises,Hot tub,Single level home,Long term stays allowed,Self check-in,Keypad",250.0,0.0,24.0,294.0,4.97,5.0,5.0,4.9,124036.0,501.9,0.603,0.621,4.1,220.0,305.6,31586.0,550.0,0.578,anaheim,62,9201.5,1,0,0,365
2211137,Entire rental unit,entire_home,33.81354,-117.92896,7.0,2,5,1.5,0,0,0,0,3,"Bathtub,Hair dryer,Cleaning products,Shampoo,Conditioner,Body soap,Hot water,Shower gel,Washer,Dryer,Essentials,Hangers,Bed linens,Extra pillows and blankets,Room-darkening shades,Iron,Safe,Clothing storage,TV,Books and reading material,Pack ’n play/Travel crib,Children’s books and toys,High chair,Children’s dinnerware,Baby monitor,Board games,Baby safety gates,Outdoor playground,Air conditioning,Indoor fireplace,Ceiling fan,Portable fans,Heating,Exterior security cameras on property,Smoke alarm,Carbon monoxide alarm,Fire extinguisher,First aid kit,Wifi,Kitchen,Refrigerator,Microwave,Cooking basics,Dishes and silverware,Freezer,Dishwasher,Stove,Oven,Hot water kettle,Coffee maker,Wine glasses,Toaster,Baking sheet,Blender,Rice maker,Barbecue utensils,Dining table,Coffee,Patio or balcony,BBQ grill,Free parking on premises,Pool,Hot tub,Paid parking on premises,Luggage dropoff allowed,Cleaning before checkout",175.0,0.0,30.0,299.0,4.91,5.0,4.9,4.9,94316.0,292.7,0.77,0.841,3.8,281.0,225.3,14900.0,285.4,0.5,anaheim,66,6854.058333333333,1,0,0,365
2791198,Entire serviced apartment,entire_home,33.80427,-117.90959,3.0,1,2,1.0,0,0,0,0,1,"Bathtub,Hair dryer,Cleaning products,Shampoo,Conditioner,Body soap,Hot water,Washer,Dryer,Essentials,Hangers,Bed linens,Extra pillows and blankets,Iron,Clothing storage,TV,Arcade games,Pack ’n play/Travel crib,Air conditioning,Heating,Smoke alarm,Carbon monoxide alarm,Fire extinguisher,First aid kit,Wifi,Dedicated workspace,Kitchen,Refrigerator,Microwave,Cooking basics,Dishes and silverware,Freezer,Dishwasher,Stove,Oven,Coffee maker,Wine glasses,Toaster,Barbecue utensils,Dining table,Coffee,Private entrance,Resort access,Patio or balcony,BBQ grill,Bikes,Pool,Hot tub,Elevator,Gym,Paid parking on premises,Doorman,Luggage dropoff allowed,Long term stays allowed,Self check-in,Building staff",99.0,0.0,15.0,5.0,4.8,5.0,5.0,5.0,20188.0,248.5,0.186,0.261,2.2,68.0,49.9,1039.0,229.5,0.044,anaheim,56,1408.1666666666667,1,0,0,365
2868066,Entire home,entire_home,33.82165,-117.9259,9.0,3,6,2.0,0,0,0,0,3,"Bathtub,Hair dryer,Shampoo,Conditioner,Body soap,Hot water,Washer,Dryer,Essentials,Hangers,Bed linens,Room-darkening shades,Iron,Clothing storage,TV,Crib,Pack ’n play/Travel crib,High chair,Air conditioning,Heating,Exterior security cameras on property,Smoke alarm,Carbon monoxide alarm,Fire extinguisher,Wifi,Kitchen,Refrigerator,Microwave,Cooking basics,Dishes and silverware,Freezer,Dishwasher,Stove,Oven,Hot water kettle,Coffee maker,Wine glasses,Toaster,Baking sheet,Blender,Rice maker,Barbecue utensils,Dining table,Private entrance,Patio or balcony,Backyard,Outdoor furniture,Outdoor dining area,BBQ grill,Free parking on premises,Pool,Hot tub,Long term stays allowed,Self check-in,Smart lock",296.0,0.0,21.0,408.0,4.85,4.8,4.9,4.7,142429.0,476.4,0.723,0.805,3.9,264.0,335.1,16144.0,526.3,0.333,anaheim,55,10480.8,1,0,0,365
4357343,Entire condo,entire_home,33.84283,-117.86203,9.0,3,4,0.0,0,0,0,0,3,"Bathtub,Hair dryer,Shampoo,Hot water,Washer,Dryer,Essentials,Hangers,Bed linens,Iron,TV,Pack ’n play/Travel crib,Children’s books and toys,Air conditioning,Heating,Smoke alarm,Carbon monoxide alarm,Fire extinguisher,First aid kit,Wifi,Kitchen,Refrigerator,Microwave,Cooking basics,Dishes and silverware,Dishwasher,Stove,Oven,Coffee maker,Baking sheet,Barbecue utensils,Private entrance,Patio or balcony,BBQ grill,Free parking on premises,Pool,Self check-in,Keypad",275.0,0.0,27.0,220.0,4.78,4.7,4.7,4.7,61844.0,352.2,0.408,0.456,4.7,149.0,149.1,16651.0,377.5,0.4,anaheim,38,4373.15,1,0,0,365
4446899,Entire home,entire_home,33.8261,-117.88101,9.0,3,5,2.0,0,0,0,0,3,"Bathtub,Hair dryer,Cleaning products,Shampoo,Conditioner,Body soap,Hot water,Shower gel,Washer,Dryer,Essentials,Hangers,Bed linens,Extra pillows and blankets,Room-darkening shades,Iron,Clothing storage,Ethernet connection,TV,Pool table,Books and reading material,Crib,Pack ’n play/Travel crib,Children’s books and toys,High chair,Children’s dinnerware,Fireplace guards,Window guards,Outlet covers,Air conditioning,Indoor fireplace,Ceiling fan,Heating,Smoke alarm,Carbon monoxide alarm,Fire extinguisher,First aid kit,Wifi,Pocket wifi,Kitchen,Refrigerator,Microwave,Cooking basics,Dishes and silverware,Freezer,Dishwasher,Stove,Oven,Hot water kettle,Coffee maker,Wine glasses,Toaster,Blender,Rice maker,Barbecue utensils,Dining table,Private entrance,Laundromat nearby,Patio or balcony,Backyard,Fire pit,Outdoor furniture,Outdoor dining area,BBQ grill,Beach essentials,Free parking on premises,Hot tub,Single level home,Luggage dropoff allowed,Long term stays allowed,Self check-in,Keypad",245.0,0.0,5.0,181.0,4.92,4.9,5.0,4.8,111333.0,331.9,0.786,0.834,3.9,287.0,257.4,21148.0,358.8,0.589,anaheim,72,7937.941666666666,1,0,0,365
4533430,Entire home,entire_home,33.82626,-117.88049,9.0,3,5,2.0,0,0,0,0,3,"Bathtub,Hair dryer,Shampoo,Conditioner,Body soap,Hot water,Shower gel,Washer,Dryer,Essentials,Hangers,Bed linens,Extra pillows and blankets,Room-darkening shades,Iron,Ethernet connection,TV,Crib,Pack ’n play/Travel crib,Children’s books and toys,High chair,Children’s dinnerware,Fireplace guards,Outlet covers,Air conditioning,Indoor fireplace,Ceiling fan,Heating,Smoke alarm,Carbon monoxide alarm,Fire extinguisher,First aid kit,Wifi,Kitchen,Refrigerator,Microwave,Cooking basics,Dishes and silverware,Freezer,Dishwasher,Stove,Oven,Coffee maker,Rice maker,Barbecue utensils,Private entrance,Laundromat nearby,Patio or balcony,Backyard,BBQ grill,Beach essentials,Free parking on premises,Hot tub,Gym,Single level home,Luggage dropoff allowed,Self check-in,Keypad",245.0,0.0,88.0,202.0,4.9,4.8,4.9,4.8,122770.0,344.0,0.838,0.845,4.1,306.0,286.7,31146.0,376.5,0.811,anaheim,58,8772.0,1,0,0,365
4614971,Entire villa,entire_home,33.82669,-117.99062,15.0,6,14,6.0,0,0,0,0,3,"Hair dryer,Shampoo,Outdoor shower,Hot water,Washer,Dryer,Essentials,Hangers,Iron,Ethernet connection,TV,Books and reading material,Crib,Pack ’n play/Travel crib,Children’s books and toys,High chair,Air conditioning,Indoor fireplace,Ceiling fan,Heating,Exterior security cameras on property,Smoke alarm,Carbon monoxide alarm,Fire extinguisher,Wifi,Kitchen,Refrigerator,Microwave,Dishes and silverware,Freezer,Dishwasher,Stove,Oven,Coffee maker,Free parking on premises,Pool,Self check-in,Keypad",98.0,0.0,36.0,116.0,4.69,4.7,4.7,4.6,36209.0,742.3,0.132,0.151,3.7,48.0,96.0,7638.0,727.1,0.111,anaheim,38,2969.1999999999994,1,0,0,365
4840972,Entire rental unit,entire_home,33.836,-117.9129,4.0,1,1,1.0,0,0,0,0,3,"Bathtub,Hair dryer,Shampoo,Hot water,Washer,Dryer,Essentials,Hangers,Bed linens,Extra pillows and blankets,Iron,TV,Crib,Pack ’n play/Travel crib,Babysitter recommendations,Air conditioning,Heating,Smoke alarm,Carbon monoxide alarm,Fire extinguisher,Wifi,Dedicated workspace,Kitchen,Refrigerator,Microwave,Cooking basics,Dishes and silverware,Dishwasher,Stove,Oven,Coffee maker,Private entrance,Free parking on premises,Free street parking,Elevator,EV charger,Single level home,Luggage dropoff allowed,Long term stays allowed,Self check-in,Keypad",85.0,0.0,29.0,589.0,4.69,4.8,4.9,4.8,35277.0,111.7,0.732,0.746,3.8,267.0,81.7,9169.0,120.1,0.722,anaheim,41,2485.3250000000003,1,0,0,365
4844704,Entire home,entire_home,33.79915,-117.93365,10.0,4,8,2.0,0,0,0,0,3,"Garden view,Hair dryer,Shampoo,Hot water,Washer,Dryer,Essentials,Hangers,Iron,TV,Ping pong table,Pack ’n play/Travel crib,Children’s books and toys,High chair,Children’s dinnerware,Air conditioning,Heating,Smoke alarm,Carbon monoxide alarm,Fire extinguisher,First aid kit,Wifi,Dedicated workspace,Kitchen,Refrigerator,Microwave,Cooking basics,Dishes and silverware,Dishwasher,Stove,Oven,Coffee maker,Wine glasses,Dining table,Resort access,Patio or balcony,Backyard,Outdoor furniture,BBQ grill,Free parking on premises,Hot tub,Self check-in,Keypad",363.0,0.0,54.0,172.0,4.6,4.8,4.9,4.6,93385.0,520.0,0.422,0.483,3.9,154.0,220.0,14693.0,534.0,0.256,anaheim,43,6673.333333333333,1,0,0,365
4992485,Entire rental unit,entire_home,33.81325,-117.93002,7.0,2,6,2.5,0,0,0,0,3,"Bathtub,Hair dryer,Shampoo,Body soap,Washer,Dryer,Essentials,Hangers,Bed linens,Extra pillows and blankets,Room-darkening shades,Iron,TV,Pack ’n play/Travel crib,Children’s books and toys,High chair,Children’s dinnerware,Changing table,Baby monitor,Fireplace guards,Baby safety gates,Air conditioning,Heating,Exterior security cameras on property,Smoke alarm,Carbon monoxide alarm,Fire extinguisher,First aid kit,Wifi,Kitchen,Refrigerator,Microwave,Cooking basics,Dishes and silverware,Dishwasher,Stove,Oven,Coffee maker,Patio or balcony,Outdoor furniture,BBQ grill,Sun loungers,Free parking on premises,Pool,Hot tub,Paid parking on premises,Luggage dropoff allowed",175.0,0.0,32.0,231.0,4.93,4.9,4.9,4.9,101259.0,292.7,0.833,0.871,3.9,304.0,242.9,21358.0,303.3,0.7,anaheim,47,7415.066666666667,1,0,0,365
5490451,Entire condo,entire_home,33.81382,-117.93047,7.0,2,5,2.5,0,0,0,0,3,"Hair dryer,Shampoo,Conditioner,Body soap,Hot water,Washer,Dryer,Hangers,Bed linens,Extra pillows and blankets,Iron,TV,Crib,Pack ’n play/Travel crib,High chair,Outdoor playground,Air conditioning,Heating,Smoke alarm,Carbon monoxide alarm,Fire extinguisher,Wifi,Kitchen,Refrigerator,Microwave,Dishes and silverware,Dishwasher,Stove,Oven,Coffee maker,Wine glasses,Toaster,Blender,Dining table,Private entrance,Patio or balcony,Outdoor furniture,BBQ grill,Free parking on premises,Pool,Hot tub,Self check-in,Smart lock",449.0,0.0,28.0,114.0,4.6,4.6,4.7,4.5,124907.0,342.2,0.784,0.875,4.1,286.0,268.4,20529.0,369.2,0.478,anaheim,43,8155.766666666666,1,0,0,365
5640550,Entire home,entire_home,33.80678,-117.93594,9.0,4,6,2.0,0,0,0,0,3,"Hair dryer,Shampoo,Hot water,Washer,Dryer,Essentials,Hangers,Iron,TV,Pack ’n play/Travel crib,Children’s books and toys,High chair,Children’s dinnerware,Air conditioning,Heating,Smoke alarm,Carbon monoxide alarm,Fire extinguisher,Wifi,Dedicated workspace,Kitchen,Refrigerator,Microwave,Cooking basics,Dishes and silverware,Dishwasher,Stove,Oven,Coffee maker,Patio or balcony,Backyard,BBQ grill,Free parking on premises,Free street parking,Pool,Self check-in,Keypad",304.0,0.0,22.0,216.0,4.74,4.9,4.8,4.7,103488.0,461.2,0.542,0.582,4.2,198.0,245.2,16869.0,553.1,0.3,anaheim,37,7609.799999999999,1,0,0,365
5914330,Entire home,entire_home,33.81378,-117.96435,9.0,4,5,2.0,0,0,0,0,3,"Hair dryer,Shampoo,Body soap,Washer,Dryer,Essentials,Hangers,Bed linens,Extra pillows and blankets,Iron,TV,Sound system,Pack ’n play/Travel crib,Air conditioning,Ceiling fan,Heating,Smoke alarm,Carbon monoxide alarm,Fire extinguisher,First aid kit,Wifi,Kitchen,Cooking basics,Dishes and silverware,Dishwasher,Coffee maker,Outdoor furniture,BBQ grill,Free parking on premises,Self check-in,Keypad",241.0,0.0,47.0,546.0,4.86,4.8,4.8,4.8,85435.0,349.0,0.556,0.569,3.8,203.0,201.1,29727.0,404.1,0.678,anaheim,31,5903.916666666667,1,0,0,365
6214395,Entire home,entire_home,33.81021,-117.93292,9.0,3,7,2.5,0,0,0,0,3,"Garden view,Pool view,Bathtub,Hair dryer,Cleaning products,Shampoo,Conditioner,Body soap,Hot water,Shower gel,Washer,Dryer,Essentials,Hangers,Bed linens,Extra pillows and blankets,Room-darkening shades,Iron,Drying rack for clothing,Clothing storage,TV,Record player,Ping pong table,Books and reading material,Pack ’n play/Travel crib,Children’s books and toys,High chair,Children’s dinnerware,Fireplace guards,Outlet covers,Board games,Air conditioning,Indoor fireplace,Heating,Exterior security cameras on property,Smoke alarm,Carbon monoxide alarm,Fire extinguisher,First aid kit,Wifi,Dedicated workspace,Kitchen,Refrigerator,Microwave,Cooking basics,Dishes and silverware,Mini fridge,Freezer,Dishwasher,Stove,Oven,Hot water kettle,Coffee maker,Wine glasses,Toaster,Baking sheet,Blender,Rice maker,Barbecue utensils,Dining table,Private entrance,Laundromat nearby,Patio or balcony,Backyard,Outdoor furniture,Outdoor dining area,Outdoor kitchen,BBQ grill,Free parking on premises,Free street parking,Pool,Single level home,Luggage dropoff allowed,Long term stays allowed,Self check-in,Keypad,Cleaning before checkout",295.0,0.0,42.0,376.0,4.83,4.9,4.9,4.7,147226.0,404.9,0.852,0.869,4.1,311.0,345.2,40278.0,491.6,0.8,anaheim,77,10493.658333333333,1,0,0,365
6481192,Entire rental unit,entire_home,33.8367,-117.9147,6.0,2,2,2.0,0,0,0,0,3,"Bathtub,Hair dryer,Shampoo,Hot water,Washer,Dryer,Essentials,Hangers,Bed linens,Extra pillows and blankets,Room-darkening shades,Iron,TV,Crib,Pack ’n play/Travel crib,Air conditioning,Heating,Smoke alarm,Carbon monoxide alarm,Fire extinguisher,First aid kit,Wifi,Dedicated workspace,Kitchen,Refrigerator,Microwave,Cooking basics,Dishes and silverware,Dishwasher,Stove,Oven,Coffee maker,Private entrance,Free parking on premises,Free street parking,Elevator,EV charger,Single level home,Luggage dropoff allowed,Long term stays allowed,Self check-in,Smart lock",95.0,0.0,26.0,471.0,4.69,4.7,4.9,4.8,52528.0,197.0,0.638,0.649,4.0,233.0,129.6,17032.0,216.1,0.8,anaheim,42,3825.0833333333335,1,0,0,365
6482124,Entire rental unit,entire_home,33.8367,-117.9143,6.0,2,2,2.0,0,0,0,0,3,"Wifi,Bathtub,Hair dryer,Shampoo,Hot water,Washer,Dryer,Essentials,Hangers,Bed linens,Extra pillows and blankets,Room-darkening shades,Iron,Clothing storage,TV,Pack ’n play/Travel crib,Window guards,Babysitter recommendations,Air conditioning,Heating,Smoke alarm,Carbon monoxide alarm,Fire extinguisher,Wifi,Dedicated workspace,Kitchen,Refrigerator,Microwave,Cooking basics,Dishes and silverware,Dishwasher,Stove,Oven,Coffee maker,Free parking on premises,Free street parking,Elevator,EV charger,Single level home,Luggage dropoff allowed,Long term stays allowed,Self check-in,Keypad",95.0,0.0,79.0,489.0,4.66,4.7,4.8,4.7,52156.0,165.1,0.748,0.763,4.0,273.0,125.7,14593.0,182.8,0.789,anaheim,43,3756.0249999999996,1,0,0,365
6494101,Entire rental unit,entire_home,33.8366,-117.9143,6.0,2,2,2.0,0,0,0,0,3,"Bathtub,Hair dryer,Shampoo,Conditioner,Body soap,Hot water,Washer,Dryer,Essentials,Hangers,Bed linens,Room-darkening shades,Iron,TV,Crib,Pack ’n play/Travel crib,Window guards,Air conditioning,Heating,Smoke alarm,Carbon monoxide alarm,Fire extinguisher,Wifi,Dedicated workspace,Kitchen,Refrigerator,Microwave,Cooking basics,Dishes and silverware,Freezer,Dishwasher,Stove,Hot water kettle,Coffee maker,Toaster,Private entrance,Free parking on premises,Free street parking,Elevator,EV charger,Luggage dropoff allowed,Long term stays allowed,Self check-in,Keypad",95.0,0.0,31.0,441.0,4.63,4.8,4.9,4.7,57195.0,166.7,0.822,0.829,3.6,300.0,137.4,14398.0,187.0,0.767,anaheim,44,4167.5,1,0,0,365
6577658,Entire home,entire_home,33.82438,-117.96248,16.0,6,18,4.0,0,0,0,0,3,"Bathtub,Hair dryer,Shampoo,Body soap,Washer,Dryer,Essentials,Hangers,Bed linens,Extra pillows and blankets,Iron,TV,Game console,Pack ’n play/Travel crib,Children’s books and toys,High chair,Children’s dinnerware,Baby safety gates,Air conditioning,Heating,Smoke alarm,Carbon monoxide alarm,Fire extinguisher,First aid kit,Wifi,Dedicated workspace,Kitchen,Refrigerator,Microwave,Cooking basics,Dishes and silverware,Mini fridge,Dishwasher,Stove,Oven,Coffee maker,Dining table,Patio or balcony,Backyard,Outdoor furniture,BBQ grill,Sun loungers,Free parking on premises,Pool,Hot tub,Pets allowed,Long term stays allowed,Self check-in,Keypad",450.0,0.0,75.0,101.0,4.96,4.9,4.8,4.7,280681.0,1530.0,0.471,0.489,4.5,172.0,724.6,89512.0,1837.1,0.522,anaheim,49,21930.0,1,0,0,365
6628905,Entire home,entire_home,33.79956,-117.93493,10.0,4,8,3.5,0,0,0,0,3,"Bathtub,Hair dryer,Cleaning products,Shampoo,Conditioner,Body soap,Hot water,Shower gel,Washer,Dryer,Essentials,Hangers,Bed linens,Extra pillows and blankets,Room-darkening shades,Iron,Clothing storage,TV,Exercise equipment,Arcade games,Crib,Pack ’n play/Travel crib,Children’s books and toys,High chair,Baby bath,Children’s dinnerware,Fireplace guards,Board games,Air conditioning,Indoor fireplace,Heating,Exterior security cameras on property,Smoke alarm,Carbon monoxide alarm,Fire extinguisher,First aid kit,Wifi,Dedicated workspace,Pocket wifi,Kitchen,Refrigerator,Microwave,Cooking basics,Dishes and silverware,Mini fridge,Freezer,Dishwasher,Stove,Oven,Hot water kettle,Coffee maker,Wine glasses,Toaster,Baking sheet,Blender,Barbecue utensils,Coffee,Private entrance,Patio or balcony,Backyard,Fire pit,Outdoor furniture,Hammock,Outdoor dining area,Outdoor kitchen,BBQ grill,Sun loungers,Free parking on premises,Pool,Hot tub,Single level home,Long term stays allowed,Self check-in,Keypad",314.0,0.0,40.0,187.0,4.79,4.7,4.8,4.7,104129.0,750.6,0.351,0.424,4.4,128.0,262.1,2053.0,798.6,0.022,anaheim,74,8006.400000000001,1,0,0,365
6629411,Entire rental unit,entire_home,33.8364,-117.9145,4.0,1,1,1.0,0,0,0,0,3,"Hair dryer,Shampoo,Hot water,Washer,Dryer,Essentials,Hangers,Bed linens,Extra pillows and blankets,Iron,TV,Crib,Pack ’n play/Travel crib,Air conditioning,Ceiling fan,Heating,Smoke alarm,Fire extinguisher,Wifi,Dedicated workspace,Kitchen,Refrigerator,Microwave,Cooking basics,Dishes and silverware,Freezer,Dishwasher,Stove,Oven,Hot water kettle,Coffee maker,Private entrance,Free parking on premises,Free street parking,Elevator,EV charger,Luggage dropoff allowed,Long term stays allowed,Self check-in,Keypad",86.0,0.0,5.0,498.0,4.74,4.8,4.9,4.8,34283.0,115.4,0.688,0.703,3.8,251.0,80.0,7922.0,123.5,0.611,anaheim,40,2413.7833333333333,1,0,0,365
6677332,Entire rental unit,entire_home,33.8357,-117.9139,6.0,2,2,2.0,0,0,0,0,3,"Hair dryer,Shampoo,Hot water,Washer,Dryer,Essentials,Hangers,Bed linens,Extra pillows and blankets,Iron,TV,Crib,Pack ’n play/Travel crib,Air conditioning,Heating,Smoke alarm,Carbon monoxide alarm,Fire extinguisher,First aid kit,Wifi,Dedicated workspace,Kitchen,Refrigerator,Cooking basics,Dishes and silverware,Coffee maker,Private entrance,Free parking on premises,Free street parking,Elevator,Luggage dropoff allowed,Long term stays allowed,Self check-in,Keypad",95.0,0.0,24.0,447.0,4.68,4.8,4.9,4.7,46868.0,155.5,0.699,0.71,3.6,255.0,110.7,13498.0,176.4,0.744,anaheim,34,3304.375,1,0,0,365
6799356,Entire home,entire_home,33.81044,-117.93282,7.0,3,5,2.0,0,0,0,0,4,"Bathtub,Hair dryer,Cleaning products,Shampoo,Conditioner,Body soap,Hot water,Shower gel,Washer,Dryer,Essentials,Hangers,Bed linens,Extra pillows and blankets,Room-darkening shades,Iron,Drying rack for clothing,Clothing storage,TV,Game console,Pool table,Arcade games,Theme room,Pack ’n play/Travel crib,Children’s books and toys,High chair,Children’s dinnerware,Fireplace guards,Children's playroom,Air conditioning,Indoor fireplace,Portable fans,Heating,Exterior security cameras on property,Smoke alarm,Carbon monoxide alarm,Fire extinguisher,First aid kit,Wifi,Kitchen,Refrigerator,Microwave,Cooking basics,Dishes and silverware,Freezer,Dishwasher,Stove,Oven,Hot water kettle,Coffee maker,Wine glasses,Toaster,Baking sheet,Blender,Rice maker,Barbecue utensils,Dining table,Coffee,Beach access,Private entrance,Laundromat nearby,Patio or balcony,Backyard,Fire pit,Outdoor furniture,Outdoor dining area,BBQ grill,Beach essentials,Sun loungers,Free parking on premises,Pool,Hot tub,Single level home,Long term stays allowed,Self check-in,Keypad",230.0,0.0,48.0,111.0,4.95,4.9,5.0,4.9,146518.0,671.8,0.562,0.617,5.0,205.0,376.2,29702.0,672.8,0.456,anaheim,76,11476.583333333334,1,0,0,365
7133338,Entire guest suite,entire_home,33.8362,-117.97632,2.0,1,1,1.5,0,0,0,0,31,"Hair dryer,Shampoo,Conditioner,Body soap,Bidet,Hot water,Shower gel,Essentials,Hangers,Bed linens,Extra pillows and blankets,Iron,Clothing storage,TV,Air conditioning,Ceiling fan,Heating,Smoke alarm,Carbon monoxide alarm,Fire extinguisher,First aid kit,Wifi,Dedicated workspace,Kitchen,Refrigerator,Microwave,Cooking basics,Dishes and silverware,Mini fridge,Coffee maker,Toaster,Private entrance,Free parking on premises,Free street parking,Long term stays allowed,Self check-in,Keypad",1846.0,,31.0,169.0,4.91,4.9,4.9,4.9,759.0,65.8,0.03,0.06,11.0,11.0,2.1,759.0,69.4,0.122,anaheim,37,60.31666666666666,1,0,0,365
7133492,Entire rental unit,entire_home,33.8356,-117.914,6.0,2,2,2.0,0,0,0,0,3,"Hair dryer,Shampoo,Conditioner,Hot water,Washer,Dryer,Essentials,Hangers,Bed linens,Extra pillows and blankets,Room-darkening shades,Iron,Clothing storage,TV,Crib,Pack ’n play/Travel crib,Air conditioning,Ceiling fan,Heating,Smoke alarm,Carbon monoxide alarm,Fire extinguisher,First aid kit,Wifi,Dedicated workspace,Kitchen,Refrigerator,Microwave,Cooking basics,Dishes and silverware,Freezer,Dishwasher,Stove,Oven,Hot water kettle,Coffee maker,Wine glasses,Toaster,Baking sheet,Dining table,Coffee,Private entrance,Free parking on premises,Free street parking,Elevator,EV charger,Luggage dropoff allowed,Long term stays allowed,Self check-in,Smart lock",95.0,0.0,70.0,463.0,4.61,4.7,4.8,4.7,44104.0,162.4,0.649,0.741,3.5,237.0,103.7,6936.0,183.0,0.378,anaheim,50,3207.4,1,0,0,365
7620622,Entire rental unit,entire_home,33.8351,-117.914,6.0,2,2,2.0,0,0,0,0,3,"Hair dryer,Shampoo,Hot water,Washer,Dryer,Essentials,Hangers,Bed linens,Extra pillows and blankets,Iron,TV,Crib,Pack ’n play/Travel crib,Air conditioning,Heating,Smoke alarm,Carbon monoxide alarm,Fire extinguisher,First aid kit,Wifi,Dedicated workspace,Kitchen,Refrigerator,Microwave,Cooking basics,Dishes and silverware,Coffee maker,Private entrance,Free parking on premises,Free street parking,Elevator,Luggage dropoff allowed,Long term stays allowed,Self check-in,Smart lock",95.0,0.0,17.0,490.0,4.7,4.8,4.8,4.7,57282.0,171.6,0.811,0.825,3.9,296.0,139.8,15280.0,188.5,0.8,anaheim,35,4232.8,1,0,0,365
7638933,Entire rental unit,entire_home,33.836,-117.9129,4.0,1,1,1.0,0,0,0,0,3,"Hair dryer,Shampoo,Hot water,Washer,Dryer,Essentials,Hangers,Bed linens,Extra pillows and blankets,Iron,TV,Crib,Pack ’n play/Travel crib,Air conditioning,Heating,Smoke alarm,Carbon monoxide alarm,Fire extinguisher,Wifi,Dedicated workspace,Kitchen,Refrigerator,Cooking basics,Dishes and silverware,Coffee maker,Private entrance,Free parking on premises,Free street parking,Elevator,EV charger,Luggage dropoff allowed,Long term stays allowed,Self check-in,Keypad",85.0,0.0,21.0,476.0,4.7,4.8,4.9,4.7,27284.0,108.4,0.586,0.65,3.4,214.0,62.2,2300.0,119.4,0.178,anaheim,34,1933.1333333333334,1,0,0,365
8188772,Entire home,entire_home,33.81947,-117.92294,10.0,4,7,3.0,0,0,0,0,3,"Hair dryer,Hot water,Washer,Dryer,Essentials,Hangers,Bed linens,Extra pillows and blankets,Iron,TV,Air conditioning,Indoor fireplace,Heating,Smoke alarm,Carbon monoxide alarm,Fire extinguisher,Wifi,Kitchen,Refrigerator,Microwave,Cooking basics,Dishes and silverware,Dishwasher,Stove,Oven,Coffee maker,Outdoor furniture,Outdoor dining area,BBQ grill,Free parking on premises,Single level home,Self check-in,Keypad",315.0,0.0,25.0,61.0,4.75,4.8,4.9,4.7,35171.0,562.6,0.151,0.168,4.2,55.0,85.1,10259.0,590.4,0.178,anaheim,33,2578.5833333333335,1,0,0,365
8427677,Entire home,entire_home,33.82535,-117.89547,15.0,6,10,4.0,0,0,0,0,3,"Bathtub,Hair dryer,Shampoo,Conditioner,Body soap,Hot water,Washer,Dryer,Essentials,Hangers,Bed linens,Extra pillows and blankets,Iron,Clothing storage,TV,Pack ’n play/Travel crib,High chair,Children’s dinnerware,Air conditioning,Ceiling fan,Heating,Exterior security cameras on property,Smoke alarm,Carbon monoxide alarm,Fire extinguisher,First aid kit,Wifi,Dedicated workspace,Kitchen,Refrigerator,Microwave,Dishes and silverware,Freezer,Dishwasher,Stove,Oven,Coffee maker,Wine glasses,Toaster,Baking sheet,Blender,Barbecue utensils,Dining table,Coffee,Private entrance,Patio or balcony,Backyard,Outdoor furniture,Outdoor dining area,BBQ grill,Beach essentials,Sun loungers,Free parking on premises,Pool,Hot tub,Pets allowed,Self check-in,Smart lock",557.0,0.0,25.0,144.0,4.59,4.6,4.7,4.5,205660.0,707.0,0.679,0.679,4.4,248.0,481.0,60631.0,783.9,0.767,anaheim,58,14611.333333333334,1,0,0,365
8440318,Entire home,entire_home,33.8224,-117.9147,9.0,3,6,2.0,0,0,0,0,3,"Garden view,Bathtub,Hair dryer,Cleaning products,Shampoo,Conditioner,Body soap,Hot water,Shower gel,Washer,Dryer,Essentials,Hangers,Bed linens,Extra pillows and blankets,Room-darkening shades,Iron,Drying rack for clothing,Clothing storage,Ethernet connection,TV,Books and reading material,Pack ’n play/Travel crib,Children’s books and toys,High chair,Children’s dinnerware,Fireplace guards,Outlet covers,Board games,Air conditioning,Air conditioning,Heating,Exterior security cameras on property,Smoke alarm,Carbon monoxide alarm,Fire extinguisher,First aid kit,Wifi,Dedicated workspace,Kitchen,Refrigerator,Microwave,Cooking basics,Dishes and silverware,Freezer,Dishwasher,Stove,Oven,Hot water kettle,Coffee maker,Wine glasses,Toaster,Baking sheet,Blender,Barbecue utensils,Dining table,Coffee,Private entrance,Laundromat nearby,Patio or balcony,Backyard,Outdoor furniture,Outdoor dining area,BBQ grill,Sun loungers,Free parking on premises,Hot tub,Single level home,Luggage dropoff allowed,Long term stays allowed,Self check-in,Smart lock",250.0,0.0,55.0,521.0,4.9,4.9,4.9,4.8,122126.0,466.5,0.658,0.716,3.8,240.0,292.8,20141.0,588.5,0.378,anaheim,72,9330.0,1,0,0,365
8598329,Entire condo,entire_home,33.8134,-117.9295,7.0,2,4,2.5,0,0,0,0,3,"Bathtub,Hair dryer,Shampoo,Conditioner,Body soap,Outdoor shower,Hot water,Washer,Dryer,Essentials,Hangers,Bed linens,Extra pillows and blankets,Room-darkening shades,Iron,Clothing storage,TV,Game console,Arcade games,Books and reading material,Theme room,Crib,Pack ’n play/Travel crib,Children’s books and toys,High chair,Children’s dinnerware,Changing table,Outlet covers,Children's playroom,Outdoor playground,Air conditioning,Ceiling fan,Portable fans,Heating,Exterior security cameras on property,Smoke alarm,Carbon monoxide alarm,Fire extinguisher,First aid kit,Wifi,Dedicated workspace,Kitchen,Refrigerator,Microwave,Cooking basics,Dishes and silverware,Freezer,Dishwasher,Stove,Oven,Hot water kettle,Coffee maker,Wine glasses,Toaster,Blender,Rice maker,Dining table,Coffee,Private entrance,Laundromat nearby,Patio or balcony,Backyard,Outdoor furniture,Outdoor dining area,BBQ grill,Beach essentials,Free parking on premises,Pool,Hot tub,Sauna,Paid parking off premises,Paid parking on premises,Long term stays allowed,Self check-in,Keypad,Cleaning before checkout",319.0,0.0,59.0,134.0,4.87,4.8,5.0,4.9,130517.0,364.0,0.825,0.825,4.4,301.0,299.9,36408.0,437.9,0.789,anaheim,76,9130.333333333334,1,0,0,365
9346546,Entire home,entire_home,33.81862,-117.93062,13.0,4,5,4.0,0,0,0,0,3,"Hair dryer,Cleaning products,Shampoo,Body soap,Hot water,Washer,Dryer,Essentials,Hangers,Bed linens,Iron,TV,Crib,Pack ’n play/Travel crib,Children’s books and toys,High chair,Baby safety gates,Air conditioning,Indoor fireplace,Heating,Exterior security cameras on property,Smoke alarm,Carbon monoxide alarm,Fire extinguisher,First aid kit,Wifi,Kitchen,Refrigerator,Microwave,Cooking basics,Dishes and silverware,Oven,Coffee maker,Wine glasses,Toaster,Dining table,Patio or balcony,Backyard,BBQ grill,Free parking on premises,Pool,Hot tub,EV charger,Luggage dropoff allowed,Long term stays allowed,Self check-in,Keypad",453.0,0.0,54.0,107.0,4.84,4.8,4.8,4.8,265433.0,987.8,0.666,0.671,4.1,243.0,660.2,77246.0,1181.7,0.656,anaheim,47,20002.95,1,0,0,365
9736601,Entire rental unit,entire_home,33.836,-117.9129,6.0,2,2,2.0,0,0,0,0,3,"Hair dryer,Shampoo,Conditioner,Body soap,Hot water,Shower gel,Washer,Dryer,Essentials,Hangers,Iron,TV,Crib,Pack ’n play/Travel crib,Air conditioning,Heating,Smoke alarm,Carbon monoxide alarm,Fire extinguisher,Wifi,Dedicated workspace,Kitchen,Refrigerator,Microwave,Cooking basics,Dishes and silverware,Oven,Coffee maker,Free parking on premises,Free street parking,Elevator,EV charger,Luggage dropoff allowed,Long term stays allowed,Self check-in,Smart lock",95.0,0.0,81.0,480.0,4.71,4.8,4.9,4.8,69276.0,204.4,0.825,0.846,3.6,301.0,169.5,17310.0,233.4,0.744,anaheim,36,5127.033333333334,1,0,0,365
9945517,Entire home,entire_home,33.80867,-117.969574,9.0,4,5,2.0,0,0,0,0,3,"Bathtub,Hair dryer,Cleaning products,Shampoo,Conditioner,Body soap,Bidet,Hot water,Shower gel,Washer,Dryer,Essentials,Hangers,Bed linens,Extra pillows and blankets,Room-darkening shades,Iron,Clothing storage,TV,Crib,Pack ’n play/Travel crib,High chair,Board games,Air conditioning,Heating,Exterior security cameras on property,Smoke alarm,Carbon monoxide alarm,Fire extinguisher,First aid kit,Wifi,Dedicated workspace,Kitchen,Refrigerator,Microwave,Cooking basics,Dishes and silverware,Freezer,Dishwasher,Stove,Oven,Hot water kettle,Coffee maker,Wine glasses,Toaster,Baking sheet,Blender,Rice maker,Dining table,Coffee,Private entrance,Laundromat nearby,Patio or balcony,Backyard,Outdoor furniture,Outdoor dining area,Free parking on premises,Free street parking,Single level home,Pets allowed,Luggage dropoff allowed,Long term stays allowed,Self check-in,Keypad",250.0,0.0,29.0,302.0,4.75,4.7,4.9,4.7,47415.0,360.9,0.326,0.341,4.4,119.0,113.5,20885.0,322.4,0.622,anaheim,64,3578.9249999999997,1,0,0,365
10521590,Entire home,entire_home,33.80914,-117.93426,10.0,4,11,2.0,0,0,0,0,3,"Bathtub,Hair dryer,Shampoo,Body soap,Hot water,Washer,Dryer,Essentials,Hangers,Bed linens,Extra pillows and blankets,Iron,TV,Game console,Pack ’n play/Travel crib,Children’s books and toys,High chair,Children’s dinnerware,Fireplace guards,Baby safety gates,Air conditioning,Ceiling fan,Heating,Exterior security cameras on property,Smoke alarm,Carbon monoxide alarm,Fire extinguisher,First aid kit,Wifi,Dedicated workspace,Kitchen,Refrigerator,Microwave,Cooking basics,Dishes and silverware,Dishwasher,Stove,Oven,Coffee maker,Dining table,Patio or balcony,Backyard,Outdoor furniture,BBQ grill,Sun loungers,Free parking on premises,Pool,Single level home,Pets allowed,Luggage dropoff allowed,Long term stays allowed,Self check-in,Keypad",291.0,0.0,5.0,284.0,4.9,5.0,4.9,4.8,188917.0,618.2,0.748,0.748,4.1,273.0,469.7,56539.0,710.6,0.811,anaheim,53,14064.050000000001,1,0,0,365
11459502,Entire home,entire_home,33.8253,-117.9148,11.0,4,10,3.5,0,0,0,0,3,"Garden view,Bathtub,Hair dryer,Shampoo,Conditioner,Body soap,Hot water,Shower gel,Washer,Dryer,Essentials,Hangers,Bed linens,Extra pillows and blankets,Room-darkening shades,Iron,Clothing storage,TV,Game console,Pool table,Theme room,Crib,Pack ’n play/Travel crib,Children’s books and toys,High chair,Children’s dinnerware,Fireplace guards,Board games,Children's playroom,Outdoor playground,Air conditioning,Ceiling fan,Portable fans,Heating,Smoke alarm,Carbon monoxide alarm,Fire extinguisher,First aid kit,Wifi,Dedicated workspace,Kitchen,Refrigerator,Microwave,Cooking basics,Dishes and silverware,Freezer,Dishwasher,Stove,Oven,Hot water kettle,Coffee maker,Wine glasses,Toaster,Baking sheet,Blender,Rice maker,Barbecue utensils,Dining table,Private entrance,Patio or balcony,Backyard,Outdoor furniture,Outdoor dining area,BBQ grill,Beach essentials,Free parking on premises,Free street parking,Pool,Hot tub,Single level home,Pets allowed,Luggage dropoff allowed,Self check-in,Smart lock",270.0,0.0,61.0,264.0,4.92,4.8,5.0,4.8,187686.0,682.1,0.671,0.682,4.2,245.0,475.0,64991.0,926.3,0.722,anaheim,74,13926.208333333334,1,0,0,365
11568656,Entire home,entire_home,33.81438,-117.93365,9.0,3,6,2.0,0,0,0,0,3,"Bathtub,Hair dryer,Shampoo,Conditioner,Body soap,Hot water,Washer,Dryer,Essentials,Bed linens,Extra pillows and blankets,Iron,Clothing storage,TV,Pack ’n play/Travel crib,High chair,Children’s dinnerware,Air conditioning,Heating,Exterior security cameras on property,Smoke alarm,Carbon monoxide alarm,Fire extinguisher,First aid kit,Wifi,Kitchen,Refrigerator,Microwave,Dishes and silverware,Freezer,Dishwasher,Stove,Oven,Coffee maker,Wine glasses,Toaster,Baking sheet,Blender,Barbecue utensils,Dining table,Private entrance,Patio or balcony,Backyard,Fire pit,Outdoor furniture,Outdoor dining area,BBQ grill,Beach essentials,Sun loungers,Free parking on premises,Pool,Hot tub,Pets allowed,Self check-in,Smart lock",509.0,0.0,17.0,105.0,4.5,4.6,4.8,4.5,131404.0,516.4,0.573,0.613,4.5,209.0,297.3,22788.0,516.4,0.411,anaheim,55,8993.966666666665,1,0,0,365
11893115,Entire condo,entire_home,33.8125,-117.9294,9.0,3,6,2.5,0,0,0,0,3,"Hair dryer,Shampoo,Hot water,Washer,Dryer,Essentials,Hangers,Iron,TV,Crib,Air conditioning,Indoor fireplace,Heating,Exterior security cameras on property,Smoke alarm,Carbon monoxide alarm,Fire extinguisher,Wifi,Kitchen,Cooking basics,Dishes and silverware,Dishwasher,Oven,Coffee maker,Free parking on premises,Pool,Hot tub,Self check-in,Keypad",239.0,0.0,26.0,90.0,4.61,4.6,4.9,4.6,33081.0,302.8,0.274,0.301,8.3,100.0,82.8,0.0,0.0,0.0,anaheim,29,2523.3333333333335,1,0,0,365
11903940,Entire rental unit,entire_home,33.836,-117.9129,6.0,2,2,2.0,0,0,0,0,3,"Wifi,Hair dryer,Shampoo,Hot water,Washer,Dryer,Essentials,Hangers,Bed linens,Extra pillows and blankets,Iron,TV,Crib,Pack ’n play/Travel crib,Window guards,Air conditioning,Heating,Smoke alarm,Carbon monoxide alarm,Fire extinguisher,Wifi,Dedicated workspace,Kitchen,Refrigerator,Microwave,Cooking basics,Dishes and silverware,Dishwasher,Stove,Oven,Coffee maker,Private entrance,Free parking on premises,Free street parking,Elevator,EV charger,Luggage dropoff allowed,Long term stays allowed,Self check-in,Keypad",95.0,0.0,25.0,405.0,4.64,4.7,4.9,4.7,45230.0,170.8,0.641,0.68,4.2,234.0,110.6,9274.0,185.3,0.489,anaheim,40,3330.6000000000004,1,0,0,365
11904985,Entire home,entire_home,33.8176,-117.93017,10.0,4,6,3.0,0,0,0,0,3,"Hair dryer,Shampoo,Hot water,Washer,Dryer,Essentials,Hangers,Iron,TV,Crib,Air conditioning,Heating,Exterior security cameras on property,Smoke alarm,Carbon monoxide alarm,Fire extinguisher,Wifi,Kitchen,Refrigerator,Microwave,Cooking basics,Dishes and silverware,Freezer,Dishwasher,Stove,Coffee maker,Dining table,Backyard,Outdoor furniture,BBQ grill,Free parking on premises,Self check-in,Keypad",259.0,0.0,5.0,116.0,4.69,4.8,4.9,4.7,129554.0,431.4,0.723,0.742,4.3,264.0,312.4,31837.0,522.8,0.578,anaheim,33,9490.8,1,0,0,365
12271675,Entire home,entire_home,33.815837,-117.919028,10.0,4,7,2.0,0,0,0,0,1,"TV,Wifi,Air conditioning,Kitchen,Free parking on premises,Hot water kettle,Ceiling fan,Pets allowed,Conditioner,Free street parking,Laundromat nearby,Outdoor furniture,Hot tub,Cleaning products,Heating,Coffee,Clothing storage,Wine glasses,Washer,Dryer,Smoke alarm,Carbon monoxide alarm,First aid kit,Fire extinguisher,Essentials,Shampoo,Lock on bedroom door,Hangers,Hair dryer,Iron,Dedicated workspace,Self check-in,Outdoor dining area,Smart lock,Freezer,Private living room,Private entrance,Bathtub,High chair,Babysitter recommendations,Pack ’n play/Travel crib,Room-darkening shades,Children’s dinnerware,Hot water,Body soap,Bed linens,Extra pillows and blankets,Ethernet connection,Microwave,Coffee maker,Refrigerator,Dishwasher,Dishes and silverware,Cooking basics,Oven,Stove,EV charger,Single level home,BBQ grill,Shower gel,Patio or balcony,Backyard,Luggage dropoff allowed,Dining table,Baking sheet,Barbecue utensils,Toaster",0.0,0.0,68.0,515.0,4.96,5.0,4.9,4.9,26937.0,670.6,0.104,0.104,3.5,38.0,73.8,0.0,614.6,0.0,anaheim,67,2123.5666666666666,1,0,0,365
12687097,Entire condo,entire_home,33.81289,-117.93065,9.0,3,5,2.5,0,0,0,0,3,"Hair dryer,Hot water,Washer,Dryer,Essentials,Hangers,Iron,TV,Crib,Air conditioning,Heating,Exterior security cameras on property,Wifi,Kitchen,Cooking basics,Free parking on premises,Pool,Hot tub,Self check-in,Keypad",239.0,0.0,49.0,54.0,4.69,4.6,4.9,4.5,27403.0,411.8,0.203,0.632,4.4,74.0,66.6,507.0,609.7,0.011,anaheim,20,2539.4333333333334,1,0,0,365
12737861,Entire guest suite,entire_home,33.81201,-117.96146,4.0,1,1,1.0,0,0,0,0,3,"Hair dryer,Shampoo,Hot water,Washer,Dryer,Essentials,Hangers,Iron,TV,Air conditioning,Heating,Smoke alarm,Carbon monoxide alarm,Fire extinguisher,First aid kit,Wifi,Kitchen,Microwave,Dishes and silverware,Coffee maker,Free parking on premises,Free street parking",120.0,0.0,15.0,455.0,4.9,4.9,4.9,4.9,46278.0,147.3,0.726,0.751,4.1,265.0,106.4,11511.0,163.8,0.667,anaheim,22,3252.875,1,0,0,365
12849540,Entire condo,entire_home,33.8134,-117.9295,9.0,3,5,2.5,0,0,0,0,3,"Bathtub,Hair dryer,Shampoo,Conditioner,Hot water,Washer,Dryer,Essentials,Hangers,Bed linens,Extra pillows and blankets,Iron,Ethernet connection,TV,Air conditioning,Heating,Exterior security cameras on property,Smoke alarm,Carbon monoxide alarm,Fire extinguisher,Wifi,Kitchen,Refrigerator,Microwave,Cooking basics,Dishes and silverware,Freezer,Dishwasher,Stove,Oven,Coffee maker,Wine glasses,Toaster,Rice maker,Dining table,Private entrance,Laundromat nearby,Patio or balcony,Outdoor furniture,Outdoor dining area,BBQ grill,Free parking on premises,Pool,Hot tub,Self check-in,Keypad",239.0,0.0,34.0,83.0,4.67,4.6,4.9,4.6,102293.0,359.7,0.767,0.814,5.8,280.0,250.1,16138.0,500.7,0.389,anaheim,46,8393.0,1,0,0,365
13364648,Entire home,entire_home,33.805237,-117.919192,8.0,3,6,2.0,0,0,0,0,1,"TV,Wifi,Air conditioning,Kitchen,Free parking on premises,Hot water kettle,Pets allowed,Conditioner,Free street parking,Laundromat nearby,Outdoor furniture,Hot tub,Cleaning products,Heating,Coffee,Clothing storage,Wine glasses,Washer,Dryer,Smoke alarm,Carbon monoxide alarm,First aid kit,Fire extinguisher,Essentials,Shampoo,Lock on bedroom door,Hangers,Hair dryer,Iron,Dedicated workspace,Self check-in,Outdoor dining area,Smart lock,Freezer,Private entrance,Rice maker,High chair,Pack ’n play/Travel crib,Room-darkening shades,Hot water,Body soap,Bed linens,Extra pillows and blankets,Microwave,Coffee maker,Refrigerator,Dishwasher,Dishes and silverware,Cooking basics,Oven,Stove,Single level home,Shower gel,Patio or balcony,Backyard,Dining table,Baking sheet,Toaster",200.0,0.0,60.0,530.0,4.95,4.9,4.9,4.9,9944.0,543.0,0.049,0.049,3.0,18.0,24.5,0.0,494.2,0.0,anaheim,58,814.5,1,0,0,365
13510327,Entire home,entire_home,33.79968,-117.92697,10.0,4,6,3.0,0,0,0,0,3,"Pool view,Garden view,Bathtub,Hair dryer,Shampoo,Body soap,Hot water,Washer,Dryer,Essentials,Hangers,Bed linens,Room-darkening shades,Iron,TV,Pack ’n play/Travel crib,Children’s books and toys,High chair,Air conditioning,Indoor fireplace,Heating,Smoke alarm,Carbon monoxide alarm,Fire extinguisher,First aid kit,Wifi,Kitchen,Refrigerator,Microwave,Cooking basics,Dishes and silverware,Dishwasher,Stove,Oven,Coffee maker,Patio or balcony,Backyard,Fire pit,Outdoor furniture,Outdoor dining area,BBQ grill,Free parking on premises,Pool,Hot tub,Single level home,Luggage dropoff allowed,Long term stays allowed,Self check-in,Keypad",250.0,0.0,33.0,323.0,4.73,4.7,4.9,4.7,134659.0,442.9,0.748,0.84,3.7,273.0,321.0,21850.0,511.9,0.433,anaheim,49,10075.975,1,0,0,365
14184463,Entire home,entire_home,33.82923,-117.94674,8.0,3,6,2.0,0,0,0,0,3,"Bathtub,Hair dryer,Cleaning products,Shampoo,Conditioner,Hot water,Washer,Dryer,Essentials,Hangers,Bed linens,Iron,Clothing storage,TV,Pack ’n play/Travel crib,High chair,Air conditioning,Indoor fireplace,Heating,Smoke alarm,Carbon monoxide alarm,Fire extinguisher,First aid kit,Wifi,Kitchen,Refrigerator,Microwave,Cooking basics,Dishes and silverware,Dishwasher,Stove,Oven,Coffee maker,Wine glasses,Baking sheet,Blender,Barbecue utensils,Dining table,Private entrance,Laundromat nearby,Patio or balcony,Backyard,Fire pit,Outdoor furniture,Outdoor dining area,BBQ grill,Free parking on premises,Free street parking,Pool,Single level home,Long term stays allowed,Self check-in,Keypad",275.0,0.0,15.0,219.0,4.81,4.8,4.9,4.7,93792.0,451.8,0.477,0.487,4.2,174.0,227.6,34403.0,559.5,0.578,anaheim,53,6551.099999999999,1,0,0,365
14630884,Entire home,entire_home,33.79619,-117.91909,10.0,4,8,2.0,0,0,0,0,3,"Bathtub,Hair dryer,Shampoo,Body soap,Hot water,Washer,Dryer,Essentials,Hangers,Bed linens,Extra pillows and blankets,Iron,TV,Game console,Crib,Pack ’n play/Travel crib,Children’s books and toys,High chair,Children’s dinnerware,Fireplace guards,Baby safety gates,Air conditioning,Indoor fireplace,Ceiling fan,Heating,Noise decibel monitors on property,Exterior security cameras on property,Smoke alarm,Carbon monoxide alarm,Fire extinguisher,First aid kit,Wifi,Dedicated workspace,Kitchen,Refrigerator,Microwave,Cooking basics,Dishes and silverware,Dishwasher,Stove,Oven,Hot water kettle,Coffee maker,Patio or balcony,Backyard,Outdoor furniture,BBQ grill,Sun loungers,Free parking on premises,Free street parking,Pool,Hot tub,Single level home,Pets allowed,Luggage dropoff allowed,Long term stays allowed,Self check-in,Keypad",290.0,0.0,112.0,243.0,4.76,4.9,4.8,4.8,142279.0,623.5,0.564,0.608,4.0,206.0,350.9,27219.0,695.4,0.4,anaheim,58,10703.416666666666,1,0,0,365
14631238,Entire home,entire_home,33.79934,-117.93032,15.0,6,11,3.5,0,0,0,0,3,"Bathtub,Hair dryer,Shampoo,Hot water,Washer,Dryer,Essentials,Hangers,Bed linens,Extra pillows and blankets,Iron,Clothing storage,TV,Game console,Crib,Pack ’n play/Travel crib,Children’s books and toys,High chair,Children’s dinnerware,Fireplace guards,Air conditioning,Indoor fireplace,Heating,Noise decibel monitors on property,Exterior security cameras on property,Smoke alarm,Carbon monoxide alarm,Fire extinguisher,First aid kit,Wifi,Dedicated workspace,Kitchen,Refrigerator,Microwave,Cooking basics,Dishes and silverware,Freezer,Dishwasher,Stove,Oven,Coffee maker,Wine glasses,Toaster,Baking sheet,Blender,Barbecue utensils,Dining table,Coffee,Private entrance,Patio or balcony,Backyard,BBQ grill,Free parking on premises,Free street parking,Pool,Hot tub,Single level home,Pets allowed,Luggage dropoff allowed,Breakfast,Long term stays allowed,Self check-in,Keypad",315.0,0.0,64.0,232.0,4.8,4.9,4.9,4.7,205220.0,806.3,0.641,0.688,3.5,234.0,509.6,37631.0,891.1,0.433,anaheim,63,15722.849999999999,1,0,0,365
14874579,Entire townhouse,entire_home,33.81702,-117.92735,7.0,3,5,2.5,0,0,0,0,3,"Bathtub,Hair dryer,Cleaning products,Hot water,Washer,Dryer,Essentials,Bed linens,Room-darkening shades,Iron,Clothing storage,TV,Air conditioning,Indoor fireplace,Ceiling fan,Portable fans,Heating,Smoke alarm,Fire extinguisher,First aid kit,Wifi,Kitchen,Refrigerator,Microwave,Dishes and silverware,Freezer,Dishwasher,Stove,Oven,Coffee maker,Private entrance,Patio or balcony,Outdoor furniture,Outdoor dining area,Free parking on premises,Pool,Self check-in,Smart lock",250.0,0.0,65.0,214.0,4.53,4.4,4.8,4.5,100912.0,328.9,0.707,0.721,3.8,258.0,234.7,26084.0,334.2,0.744,anaheim,38,7071.349999999999,1,0,0,365
15080998,Entire rental unit,entire_home,33.836,-117.9129,6.0,2,2,2.0,0,0,0,0,3,"Hair dryer,Shampoo,Hot water,Washer,Dryer,Essentials,Hangers,Iron,TV,Crib,Pack ’n play/Travel crib,Air conditioning,Heating,Smoke alarm,Carbon monoxide alarm,Fire extinguisher,Wifi,Dedicated workspace,Kitchen,Refrigerator,Microwave,Cooking basics,Dishes and silverware,Coffee maker,Free parking on premises,Free street parking,Elevator,Luggage dropoff allowed,Long term stays allowed,Self check-in,Keypad",95.0,0.0,36.0,423.0,4.7,4.8,4.9,4.7,47664.0,161.6,0.693,0.703,3.7,253.0,113.9,13708.0,184.1,0.733,anaheim,31,3407.066666666666,1,0,0,365
16043294,Entire home,entire_home,33.81408,-117.93052,13.0,5,7,3.0,0,0,0,0,3,"Hair dryer,Shampoo,Conditioner,Hot water,Washer,Dryer,Bed linens,Extra pillows and blankets,Iron,TV,Pack ’n play/Travel crib,High chair,Air conditioning,Ceiling fan,Heating,Exterior security cameras on property,Smoke alarm,Carbon monoxide alarm,Fire extinguisher,Wifi,Kitchen,Refrigerator,Microwave,Dishes and silverware,Dishwasher,Stove,Oven,Coffee maker,Wine glasses,Toaster,Blender,Dining table,Private entrance,Patio or balcony,Outdoor furniture,BBQ grill,Sun loungers,Free parking on premises,Pool,Hot tub,Pets allowed,Self check-in,Smart lock",522.0,0.0,24.0,105.0,4.65,4.7,4.9,4.7,234549.0,664.2,0.836,0.871,4.3,305.0,552.5,55185.0,758.5,0.711,anaheim,43,16881.75,1,0,0,365
16554715,Entire condo,entire_home,33.79602,-117.91255,6.0,2,4,2.0,0,0,0,0,1,"Bathtub,Hair dryer,Shampoo,Hot water,Washer,Dryer,Essentials,Hangers,Bed linens,Extra pillows and blankets,Room-darkening shades,Iron,TV,Crib,Pack ’n play/Travel crib,High chair,Air conditioning,Indoor fireplace,Heating,Smoke alarm,Carbon monoxide alarm,Fire extinguisher,First aid kit,Wifi,Kitchen,Refrigerator,Microwave,Cooking basics,Dishes and silverware,Dishwasher,Stove,Oven,Coffee maker,Baking sheet,Barbecue utensils,Private entrance,Patio or balcony,BBQ grill,Free parking on premises,Pool,Hot tub,Gym,Luggage dropoff allowed,Long term stays allowed,Self check-in,Building staff",99.0,0.0,7.0,9.0,5.0,5.0,4.8,5.0,31141.0,234.2,0.323,0.449,2.1,118.0,76.4,2505.0,259.9,0.089,anaheim,46,2302.9666666666667,1,0,0,365
16654687,Entire serviced apartment,entire_home,33.80285,-117.9084,5.0,2,4,2.0,0,0,0,0,1,"Bathtub,Hair dryer,Cleaning products,Shampoo,Conditioner,Body soap,Hot water,Washer,Dryer,Essentials,Hangers,Bed linens,Extra pillows and blankets,Iron,Clothing storage,TV,Exercise equipment,Arcade games,Pack ’n play/Travel crib,Air conditioning,Heating,Smoke alarm,Carbon monoxide alarm,Fire extinguisher,First aid kit,Wifi,Dedicated workspace,Kitchen,Refrigerator,Microwave,Cooking basics,Dishes and silverware,Freezer,Dishwasher,Stove,Oven,Hot water kettle,Coffee maker,Wine glasses,Toaster,Blender,Barbecue utensils,Dining table,Coffee,Private entrance,Resort access,Patio or balcony,BBQ grill,Pool,Hot tub,Elevator,Gym,Paid parking on premises,Luggage dropoff allowed,Long term stays allowed,Self check-in,Building staff",99.0,0.0,16.0,10.0,5.0,4.9,5.0,4.8,53439.0,347.4,0.364,0.516,2.4,133.0,140.2,18119.0,425.2,0.456,anaheim,57,3850.35,1,0,0,365
16665195,Entire condo,entire_home,33.80291,-117.90809,3.0,1,2,1.0,0,0,0,0,2,"Hair dryer,Washer,Dryer,Essentials,Hangers,Iron,TV,Air conditioning,Indoor fireplace,Heating,Smoke alarm,Carbon monoxide alarm,Fire extinguisher,Wifi,Kitchen,Private entrance,Pool,Hot tub,Elevator,Gym,Paid parking on premises",224.0,0.0,12.0,3.0,5.0,5.0,5.0,5.0,23378.0,553.9,0.112,0.212,20.5,41.0,62.8,0.0,0.0,0.0,anaheim,21,1892.4916666666666,1,0,0,365
8502,Entire guest suite,entire_home,30.23527,-97.73726,2.0,1,1,1.0,0,0,0,0,6,"Shampoo,Hot water,Essentials,Air conditioning,Heating,Smoke alarm,Wifi,Kitchen,Free street parking,Pets allowed,Host greets you",95.0,0.0,14.0,56.0,4.56,4.7,4.7,4.6,6884.0,65.7,0.268,0.294,14.0,98.0,17.8,2192.0,62.5,0.333,austin,11,536.5500000000001,1,0,0,365
13035,Entire home,entire_home,30.26098,-97.73072,3.0,2,2,2.0,1,0,0,1,23,"Bathtub,Hair dryer,Cleaning products,Shampoo,Conditioner,Body soap,Hot water,Shower gel,Washer,Dryer,Essentials,Hangers,Bed linens,Extra pillows and blankets,Iron,Clothing storage,TV,Sound system,Air conditioning,Ceiling fan,Heating,Exterior security cameras on property,Smoke alarm,Carbon monoxide alarm,Fire extinguisher,First aid kit,Wifi,Dedicated workspace,Kitchen,Refrigerator,Microwave,Cooking basics,Dishes and silverware,Freezer,Dishwasher,Stove,Oven,Hot water kettle,Coffee maker,Wine glasses,Toaster,Baking sheet,Blender,Dining table,Coffee,Private entrance,Patio or balcony,Backyard,Outdoor furniture,Free parking on premises,Free street parking,Long term stays allowed,Self check-in,Lockbox",4010.0,,31.0,22.0,5.0,5.0,5.0,5.0,3876.0,147.5,0.079,0.149,14.5,29.0,10.6,0.0,184.2,0.0,austin,54,356.4583333333333,1,0,0,365
69303,Entire condo,entire_home,30.26146,-97.77276,4.0,1,2,1.5,1,0,0,1,24,"Bathtub,Hair dryer,Cleaning products,Shampoo,Body soap,Hot water,Washer,Dryer,Essentials,Hangers,Bed linens,Extra pillows and blankets,Room-darkening shades,Iron,Clothing storage,TV,Books and reading material,Theme room,Pack ’n play/Travel crib,Board games,Air conditioning,Ceiling fan,Heating,Exterior security cameras on property,Smoke alarm,Carbon monoxide alarm,Fire extinguisher,Wifi,Dedicated workspace,Kitchen,Refrigerator,Microwave,Cooking basics,Dishes and silverware,Freezer,Dishwasher,Stove,Oven,Hot water kettle,Coffee maker,Wine glasses,Toaster,Baking sheet,Blender,Barbecue utensils,Dining table,Coffee,Lake access,Private entrance,Laundromat nearby,Patio or balcony,Outdoor furniture,BBQ grill,Beach essentials,Sun loungers,Free parking on premises,Free street parking,Luggage dropoff allowed,Long term stays allowed,Self check-in,Keypad",77.0,0.0,27.0,282.0,4.96,5.0,4.9,4.8,28432.0,174.0,0.411,0.429,6.8,150.0,73.5,3596.0,120.8,0.278,austin,61,2175.0,1,0,0,365
70812,Entire guesthouse,entire_home,30.24648,-97.74913,3.0,1,1,1.0,0,0,0,0,2,"TV,Cable TV,Wifi,Air conditioning,Kitchen,Pets allowed,Hot water,Pool view,Bed linens,Extra pillows and blankets,Free street parking,Microwave,Coffee maker,Refrigerator,Dishes and silverware,Heating,Cooking basics,Oven,Stove,EV charger,Smoke alarm,Shower gel,Carbon monoxide alarm,Patio or balcony,Backyard,Essentials,Shampoo,Hangers,Hair dryer,Dedicated workspace,Private living room,Private entrance",50.0,0.0,25.0,188.0,4.89,4.9,5.0,4.8,3863.0,172.7,0.049,0.049,4.5,18.0,10.0,0.0,0.0,0.0,austin,32,259.05,1,0,0,365
74318,Entire guesthouse,entire_home,30.2436,-97.77772,2.0,1,1,1.0,0,0,0,0,2,"Bathtub,Cleaning products,Shampoo,Conditioner,Body soap,Hot water,Essentials,Hangers,Bed linens,Room-darkening shades,Iron,Clothing storage,TV,Air conditioning,Heating,Smoke alarm,Wifi,Refrigerator,Microwave,Free parking on premises,Free street parking,Pets allowed,Long term stays allowed,Self check-in,Keypad",75.0,0.0,5.0,264.0,4.82,4.8,4.9,4.8,1256.0,98.7,0.027,0.036,3.3,10.0,3.0,122.0,116.7,0.011,austin,25,82.25,1,0,0,365
76501,Entire guest suite,entire_home,30.29192,-97.71939,3.0,1,1,1.0,1,0,0,1,2,"Bathtub,Hair dryer,Cleaning products,Shampoo,Conditioner,Body soap,Hot water,Washer,Dryer,Essentials,Hangers,Bed linens,Extra pillows and blankets,Room-darkening shades,Iron,Clothing storage,TV,Sound system,Books and reading material,Air conditioning,Ceiling fan,Heating,Smoke alarm,Carbon monoxide alarm,Fire extinguisher,First aid kit,Wifi,Dedicated workspace,Kitchen,Refrigerator,Microwave,Cooking basics,Dishes and silverware,Mini fridge,Stove,Oven,Hot water kettle,Coffee maker,Wine glasses,Toaster,Baking sheet,Blender,Coffee,Private entrance,Patio or balcony,Backyard,Fire pit,Outdoor furniture,Outdoor dining area,BBQ grill,Beach essentials,Bikes,Free parking on premises,Free street parking,Luggage dropoff allowed,Long term stays allowed,Self check-in,Smart lock",0.0,0.0,5.0,249.0,4.96,4.9,4.9,4.9,21084.0,158.8,0.337,0.429,8.2,123.0,57.8,5689.0,174.1,0.367,austin,58,1627.7,1,0,0,365
79100,Entire guesthouse,entire_home,30.3093,-97.6952,1.0,1,1,1.0,1,0,0,0,29,"Pool view,Cleaning products,Shampoo,Conditioner,Body soap,Outdoor shower,Hot water,Shower gel,Washer,Dryer,Essentials,Hangers,Bed linens,Extra pillows and blankets,Room-darkening shades,Iron,Drying rack for clothing,Safe,Clothing storage,TV,Sound system,Books and reading material,Air conditioning,Indoor fireplace,Ceiling fan,Heating,Smoke alarm,Carbon monoxide alarm,Fire extinguisher,First aid kit,Wifi,Dedicated workspace,Kitchen,Refrigerator,Microwave,Cooking basics,Dishes and silverware,Mini fridge,Freezer,Stove,Oven,Hot water kettle,Coffee maker,Wine glasses,Baking sheet,Barbecue utensils,Coffee,Private entrance,Patio or balcony,Backyard,Fire pit,Outdoor furniture,Outdoor dining area,BBQ grill,Free parking on premises,Free street parking,Pool,Hot tub,Single level home,Luggage dropoff allowed,Long term stays allowed,Self check-in,Lockbox",0.0,,19.0,48.0,4.9,4.8,4.8,4.8,10064.0,73.9,0.364,0.368,19.0,133.0,27.6,881.0,74.5,0.133,austin,63,819.0583333333334,1,0,0,365
79603,Entire bungalow,entire_home,30.24948,-97.75896,2.0,2,1,1.0,0,0,0,1,3,"Bathtub,Hair dryer,Hot water,Washer,Dryer,Essentials,Hangers,Bed linens,Iron,TV,Record player,Babysitter recommendations,Air conditioning,Ceiling fan,Heating,Smoke alarm,Carbon monoxide alarm,Wifi,Kitchen,Refrigerator,Cooking basics,Dishes and silverware,Freezer,Stove,Oven,Coffee maker,Barbecue utensils,Laundromat nearby,Patio or balcony,Backyard,BBQ grill,Free parking on premises,Free street parking,Luggage dropoff allowed,Self check-in,Lockbox",80.0,0.0,25.0,150.0,4.81,4.9,5.0,4.7,22564.0,239.5,0.266,0.278,4.6,97.0,59.6,840.0,285.8,0.033,austin,36,1935.9583333333333,1,0,0,365
80742,Entire home,entire_home,30.22401,-97.78126,6.0,3,2,1.0,1,0,0,1,1,"Bathtub,Hair dryer,Cleaning products,Shampoo,Conditioner,Body soap,Hot water,Shower gel,Washer,Dryer,Essentials,Hangers,Bed linens,Extra pillows and blankets,Clothing storage,TV,Books and reading material,Pack ’n play/Travel crib,Board games,Air conditioning,Portable fans,Heating,Smoke alarm,Carbon monoxide alarm,Fire extinguisher,First aid kit,Wifi,Dedicated workspace,Kitchen,Refrigerator,Microwave,Cooking basics,Dishes and silverware,Freezer,Dishwasher,Stove,Oven,Hot water kettle,Coffee maker,Wine glasses,Toaster,Baking sheet,Blender,Barbecue utensils,Dining table,Coffee,Backyard,Outdoor furniture,BBQ grill,Free parking on premises,Free street parking,Pets allowed,Long term stays allowed,Cleaning before checkout",98.0,,18.0,11.0,5.0,4.8,4.9,4.8,4833.0,251.7,0.044,0.044,2.0,16.0,11.4,4233.0,253.9,0.156,austin,54,335.59999999999997,1,0,0,365
89475,Entire home,entire_home,30.35649,-97.72559,8.0,4,6,2.0,1,0,0,1,41,"Bathtub,Hair dryer,Shampoo,Conditioner,Body soap,Hot water,Washer,Dryer,Essentials,Hangers,Bed linens,Extra pillows and blankets,Iron,Clothing storage,Ethernet connection,TV,Books and reading material,Crib,Pack ’n play/Travel crib,Children’s books and toys,High chair,Children’s dinnerware,Air conditioning,Heating,Exterior security cameras on property,Smoke alarm,Carbon monoxide alarm,Fire extinguisher,First aid kit,Wifi,Dedicated workspace,Kitchen,Refrigerator,Microwave,Cooking basics,Dishes and silverware,Freezer,Dishwasher,Stove,Oven,Coffee maker,Wine glasses,Toaster,Baking sheet,Blender,Dining table,Private entrance,Patio or balcony,Backyard,Outdoor furniture,Free parking on premises,Free street parking,Pets allowed,Long term stays allowed,Self check-in,Keypad",5422.0,,45.0,131.0,4.86,4.8,4.9,4.9,31704.0,238.0,0.381,0.419,15.4,139.0,86.9,10718.0,198.5,0.589,austin,56,2756.8333333333335,1,0,0,365
109005,Entire townhouse,entire_home,30.28267,-97.76862,4.0,2,2,1.0,1,0,0,1,1,"Bathtub,Hair dryer,Cleaning products,Shampoo,Conditioner,Body soap,Hot water,Shower gel,Washer,Dryer,Essentials,Hangers,Bed linens,Extra pillows and blankets,Room-darkening shades,Iron,Clothing storage,Ethernet connection,TV,Sound system,Books and reading material,Air conditioning,Portable fans,Heating,Smoke alarm,Carbon monoxide alarm,Fire extinguisher,First aid kit,Wifi,Dedicated workspace,Kitchen,Refrigerator,Microwave,Cooking basics,Dishes and silverware,Freezer,Stove,Oven,Hot water kettle,Coffee maker,Wine glasses,Toaster,Baking sheet,Blender,Dining table,Coffee,Private entrance,Backyard,Free parking on premises,Free street parking,Single level home,Luggage dropoff allowed,Long term stays allowed,Self check-in,Keypad,Cleaning before checkout",86.0,0.0,5.0,51.0,4.94,4.9,4.9,4.9,8199.0,143.1,0.164,0.169,4.6,60.0,20.6,5485.0,118.1,0.478,austin,56,715.5,1,0,0,365
113779,Entire bungalow,entire_home,30.302697,-97.729451,2.0,1,1,1.0,1,1,0,0,19,"Bathtub,Hair dryer,Cleaning products,Shampoo,Conditioner,Body soap,Hot water,Washer,Dryer,Essentials,Hangers,Bed linens,Extra pillows and blankets,Room-darkening shades,Iron,Clothing storage,Ethernet connection,TV,Books and reading material,Air conditioning,Ceiling fan,Heating,Exterior security cameras on property,Smoke alarm,Carbon monoxide alarm,Fire extinguisher,Wifi,Dedicated workspace,Kitchen,Refrigerator,Microwave,Cooking basics,Dishes and silverware,Dishwasher,Stove,Oven,Coffee maker,Wine glasses,Toaster,Dining table,Coffee,Private entrance,Backyard,Outdoor furniture,Outdoor dining area,Free street parking,Single level home,Luggage dropoff allowed,Long term stays allowed,Self check-in,Keypad",139.0,,38.0,118.0,4.82,4.9,4.9,4.7,22876.0,128.1,0.444,0.495,23.1,162.0,60.0,3191.0,112.0,0.3,austin,51,1729.3500000000001,1,0,0,365
128326,Entire home,entire_home,30.24309,-98.0028,6.0,3,4,2.0,0,0,0,1,3,"Hair dryer,Shampoo,Hot water,Washer,Dryer,Essentials,Hangers,Bed linens,Iron,Clothing storage,TV,Air conditioning,Heating,Smoke alarm,Wifi,Kitchen,Refrigerator,Microwave,Cooking basics,Dishes and silverware,Dishwasher,Stove,Oven,Coffee maker,Patio or balcony,Backyard,Free parking on premises,Pool",171.0,0.0,33.0,100.0,4.95,4.9,5.0,4.9,43675.0,304.3,0.353,0.353,5.4,129.0,109.4,19981.0,325.4,0.644,austin,28,3271.2250000000004,1,0,0,365
140474,Entire bungalow,entire_home,30.30215,-97.73046,4.0,2,3,1.0,1,0,0,1,16,"Bathtub,Hair dryer,Cleaning products,Shampoo,Conditioner,Body soap,Hot water,Washer,Dryer,Essentials,Hangers,Bed linens,Extra pillows and blankets,Room-darkening shades,Iron,Clothing storage,Ethernet connection,TV,Books and reading material,Air conditioning,Ceiling fan,Heating,Exterior security cameras on property,Smoke alarm,Carbon monoxide alarm,Fire extinguisher,Wifi,Dedicated workspace,Kitchen,Refrigerator,Microwave,Cooking basics,Dishes and silverware,Stove,Oven,Coffee maker,Wine glasses,Dining table,Coffee,Private entrance,Backyard,Outdoor furniture,Outdoor dining area,Free street parking,Luggage dropoff allowed,Long term stays allowed,Self check-in,Keypad",70.0,0.0,5.0,124.0,4.89,4.9,5.0,4.8,33067.0,129.7,0.666,0.675,11.6,243.0,86.8,8050.0,131.1,0.656,austin,48,2626.4249999999997,1,0,0,365
140504,Entire bungalow,entire_home,30.30397,-97.73037,2.0,1,1,1.0,1,0,0,1,18,"Bathtub,Hair dryer,Cleaning products,Shampoo,Conditioner,Body soap,Hot water,Washer,Dryer,Essentials,Hangers,Bed linens,Extra pillows and blankets,Room-darkening shades,Iron,Clothing storage,Ethernet connection,TV,Books and reading material,Air conditioning,Ceiling fan,Heating,Exterior security cameras on property,Smoke alarm,Carbon monoxide alarm,Fire extinguisher,Wifi,Dedicated workspace,Kitchen,Refrigerator,Microwave,Cooking basics,Dishes and silverware,Stove,Oven,Coffee maker,Wine glasses,Toaster,Dining table,Coffee,Private entrance,Backyard,Outdoor furniture,Outdoor dining area,Free street parking,Single level home,Luggage dropoff allowed,Long term stays allowed,Self check-in,Keypad",70.0,0.0,5.0,127.0,4.93,4.9,5.0,4.8,30097.0,130.7,0.605,0.676,15.8,221.0,79.8,3425.0,132.5,0.267,austin,50,2407.058333333333,1,0,0,365
145210,Entire guesthouse,entire_home,30.30203,-97.74235,2.0,1,2,1.0,1,0,0,1,27,"Hair dryer,Cleaning products,Shampoo,Conditioner,Body soap,Hot water,Shower gel,Washer,Dryer,Essentials,Hangers,Bed linens,Extra pillows and blankets,Iron,Clothing storage,Ethernet connection,TV,Crib,Pack ’n play/Travel crib,Air conditioning,Ceiling fan,Heating,Smoke alarm,Carbon monoxide alarm,Fire extinguisher,Wifi,Dedicated workspace,Kitchen,Refrigerator,Microwave,Cooking basics,Dishes and silverware,Freezer,Dishwasher,Stove,Oven,Hot water kettle,Coffee maker,Wine glasses,Toaster,Baking sheet,Blender,Dining table,Coffee,Private entrance,Laundromat nearby,Patio or balcony,Outdoor furniture,Free parking on premises,Free street parking,Luggage dropoff allowed,Long term stays allowed,Self check-in,Keypad,Cleaning before checkout",2609.0,,5.0,217.0,4.91,5.0,4.9,4.8,17926.0,131.2,0.389,0.679,11.8,142.0,49.1,4703.0,102.9,0.522,austin,55,1552.533333333333,1,0,0,365
154103,Entire home,entire_home,30.25103,-97.7814,8.0,5,5,2.0,0,0,0,0,3,"Bathtub,Shampoo,Body soap,Hot water,Washer,Dryer,Essentials,Bed linens,Iron,Clothing storage,TV,Game console,Air conditioning,Heating,Exterior security cameras on property,Smoke alarm,Carbon monoxide alarm,Wifi,Dedicated workspace,Kitchen,Refrigerator,Microwave,Cooking basics,Dishes and silverware,Dishwasher,Stove,Oven,Coffee maker,Baking sheet,Barbecue utensils,Patio or balcony,Backyard,Outdoor furniture,BBQ grill,Sun loungers,Free parking on premises,Free street parking,Pool,EV charger,Single level home",97.0,0.0,36.0,16.0,5.0,4.9,4.9,4.7,30032.0,637.1,0.101,0.219,6.2,37.0,80.7,0.0,359.8,0.0,austin,40,1964.3916666666667,1,0,0,365
174828,Entire home,entire_home,30.33206,-97.71355,10.0,4,4,2.0,1,0,0,1,2,"Bathtub,Hair dryer,Cleaning products,Shampoo,Conditioner,Body soap,Hot water,Shower gel,Washer,Dryer,Essentials,Hangers,Bed linens,Extra pillows and blankets,Room-darkening shades,Iron,Clothing storage,TV,Books and reading material,Crib,Pack ’n play/Travel crib,Children’s books and toys,High chair,Board games,Babysitter recommendations,Outdoor playground,Air conditioning,Indoor fireplace,Ceiling fan,Heating,Smoke alarm,Carbon monoxide alarm,Fire extinguisher,First aid kit,Wifi,Dedicated workspace,Kitchen,Refrigerator,Microwave,Cooking basics,Dishes and silverware,Dishwasher,Stove,Oven,Coffee maker,Baking sheet,Blender,Barbecue utensils,Coffee,Patio or balcony,Backyard,Outdoor furniture,Outdoor dining area,BBQ grill,Kayak,Free parking on premises,Free street parking,Pets allowed,Luggage dropoff allowed,Long term stays allowed,Self check-in,Keypad",150.0,0.0,21.0,425.0,4.89,4.9,4.7,4.8,49827.0,350.0,0.34,0.371,3.8,124.0,125.8,3400.0,364.5,0.089,austin,62,3616.6666666666665,1,0,0,365
184853,Entire home,entire_home,30.24106,-97.77315,4.0,2,2,1.5,1,0,0,1,30,"Bathtub,Hair dryer,Cleaning products,Hot water,Washer,Dryer,Essentials,Hangers,Bed linens,Extra pillows and blankets,Room-darkening shades,Iron,Drying rack for clothing,Clothing storage,TV,Record player,Exercise equipment,Books and reading material,Air conditioning,Indoor fireplace,Ceiling fan,Heating,Smoke alarm,Carbon monoxide alarm,Fire extinguisher,Wifi,Kitchen,Refrigerator,Microwave,Cooking basics,Dishes and silverware,Dishwasher,Stove,Oven,Coffee maker,Wine glasses,Toaster,Baking sheet,Blender,Rice maker,Dining table,Private entrance,Patio or balcony,Backyard,Fire pit,Outdoor furniture,Hammock,BBQ grill,Free parking on premises,Pets allowed,Long term stays allowed,Self check-in,Lockbox",2713.0,,30.0,16.0,5.0,4.9,4.9,4.9,16672.0,98.9,0.449,0.617,12.6,164.0,45.7,0.0,99.5,0.0,austin,53,1351.6333333333334,1,0,0,365
195674,Entire home,entire_home,30.25775,-97.76703,10.0,4,5,2.5,0,0,0,1,2,"Hair dryer,Shampoo,Hot water,Washer,Dryer,Essentials,Hangers,Bed linens,Extra pillows and blankets,Iron,Ethernet connection,TV,Air conditioning,Indoor fireplace,Heating,Smoke alarm,Fire extinguisher,Wifi,Kitchen,Refrigerator,Microwave,Cooking basics,Dishes and silverware,Coffee maker,Private entrance,Backyard,Free parking on premises,Free street parking",386.0,0.0,26.0,45.0,4.96,4.8,4.9,4.7,14265.0,586.6,0.047,0.05,2.4,17.0,32.7,580.0,520.8,0.011,austin,28,831.0166666666668,1,0,0,365
202187,Entire guesthouse,entire_home,30.24789,-97.7453,2.0,1,2,1.0,1,0,0,1,1,"Hair dryer,Shampoo,Hot water,Essentials,Hangers,Bed linens,Extra pillows and blankets,Iron,TV,Air conditioning,Heating,Smoke alarm,Carbon monoxide alarm,Fire extinguisher,Wifi,Kitchen,Refrigerator,Microwave,Cooking basics,Dishes and silverware,Freezer,Hot water kettle,Coffee maker,Wine glasses,Toaster,Coffee,Free street parking,Single level home,Luggage dropoff allowed",35.0,0.0,5.0,1192.0,4.87,4.8,5.0,4.9,31612.0,94.7,0.83,0.83,2.8,303.0,79.1,7308.0,92.7,0.789,austin,29,2391.175,1,0,0,365
208897,Entire home,entire_home,30.2632,-97.6998,6.0,3,3,1.0,1,0,0,1,3,"Garden view,Bathtub,Hair dryer,Cleaning products,Shampoo,Conditioner,Body soap,Bidet,Hot water,Shower gel,Washer,Essentials,Hangers,Bed linens,Extra pillows and blankets,Room-darkening shades,Iron,Drying rack for clothing,Clothing storage,TV,Piano,Crib,Children’s books and toys,Children’s dinnerware,Air conditioning,Ceiling fan,Heating,Smoke alarm,Carbon monoxide alarm,Fire extinguisher,First aid kit,Wifi,Dedicated workspace,Kitchen,Refrigerator,Microwave,Cooking basics,Dishes and silverware,Freezer,Dishwasher,Stove,Oven,Hot water kettle,Coffee maker,Wine glasses,Toaster,Baking sheet,Blender,Coffee,Private entrance,Patio or balcony,Outdoor furniture,Hammock,Outdoor dining area,Free parking on premises,Free street parking,Single level home,Luggage dropoff allowed,Long term stays allowed,Self check-in,Keypad,Cleaning before checkout",99.0,0.0,50.0,223.0,4.96,5.0,4.9,4.9,30844.0,220.5,0.326,0.326,3.6,119.0,76.4,6789.0,222.8,0.311,austin,62,2186.625,1,0,0,365
222986,Entire home,entire_home,30.25753,-97.7313,8.0,3,3,2.0,1,0,0,0,20,"TV,Host greets you,Cable TV,Children’s books and toys,Wifi,Air conditioning,Lake access,Babysitter recommendations,Kitchen,Free parking on premises,Room-darkening shades,Children’s dinnerware,Hot water,Bed linens,Extra pillows and blankets,Free street parking,Microwave,Coffee maker,Refrigerator,Dishwasher,Dishes and silverware,Heating,Cooking basics,Oven,Stove,Washer,Dryer,Smoke alarm,Shower gel,Carbon monoxide alarm,Patio or balcony,First aid kit,Backyard,Beach essentials,Fire extinguisher,Luggage dropoff allowed,Essentials,Long term stays allowed,Shampoo,Hangers,Hair dryer,Iron,Baking sheet,Private entrance,Bathtub",0.0,,45.0,53.0,4.96,5.0,4.7,4.7,15406.0,484.5,0.085,0.085,6.2,31.0,42.2,0.0,535.4,0.0,austin,45,1251.625,1,0,0,365
233930,Entire home,entire_home,30.30289,-97.72961,4.0,2,2,1.0,1,0,0,1,19,"Bathtub,Hair dryer,Cleaning products,Shampoo,Conditioner,Body soap,Hot water,Washer,Dryer,Essentials,Hangers,Bed linens,Extra pillows and blankets,Room-darkening shades,Iron,Clothing storage,TV,Books and reading material,Air conditioning,Ceiling fan,Heating,Exterior security cameras on property,Smoke alarm,Carbon monoxide alarm,Fire extinguisher,Wifi,Dedicated workspace,Kitchen,Refrigerator,Microwave,Cooking basics,Dishes and silverware,Stove,Oven,Coffee maker,Wine glasses,Toaster,Dining table,Coffee,Private entrance,Patio or balcony,Backyard,Outdoor furniture,Outdoor dining area,Free parking on premises,Free street parking,Luggage dropoff allowed,Long term stays allowed,Self check-in,Keypad",117.0,,38.0,139.0,4.94,5.0,5.0,4.8,29777.0,147.1,0.515,0.758,10.4,188.0,76.5,3091.0,142.7,0.211,austin,50,2304.5666666666666,1,0,0,365
238657,Entire home,entire_home,30.252,-97.75628,4.0,2,2,1.0,1,0,0,1,1,"Hair dryer,Shampoo,Hot water,Shower gel,Washer,Dryer,Essentials,Hangers,Bed linens,Extra pillows and blankets,Iron,Ethernet connection,TV,Crib,Pack ’n play/Travel crib,Children’s books and toys,High chair,Children’s dinnerware,Air conditioning,Heating,Smoke alarm,Carbon monoxide alarm,Fire extinguisher,Wifi,Kitchen,Refrigerator,Microwave,Cooking basics,Dishes and silverware,Dishwasher,Stove,Oven,Coffee maker,Patio or balcony,Backyard,Outdoor furniture,Outdoor dining area,BBQ grill,Free parking on premises,Free street parking,Single level home,Pets allowed,Long term stays allowed,Self check-in,Keypad",100.0,0.0,26.0,331.0,4.96,4.9,5.0,4.9,54261.0,208.5,0.614,0.786,2.8,224.0,132.5,16859.0,217.8,0.767,austin,45,3892.0,1,0,0,365
240541,Entire guesthouse,entire_home,30.25445,-97.72457,2.0,1,1,1.0,0,0,0,0,1,"Hair dryer,Shampoo,Hot water,Essentials,Hangers,Iron,Air conditioning,Heating,Exterior security cameras on property,Wifi,Dedicated workspace,Kitchen,Refrigerator,Cooking basics,Dishes and silverware,Coffee maker,Patio or balcony,Free parking on premises,Free street parking,Luggage dropoff allowed,Long term stays allowed",20.0,5.0,5.0,1016.0,4.64,4.6,4.8,4.7,18847.0,84.5,0.584,0.584,2.3,213.0,48.6,1516.0,86.5,0.189,austin,21,1499.875,1,0,0,365
248515,Entire home,entire_home,30.25572,-97.72874,4.0,2,2,1.0,1,0,0,0,2,"Bathtub,Hair dryer,Cleaning products,Shampoo,Conditioner,Body soap,Hot water,Shower gel,Washer,Dryer,Essentials,Hangers,Bed linens,Extra pillows and blankets,Iron,Clothing storage,TV,Books and reading material,Pack ’n play/Travel crib,Air conditioning,Ceiling fan,Heating,Smoke alarm,Carbon monoxide alarm,Fire extinguisher,First aid kit,Wifi,Dedicated workspace,Kitchen,Refrigerator,Microwave,Cooking basics,Dishes and silverware,Freezer,Dishwasher,Stove,Oven,Hot water kettle,Coffee maker,Wine glasses,Toaster,Baking sheet,Blender,Dining table,Coffee,Private entrance,Patio or balcony,Outdoor furniture,Free parking on premises,Free street parking,Single level home,Pets allowed,Luggage dropoff allowed,Breakfast,Long term stays allowed,Self check-in,Smart lock",107.0,0.0,21.0,285.0,4.8,4.8,4.9,4.7,49166.0,189.4,0.595,0.635,3.8,217.0,119.8,10541.0,189.5,0.5,austin,57,3424.9833333333336,1,0,0,365
271052,Entire condo,entire_home,30.25367,-97.77253,4.0,2,2,2.0,1,0,0,1,3,"Bathtub,Hair dryer,Cleaning products,Shampoo,Conditioner,Hot water,Washer,Dryer,Essentials,Hangers,Bed linens,Extra pillows and blankets,Iron,Drying rack for clothing,TV,Record player,Board games,Air conditioning,Ceiling fan,Portable fans,Heating,Smoke alarm,Carbon monoxide alarm,Fire extinguisher,First aid kit,Wifi,Dedicated workspace,Kitchen,Refrigerator,Microwave,Cooking basics,Dishes and silverware,Freezer,Dishwasher,Stove,Oven,Hot water kettle,Coffee maker,Wine glasses,Toaster,Baking sheet,Blender,Coffee,Laundromat nearby,Patio or balcony,Fire pit,Free parking on premises,Single level home,Pets allowed,Self check-in,Keypad",120.0,0.0,21.0,80.0,4.9,4.9,4.9,4.8,18281.0,164.2,0.268,0.281,5.4,98.0,45.5,5082.0,167.3,0.289,austin,51,1340.9666666666665,1,0,0,365
281182,Entire home,entire_home,30.28032,-97.70708,10.0,3,3,2.5,0,0,0,1,2,"Hair dryer,Shampoo,Hot water,Washer,Dryer,Essentials,Hangers,Iron,TV,Air conditioning,Heating,Smoke alarm,Wifi,Kitchen,Refrigerator,Microwave,Dishes and silverware,Stove,Oven,Coffee maker,Patio or balcony,Backyard,Free street parking,Long term stays allowed",120.0,0.0,17.0,62.0,4.92,4.9,4.8,4.8,13488.0,334.0,0.099,0.099,3.0,36.0,33.0,2311.0,327.3,0.067,austin,24,1002.0,1,0,0,365
304866,Entire guesthouse,entire_home,30.20943,-97.77117,2.0,1,2,1.0,1,0,0,1,2,"Hair dryer,Shampoo,Hot water,Essentials,Hangers,Iron,TV,Air conditioning,Heating,Smoke alarm,Carbon monoxide alarm,Fire extinguisher,Wifi,Kitchen,Refrigerator,Microwave,Cooking basics,Dishes and silverware,Stove,Oven,Coffee maker,Patio or balcony,Backyard,Fire pit,Outdoor furniture,Outdoor dining area,Outdoor kitchen,BBQ grill,Free parking on premises,Free street parking,Long term stays allowed,Host greets you",0.0,0.0,21.0,201.0,4.84,4.7,4.8,4.8,1491.0,94.0,0.044,0.044,3.2,16.0,4.1,0.0,101.5,0.0,austin,32,125.33333333333333,1,0,0,365
319894,Entire home,entire_home,30.28354,-97.64966,6.0,3,3,2.5,1,0,0,1,2,"Bathtub,Hair dryer,Shampoo,Hot water,Washer,Dryer,Essentials,Hangers,Bed linens,Iron,TV,Crib,Pack ’n play/Travel crib,Air conditioning,Heating,Exterior security cameras on property,Smoke alarm,Carbon monoxide alarm,Fire extinguisher,First aid kit,Wifi,Dedicated workspace,Kitchen,Refrigerator,Microwave,Cooking basics,Dishes and silverware,Dishwasher,Stove,Oven,Coffee maker,Baking sheet,Patio or balcony,Backyard,Fire pit,Outdoor furniture,Outdoor dining area,BBQ grill,Free parking on premises,Free street parking,Luggage dropoff allowed,Long term stays allowed,Self check-in,Lockbox",99.0,0.0,23.0,250.0,4.86,4.7,4.9,4.9,18410.0,240.2,0.184,0.184,2.6,67.0,44.5,2333.0,261.1,0.089,austin,44,1341.1166666666666,1,0,0,365
333442,Entire home,entire_home,30.31293,-97.7662,10.0,5,5,3.0,1,0,0,1,3,"Pool view,Bathtub,Hair dryer,Shampoo,Hot water,Washer,Dryer,Essentials,Hangers,Room-darkening shades,Iron,TV,Pack ’n play/Travel crib,Children’s books and toys,High chair,Children’s dinnerware,Babysitter recommendations,Children's playroom,Air conditioning,Heating,Smoke alarm,Carbon monoxide alarm,Fire extinguisher,First aid kit,Wifi,Dedicated workspace,Kitchen,Refrigerator,Microwave,Cooking basics,Dishes and silverware,Dishwasher,Stove,Oven,Coffee maker,Wine glasses,Dining table,Coffee,Private entrance,Patio or balcony,Backyard,Fire pit,Outdoor furniture,Outdoor dining area,BBQ grill,Beach essentials,Sun loungers,Free parking on premises,Pool,Single level home,Pets allowed,Luggage dropoff allowed,Smoking allowed,Long term stays allowed",347.0,0.0,35.0,203.0,4.83,4.7,4.9,4.8,72198.0,339.5,0.474,0.524,4.8,173.0,166.4,27939.0,402.4,0.611,austin,54,4894.458333333333,1,0,0,365
341530,Entire bungalow,entire_home,30.24746,-97.75662,2.0,1,1,1.0,1,0,0,1,3,"Garden view,Bathtub,Hair dryer,Cleaning products,Shampoo,Conditioner,Body soap,Hot water,Washer,Dryer,Essentials,Hangers,Bed linens,Iron,Ethernet connection,TV,Air conditioning,Heating,Smoke alarm,Carbon monoxide alarm,Fire extinguisher,First aid kit,Wifi,Dedicated workspace,Kitchen,Refrigerator,Microwave,Cooking basics,Dishes and silverware,Mini fridge,Freezer,Stove,Oven,Coffee maker,Wine glasses,Toaster,Baking sheet,Blender,Barbecue utensils,Coffee,Patio or balcony,Backyard,Fire pit,Outdoor furniture,Outdoor dining area,BBQ grill,Free parking on premises,Free street parking,Single level home,Luggage dropoff allowed,Self check-in,Keypad",0.0,0.0,5.0,210.0,4.83,4.7,5.0,4.8,7398.0,224.3,0.093,0.548,8.5,34.0,20.3,0.0,221.5,0.0,austin,52,635.5166666666668,1,0,0,365
342039,Entire guesthouse,entire_home,30.25042,-97.73015,2.0,1,1,1.0,1,0,0,1,2,"Hair dryer,Shampoo,Hot water,Washer,Dryer,Essentials,Hangers,Iron,TV,Air conditioning,Indoor fireplace,Heating,Smoke alarm,Carbon monoxide alarm,Fire extinguisher,First aid kit,Wifi,Kitchen,Refrigerator,Microwave,Cooking basics,Dishes and silverware,Stove,Oven,Coffee maker,Patio or balcony,Backyard,Free parking on premises,Free street parking",85.0,0.0,5.0,453.0,4.92,4.9,4.9,4.9,32541.0,187.0,0.425,0.46,3.7,155.0,80.5,5826.0,185.3,0.322,austin,29,2415.4166666666665,1,0,0,365
343462,Entire guest suite,entire_home,30.26895,-97.68947,4.0,1,1,1.0,1,0,0,1,1,"Bathtub,Hair dryer,Cleaning products,Shampoo,Conditioner,Body soap,Hot water,Shower gel,Essentials,Hangers,Bed linens,Extra pillows and blankets,Iron,Clothing storage,TV,Piano,Children’s books and toys,Children’s dinnerware,Air conditioning,Ceiling fan,Heating,Smoke alarm,Carbon monoxide alarm,Fire extinguisher,First aid kit,Wifi,Dedicated workspace,Kitchen,Refrigerator,Microwave,Cooking basics,Dishes and silverware,Freezer,Stove,Oven,Hot water kettle,Coffee maker,Wine glasses,Toaster,Baking sheet,Rice maker,Dining table,Coffee,Private entrance,Laundromat nearby,Patio or balcony,Backyard,Outdoor furniture,Outdoor dining area,Free parking on premises,Free street parking,Single level home,Self check-in,Keypad",35.0,0.0,15.0,309.0,4.89,4.8,4.7,4.8,18257.0,119.6,0.389,0.416,4.3,142.0,47.6,3390.0,122.2,0.278,austin,54,1415.2666666666667,1,0,0,365
343889,Entire rental unit,entire_home,30.27442,-97.72237,2.0,1,1,1.0,1,0,0,0,28,"Hair dryer,Hot water,Washer,Dryer,Essentials,Hangers,Bed linens,Extra pillows and blankets,Iron,Clothing storage,Air conditioning,Heating,Smoke alarm,Carbon monoxide alarm,Fire extinguisher,Wifi,Dedicated workspace,Kitchen,Refrigerator,Microwave,Cooking basics,Dishes and silverware,Stove,Oven,Coffee maker,Baking sheet,Private entrance,Free parking on premises,Free street parking,Single level home,Long term stays allowed,Self check-in,Keypad",1901.0,,20.0,49.0,4.8,4.6,4.9,4.6,8354.0,78.6,0.279,0.285,9.3,102.0,22.9,0.0,73.5,0.0,austin,33,668.1,1,0,0,365
345473,Entire home,entire_home,30.24541,-97.74725,6.0,3,3,2.0,1,0,0,1,3,"Hair dryer,Shampoo,Body soap,Hot water,Washer,Dryer,Essentials,Hangers,Bed linens,Extra pillows and blankets,Iron,TV,Pack ’n play/Travel crib,Air conditioning,Indoor fireplace,Ceiling fan,Heating,Exterior security cameras on property,Smoke alarm,Carbon monoxide alarm,Fire extinguisher,Wifi,Dedicated workspace,Kitchen,Refrigerator,Microwave,Cooking basics,Dishes and silverware,Dishwasher,Stove,Oven,Coffee maker,Patio or balcony,Backyard,Outdoor furniture,Outdoor dining area,BBQ grill,Free parking on premises,Single level home,Self check-in,Keypad",249.0,0.0,18.0,296.0,4.97,4.9,5.0,4.9,81798.0,314.8,0.597,0.597,4.3,218.0,194.1,14882.0,304.6,0.422,austin,41,5718.866666666668,1,0,0,365
345536,Entire bungalow,entire_home,30.2466,-97.76157,4.0,2,3,1.0,1,0,0,1,1,"Garden view,Wifi,Bathtub,Hair dryer,Cleaning products,Shampoo,Conditioner,Hot water,Washer,Dryer,Essentials,Hangers,Bed linens,Iron,Clothing storage,TV,Books and reading material,Crib,Pack ’n play/Travel crib,Air conditioning,Ceiling fan,Portable fans,Heating,Smoke alarm,Fire extinguisher,Wifi,Dedicated workspace,Kitchen,Refrigerator,Microwave,Cooking basics,Dishes and silverware,Dishwasher,Stove,Oven,Coffee maker,Wine glasses,Toaster,Baking sheet,Blender,Rice maker,Barbecue utensils,Dining table,Coffee,Private entrance,Patio or balcony,Backyard,Fire pit,Outdoor furniture,Outdoor dining area,BBQ grill,Free parking on premises,Free street parking,Single level home,Pets allowed,Luggage dropoff allowed,Long term stays allowed,Self check-in,Lockbox,Cleaning before checkout,Host greets you",110.0,0.0,44.0,375.0,4.93,4.9,5.0,4.8,43983.0,201.4,0.551,0.551,4.6,201.0,109.4,7182.0,233.9,0.3,austin,61,3373.4500000000003,1,0,0,365
354263,Entire guesthouse,entire_home,30.24821,-97.76343,3.0,1,6,1.0,1,0,0,1,1,"Air conditioning,Bathtub,Hair dryer,Cleaning products,Shampoo,Conditioner,Body soap,Hot water,Shower gel,Washer,Dryer,Essentials,Hangers,Bed linens,Extra pillows and blankets,Room-darkening shades,Iron,Safe,Clothing storage,TV,Sound system,Books and reading material,Crib,Pack ’n play/Travel crib,Outlet covers,Air conditioning,Ceiling fan,Heating,Smoke alarm,Carbon monoxide alarm,Fire extinguisher,Wifi,Dedicated workspace,Kitchen,Refrigerator,Microwave,Cooking basics,Dishes and silverware,Freezer,Dishwasher,Stove,Oven,Hot water kettle,Coffee maker,Wine glasses,Toaster,Baking sheet,Blender,Rice maker,Barbecue utensils,Dining table,Coffee,Private entrance,Patio or balcony,Backyard,Fire pit,Outdoor furniture,Hammock,Outdoor dining area,BBQ grill,Free parking on premises,Free street parking,Single level home,Pets allowed,Luggage dropoff allowed,Long term stays allowed,Cleaning before checkout,Host greets you",85.0,0.0,5.0,454.0,4.9,4.9,4.9,4.8,31427.0,176.0,0.455,0.529,5.4,166.0,80.3,1921.0,178.0,0.111,austin,68,2434.6666666666665,1,0,0,365
356837,Entire townhouse,entire_home,30.28184,-97.74276,8.0,2,5,2.5,0,0,0,0,15,"Bathtub,Hair dryer,Cleaning products,Shampoo,Body soap,Hot water,Shower gel,Washer,Dryer,Essentials,Hangers,Bed linens,Extra pillows and blankets,Room-darkening shades,Iron,Clothing storage,TV,Air conditioning,Indoor fireplace,Ceiling fan,Heating,Smoke alarm,Fire extinguisher,Wifi,Kitchen,Refrigerator,Microwave,Cooking basics,Dishes and silverware,Freezer,Dishwasher,Stove,Oven,Coffee maker,Wine glasses,Dining table,Private entrance,Patio or balcony,Free parking on premises,Pets allowed,Luggage dropoff allowed,Long term stays allowed,Self check-in,Smart lock",895.0,0.0,14.0,48.0,4.81,4.8,4.8,4.7,34736.0,290.6,0.274,0.3,14.3,100.0,95.2,1556.0,175.1,0.089,austin,44,2421.666666666667,1,0,0,365
357529,Entire home,entire_home,30.25478,-97.76854,5.0,2,2,1.0,1,0,0,1,3,"Bathtub,Hair dryer,Cleaning products,Shampoo,Conditioner,Body soap,Hot water,Shower gel,Washer,Dryer,Essentials,Hangers,Bed linens,Extra pillows and blankets,Room-darkening shades,Iron,Clothing storage,TV,Books and reading material,Pack ’n play/Travel crib,Children’s books and toys,High chair,Baby bath,Children’s dinnerware,Board games,Air conditioning,Ceiling fan,Portable fans,Heating,Smoke alarm,Carbon monoxide alarm,Fire extinguisher,First aid kit,Wifi,Dedicated workspace,Kitchen,Refrigerator,Microwave,Cooking basics,Dishes and silverware,Freezer,Dishwasher,Stove,Oven,Hot water kettle,Coffee maker,Wine glasses,Toaster,Baking sheet,Blender,Dining table,Coffee,Private entrance,Laundromat nearby,Patio or balcony,Fire pit,Outdoor furniture,Bikes,Free parking on premises,Free street parking,Single level home,Long term stays allowed,Self check-in,Keypad,Cleaning before checkout",245.0,0.0,38.0,484.0,4.98,5.0,5.0,4.9,72502.0,229.6,0.674,0.676,3.7,246.0,156.3,15105.0,224.6,0.6,austin,65,4706.8,1,0,0,365
363944,Entire home,entire_home,30.25795,-97.77202,12.0,5,6,4.0,0,0,0,0,4,"Air conditioning,Garden view,Bathtub,Hair dryer,Cleaning products,Shampoo,Conditioner,Body soap,Hot water,Washer,Dryer,Essentials,Hangers,Bed linens,Extra pillows and blankets,Room-darkening shades,Iron,Drying rack for clothing,Clothing storage,Ethernet connection,TV,Books and reading material,Crib,Pack ’n play/Travel crib,High chair,Baby bath,Children’s dinnerware,Air conditioning,Ceiling fan,Portable fans,Heating,Exterior security cameras on property,Smoke alarm,Carbon monoxide alarm,Fire extinguisher,First aid kit,Wifi,Dedicated workspace,Kitchen,Refrigerator,Microwave,Cooking basics,Dishes and silverware,Freezer,Dishwasher,Stove,Oven,Hot water kettle,Coffee maker,Wine glasses,Toaster,Baking sheet,Blender,Barbecue utensils,Dining table,Coffee,Private entrance,Laundromat nearby,Patio or balcony,Backyard,Outdoor furniture,Outdoor dining area,BBQ grill,Free parking on premises,Free street parking,EV charger,Pets allowed,Luggage dropoff allowed,Long term stays allowed,Self check-in,Keypad",844.0,0.0,53.0,33.0,4.94,4.9,4.9,4.7,16041.0,843.3,0.033,0.038,6.0,12.0,39.3,0.0,670.7,0.0,austin,71,843.2999999999998,1,0,0,365
381240,Entire townhouse,entire_home,30.2538,-97.74359,2.0,1,1,1.5,0,0,0,1,9,"Wifi,Garden view,Bathtub,Hair dryer,Cleaning products,Shampoo,Conditioner,Body soap,Hot water,Shower gel,Washer,Dryer,Essentials,Hangers,Bed linens,Extra pillows and blankets,Room-darkening shades,Iron,Clothing storage,Ethernet connection,TV,Sound system,Books and reading material,Air conditioning,Indoor fireplace,Ceiling fan,Portable fans,Heating,Exterior security cameras on property,Smoke alarm,Fire extinguisher,First aid kit,Wifi,Dedicated workspace,Kitchen,Refrigerator,Microwave,Cooking basics,Dishes and silverware,Freezer,Dishwasher,Stove,Oven,Hot water kettle,Coffee maker,Wine glasses,Toaster,Baking sheet,Blender,Dining table,Coffee,Private entrance,Patio or balcony,Outdoor furniture,Free parking on premises,Free street parking,Luggage dropoff allowed,Long term stays allowed,Self check-in,Keypad",150.0,0.0,5.0,20.0,4.89,5.0,5.0,4.8,30843.0,330.4,0.216,0.648,13.2,79.0,82.4,0.0,278.0,0.0,austin,60,2175.133333333333,1,0,0,365
424279,Entire condo,entire_home,30.2397,-97.75178,4.0,2,4,2.0,1,0,0,1,28,"Bathtub,Hair dryer,Cleaning products,Hot water,Washer,Dryer,Essentials,Hangers,Bed linens,Extra pillows and blankets,Room-darkening shades,Iron,Drying rack for clothing,Clothing storage,Ethernet connection,TV,Air conditioning,Ceiling fan,Heating,Smoke alarm,Fire extinguisher,Wifi,Dedicated workspace,Kitchen,Refrigerator,Microwave,Cooking basics,Dishes and silverware,Freezer,Dishwasher,Stove,Oven,Hot water kettle,Coffee maker,Wine glasses,Toaster,Baking sheet,Blender,Trash compactor,Dining table,Private entrance,Patio or balcony,BBQ grill,Free parking on premises,Free street parking,Pool,EV charger,Pets allowed,Long term stays allowed,Self check-in,Smart lock",3523.0,,31.0,33.0,4.91,4.8,4.9,4.8,11835.0,205.1,0.153,0.475,28.0,56.0,32.4,0.0,186.1,0.0,austin,51,957.1333333333333,1,0,0,365
433996,Entire loft,entire_home,30.26139,-97.77566,2.0,1,1,2.0,1,0,0,1,2,"Wifi,Bathtub,Hair dryer,Shampoo,Conditioner,Body soap,Hot water,Shower gel,Washer,Dryer,Essentials,Hangers,Bed linens,Extra pillows and blankets,Iron,Ethernet connection,TV,Air conditioning,Ceiling fan,Heating,Smoke alarm,Carbon monoxide alarm,Fire extinguisher,First aid kit,Wifi,Dedicated workspace,Kitchen,Refrigerator,Microwave,Cooking basics,Dishes and silverware,Freezer,Dishwasher,Stove,Oven,Coffee maker,Baking sheet,Patio or balcony,Outdoor furniture,Free parking on premises,Luggage dropoff allowed,Long term stays allowed,Self check-in,Keypad",90.0,0.0,22.0,331.0,4.82,4.9,4.9,4.8,31610.0,148.4,0.499,0.695,6.1,182.0,79.9,4007.0,133.7,0.267,austin,44,2250.733333333333,1,0,0,365
461404,Entire bungalow,entire_home,30.3239,-97.731,3.0,2,3,1.0,0,0,0,1,2,"Garden view,Bathtub,Hair dryer,Cleaning products,Shampoo,Body soap,Hot water,Washer,Dryer,Essentials,Hangers,Bed linens,Extra pillows and blankets,Room-darkening shades,Iron,Drying rack for clothing,Clothing storage,TV,Air conditioning,Ceiling fan,Heating,Smoke alarm,Carbon monoxide alarm,Fire extinguisher,Wifi,Dedicated workspace,Kitchen,Refrigerator,Cooking basics,Dishes and silverware,Stove,Oven,Hot water kettle,Coffee maker,Wine glasses,Baking sheet,Dining table,Private entrance,Patio or balcony,Backyard,Outdoor furniture,Outdoor dining area,Free parking on premises,Free street parking,Single level home,Luggage dropoff allowed,Long term stays allowed,Self check-in,Lockbox",110.0,0.0,25.0,103.0,4.78,4.7,4.9,4.8,12980.0,161.6,0.178,0.262,4.1,65.0,31.6,2089.0,138.6,0.144,austin,49,875.3333333333334,1,0,0,365
501861,Entire guesthouse,entire_home,30.2531,-97.7457,4.0,2,2,1.0,1,0,0,1,2,"Garden view,Wifi,Air conditioning,Hair dryer,Cleaning products,Shampoo,Conditioner,Body soap,Hot water,Shower gel,Washer,Dryer,Essentials,Hangers,Bed linens,Extra pillows and blankets,Room-darkening shades,Iron,Clothing storage,TV,Sound system,Books and reading material,Air conditioning,Indoor fireplace,Ceiling fan,Portable fans,Heating,Smoke alarm,Carbon monoxide alarm,Fire extinguisher,Wifi,Pocket wifi,Microwave,Cooking basics,Dishes and silverware,Mini fridge,Stove,Oven,Hot water kettle,Coffee maker,Wine glasses,Toaster,Blender,Barbecue utensils,Dining table,Coffee,Lake access,Private entrance,Laundromat nearby,Patio or balcony,Backyard,Outdoor furniture,Hammock,BBQ grill,Free street parking,Luggage dropoff allowed,Long term stays allowed,Self check-in,Keypad,Cleaning before checkout",75.0,0.0,5.0,177.0,4.97,5.0,5.0,4.8,60685.0,242.8,0.649,0.671,5.2,237.0,158.2,11073.0,230.9,0.511,austin,60,4795.3,1,0,0,365
521689,Entire home,entire_home,30.20208,-97.81443,3.0,3,3,2.0,0,0,0,0,30,"Bathtub,Hair dryer,Shampoo,Conditioner,Body soap,Hot water,Washer,Dryer,Essentials,Hangers,Bed linens,Extra pillows and blankets,Room-darkening shades,Iron,Clothing storage,TV,Books and reading material,Board games,Air conditioning,Ceiling fan,Portable fans,Heating,Smoke alarm,Carbon monoxide alarm,Fire extinguisher,First aid kit,Wifi,Dedicated workspace,Kitchen,Refrigerator,Microwave,Cooking basics,Dishes and silverware,Freezer,Dishwasher,Stove,Oven,Hot water kettle,Coffee maker,Wine glasses,Toaster,Baking sheet,Blender,Barbecue utensils,Dining table,Coffee,Private entrance,Laundromat nearby,Patio or balcony,Backyard,Fire pit,Outdoor furniture,Hammock,Outdoor dining area,BBQ grill,Kayak,Free parking on premises,Free street parking,Pool,Single level home,Pets allowed,Long term stays allowed",4042.0,,34.0,17.0,4.94,4.9,4.8,4.8,1661.0,116.7,0.041,0.058,3.8,15.0,4.6,687.0,123.5,0.067,austin,62,145.875,1,0,0,365
522136,Entire rental unit,entire_home,30.27936,-97.74362,4.0,1,2,1.0,1,0,0,0,3,"TV,Wifi,Air conditioning,Kitchen,Board games,Free parking on premises,Hot water kettle,Paid parking off premises,Books and reading material,Portable fans,Ceiling fan,Conditioner,Cleaning products,Heating,Coffee,Clothing storage,Wine glasses,Washer,Dryer,Smoke alarm,Carbon monoxide alarm,First aid kit,Fire extinguisher,Essentials,Shampoo,Hangers,Hair dryer,Iron,Dedicated workspace,Self check-in,Smart lock,Freezer,Bathtub,Pack ’n play/Travel crib,Room-darkening shades,Hot water,Body soap,Bed linens,Extra pillows and blankets,Microwave,Coffee maker,Refrigerator,Dishwasher,Dishes and silverware,Cooking basics,Oven,Stove,Shower gel,Baking sheet,Toaster",60.0,0.0,25.0,557.0,4.96,5.0,4.9,4.9,6917.0,157.2,0.104,0.104,3.2,38.0,17.1,0.0,0.0,0.0,austin,50,497.79999999999995,1,0,0,365
560094,Entire home,entire_home,30.2489,-97.7854,8.0,4,5,3.0,1,1,0,1,2,"Bathtub,Hair dryer,Cleaning products,Shampoo,Conditioner,Body soap,Hot water,Shower gel,Washer,Dryer,Hangers,Bed linens,Extra pillows and blankets,Room-darkening shades,Iron,Clothing storage,TV,Piano,Sound system,Books and reading material,Air conditioning,Ceiling fan,Portable fans,Heating,Smoke alarm,Carbon monoxide alarm,Fire extinguisher,First aid kit,Wifi,Dedicated workspace,Kitchen,Refrigerator,Microwave,Cooking basics,Dishes and silverware,Mini fridge,Freezer,Dishwasher,Stove,Oven,Hot water kettle,Coffee maker,Wine glasses,Toaster,Baking sheet,Blender,Barbecue utensils,Dining table,Coffee,Private entrance,Patio or balcony,Backyard,Outdoor furniture,Outdoor dining area,Sun loungers,Free parking on premises,Free street parking,Hot tub,Single level home,Pets allowed,Luggage dropoff allowed,Long term stays allowed,Self check-in,Keypad,Cleaning before checkout",150.0,0.0,45.0,97.0,4.89,4.8,4.9,4.8,6283.0,387.6,0.041,0.072,15.0,15.0,16.8,6283.0,369.9,0.167,austin,65,484.5,1,0,0,365
622495,Entire condo,entire_home,30.28714,-97.75258,2.0,1,2,1.0,0,0,0,0,2,"TV,Wifi,Air conditioning,Kitchen,Free parking on premises,Hot water kettle,Books and reading material,Ceiling fan,Conditioner,Free street parking,Cleaning products,Heating,Coffee,Clothing storage,Washer,Dryer,Smoke alarm,First aid kit,Essentials,Shampoo,Hangers,Hair dryer,Iron,Dedicated workspace,Self check-in,Freezer,Lockbox,Private living room,Private entrance,Bathtub,Blender,Hot water,Body soap,Bed linens,Extra pillows and blankets,Microwave,Coffee maker,Refrigerator,Dishes and silverware,Cooking basics,Oven,Stove,Shower gel,Patio or balcony,Luggage dropoff allowed,Long term stays allowed,Baking sheet",50.0,0.0,19.0,71.0,4.94,4.8,4.9,4.8,11039.0,132.3,0.23,0.23,6.0,84.0,28.6,632.0,144.1,0.044,austin,47,926.1,1,0,0,365
632659,Entire guesthouse,entire_home,30.2827,-97.717,4.0,2,2,1.0,1,0,0,1,1,"Hair dryer,Cleaning products,Shampoo,Conditioner,Hot water,Shower gel,Essentials,Hangers,Bed linens,Extra pillows and blankets,Iron,Clothing storage,Ethernet connection,TV,Record player,Air conditioning,Indoor fireplace,Ceiling fan,Heating,Smoke alarm,Carbon monoxide alarm,Fire extinguisher,First aid kit,Wifi,Dedicated workspace,Kitchen,Refrigerator,Microwave,Cooking basics,Dishes and silverware,Freezer,Stove,Oven,Hot water kettle,Coffee maker,Wine glasses,Toaster,Baking sheet,Blender,Barbecue utensils,Dining table,Coffee,Private entrance,Patio or balcony,Backyard,Fire pit,Outdoor furniture,Outdoor dining area,BBQ grill,Beach essentials,Sun loungers,Free parking on premises,Free street parking,Pool,Hot tub,Pets allowed,Luggage dropoff allowed,Long term stays allowed,Self check-in,Keypad",65.0,0.0,44.0,589.0,4.98,5.0,5.0,5.0,64767.0,219.2,0.732,0.802,2.5,267.0,164.1,10378.0,222.3,0.467,austin,60,4877.2,1,0,0,365
660425,Entire guest suite,entire_home,30.25344,-97.77077,4.0,2,2,1.0,1,0,0,1,2,"Hair dryer,Shampoo,Hot water,Washer,Dryer,Essentials,Hangers,Bed linens,Extra pillows and blankets,Iron,TV,Air conditioning,Heating,Smoke alarm,Carbon monoxide alarm,Fire extinguisher,First aid kit,Wifi,Dedicated workspace,Kitchen,Refrigerator,Microwave,Cooking basics,Dishes and silverware,Dishwasher,Stove,Oven,Coffee maker,Private entrance,Free parking on premises,Free street parking,Single level home,Self check-in,Lockbox",110.0,0.0,19.0,190.0,4.9,5.0,4.9,4.8,19220.0,179.4,0.266,0.269,3.7,97.0,47.5,3523.0,195.3,0.178,austin,34,1450.1499999999999,1,0,0,365
668301,Entire guesthouse,entire_home,30.2471,-97.7566,4.0,2,2,2.0,1,0,0,1,1,"Air conditioning,Hair dryer,Shampoo,Hot water,Washer,Dryer,Essentials,Hangers,Bed linens,Extra pillows and blankets,Iron,TV,Air conditioning,Heating,Smoke alarm,Carbon monoxide alarm,Fire extinguisher,Wifi,Kitchen,Refrigerator,Microwave,Cooking basics,Dishes and silverware,Dishwasher,Stove,Oven,Coffee maker,Private entrance,Patio or balcony,Backyard,Outdoor furniture,Outdoor dining area,Free parking on premises,Single level home,Luggage dropoff allowed,Long term stays allowed,Self check-in,Keypad",100.0,0.0,45.0,197.0,4.91,5.0,5.0,4.8,21279.0,279.7,0.178,0.183,6.5,65.0,55.8,0.0,0.0,0.0,austin,38,1515.0416666666667,1,0,0,365
692220,Entire home,entire_home,30.23537,-97.75171,2.0,1,2,1.0,1,0,0,0,28,"Hair dryer,Cleaning products,Hot water,Washer,Dryer,Essentials,Hangers,Bed linens,Extra pillows and blankets,Iron,Clothing storage,Ethernet connection,TV,Books and reading material,Air conditioning,Ceiling fan,Heating,Smoke alarm,Carbon monoxide alarm,Fire extinguisher,First aid kit,Wifi,Kitchen,Refrigerator,Microwave,Cooking basics,Dishes and silverware,Freezer,Stove,Oven,Coffee maker,Wine glasses,Toaster,Baking sheet,Private entrance,Laundromat nearby,Patio or balcony,Backyard,Outdoor furniture,Hammock,Free parking on premises,Free street parking,Luggage dropoff allowed,Long term stays allowed,Self check-in,Keypad",1828.0,,17.0,69.0,4.68,4.6,4.8,4.6,3610.0,69.6,0.151,0.724,27.5,55.0,9.9,0.0,76.9,0.0,austin,46,318.99999999999994,1,0,0,365
699018,Entire home,entire_home,30.3124,-97.75218,8.0,3,4,1.0,1,1,0,0,23,"Garden view,Hair dryer,Cleaning products,Shampoo,Conditioner,Body soap,Hot water,Shower gel,Washer,Dryer,Essentials,Hangers,Bed linens,Extra pillows and blankets,Iron,Drying rack for clothing,Clothing storage,TV,Sound system,Game console,Climbing wall,Books and reading material,Pack ’n play/Travel crib,Children’s books and toys,Children’s dinnerware,Board games,Outdoor playground,Air conditioning,Ceiling fan,Heating,Smoke alarm,Carbon monoxide alarm,Fire extinguisher,First aid kit,Wifi,Dedicated workspace,Kitchen,Refrigerator,Microwave,Cooking basics,Dishes and silverware,Freezer,Dishwasher,Stove,Oven,Hot water kettle,Coffee maker,Wine glasses,Toaster,Baking sheet,Blender,Barbecue utensils,Dining table,Coffee,Private entrance,Patio or balcony,Backyard,Fire pit,Outdoor furniture,Outdoor dining area,BBQ grill,Sun loungers,Free parking on premises,Free street parking,Pool,Single level home,Pets allowed,Long term stays allowed,Self check-in,Keypad,Cleaning before checkout",408.0,,28.0,74.0,4.66,4.7,4.9,4.5,14106.0,163.1,0.211,0.352,6.4,77.0,38.6,391.0,134.7,0.033,austin,71,1046.5583333333332,1,0,0,365
705858,Entire home,entire_home,30.24654,-97.74713,2.0,1,1,1.0,1,0,0,1,1,"Hair dryer,Shampoo,Body soap,Hot water,Essentials,Hangers,Bed linens,Extra pillows and blankets,Iron,TV,Board games,Air conditioning,Heating,Smoke alarm,Carbon monoxide alarm,First aid kit,Wifi,Kitchen,Refrigerator,Microwave,Cooking basics,Dishes and silverware,Dishwasher,Stove,Coffee maker,Patio or balcony,Backyard,Outdoor furniture,Free street parking,Pool,Pets allowed,Luggage dropoff allowed,Self check-in,Keypad",0.0,0.0,17.0,1128.0,4.96,4.9,5.0,4.9,59429.0,225.3,0.707,0.707,1.8,258.0,162.8,13678.0,220.6,0.689,austin,34,4843.95,1,0,0,365
720315,Entire condo,entire_home,30.24538,-97.72945,2.0,1,1,1.0,1,0,0,1,2,"Wifi,Free parking on premises,Bathtub,Hair dryer,Cleaning products,Shampoo,Conditioner,Body soap,Hot water,Shower gel,Washer,Dryer,Essentials,Hangers,Bed linens,Extra pillows and blankets,Room-darkening shades,Iron,Clothing storage,TV,Board games,Air conditioning,Ceiling fan,Heating,Exterior security cameras on property,Smoke alarm,Fire extinguisher,First aid kit,Wifi,Kitchen,Refrigerator,Microwave,Cooking basics,Dishes and silverware,Freezer,Dishwasher,Stove,Oven,Hot water kettle,Coffee maker,Wine glasses,Toaster,Baking sheet,Blender,Dining table,Coffee,Waterfront,Lake access,Laundromat nearby,Patio or balcony,Backyard,Fire pit,Outdoor furniture,Outdoor dining area,BBQ grill,Sun loungers,Free parking on premises,Free street parking,Pool,Single level home,Luggage dropoff allowed,Self check-in,Keypad",0.0,0.0,29.0,173.0,4.95,4.8,5.0,4.9,40886.0,221.6,0.504,0.573,4.5,184.0,112.0,7584.0,233.5,0.367,austin,63,3397.866666666667,1,0,0,365
731024,Entire home,entire_home,30.25275,-97.72917,6.0,3,3,2.0,1,0,0,1,2,"Hair dryer,Washer,Dryer,Iron,TV,Air conditioning,Heating,Smoke alarm,Carbon monoxide alarm,Fire extinguisher,First aid kit,Wifi,Kitchen,Refrigerator,Microwave,Cooking basics,Dishes and silverware,Dishwasher,Stove,Oven,Coffee maker,Patio or balcony,Backyard,BBQ grill,Free parking on premises,Free street parking,Luggage dropoff allowed,Breakfast",265.0,0.0,25.0,43.0,4.98,5.0,4.9,4.9,10088.0,473.9,0.047,0.047,2.8,17.0,23.3,1775.0,393.8,0.033,austin,28,671.3583333333332,1,0,0,365
731070,Entire home,entire_home,30.24182,-97.75476,8.0,4,4,3.0,0,0,0,0,14,"Bathtub,Hair dryer,Cleaning products,Shampoo,Conditioner,Hot water,Washer,Dryer,Essentials,Hangers,Bed linens,Extra pillows and blankets,Room-darkening shades,Iron,Clothing storage,TV,Sound system,Air conditioning,Ceiling fan,Portable fans,Heating,Smoke alarm,Carbon monoxide alarm,Fire extinguisher,First aid kit,Wifi,Dedicated workspace,Kitchen,Microwave,Cooking basics,Dishes and silverware,Freezer,Dishwasher,Stove,Oven,Hot water kettle,Coffee maker,Wine glasses,Toaster,Baking sheet,Blender,Barbecue utensils,Dining table,Coffee,Private entrance,Patio or balcony,Backyard,Fire pit,Outdoor furniture,Outdoor dining area,Free parking on premises,Free street parking,Pets allowed",251.0,0.0,34.0,18.0,5.0,5.0,4.9,4.8,6557.0,456.2,0.033,0.066,6.0,12.0,16.6,4135.0,662.7,0.067,austin,53,456.2,1,0,0,365
733203,Entire home,entire_home,30.27221,-97.72846,14.0,5,8,2.0,1,1,0,1,2,"Bathtub,Hair dryer,Cleaning products,Shampoo,Conditioner,Body soap,Bidet,Hot water,Shower gel,Washer,Dryer,Essentials,Hangers,Bed linens,Extra pillows and blankets,Iron,Clothing storage,TV,Sound system,Books and reading material,Board games,Air conditioning,Heating,Smoke alarm,Carbon monoxide alarm,Fire extinguisher,First aid kit,Wifi,Dedicated workspace,Kitchen,Refrigerator,Microwave,Cooking basics,Dishes and silverware,Freezer,Dishwasher,Stove,Oven,Hot water kettle,Coffee maker,Wine glasses,Toaster,Baking sheet,Blender,Barbecue utensils,Dining table,Patio or balcony,Backyard,Fire pit,Outdoor furniture,Outdoor dining area,BBQ grill,Free parking on premises,Free street parking,Pets allowed,Luggage dropoff allowed,Long term stays allowed,Self check-in,Keypad,Cleaning before checkout",231.0,0.0,117.0,367.0,4.96,4.9,4.8,4.9,104210.0,565.3,0.408,0.408,2.6,149.0,252.6,23482.0,483.5,0.422,austin,60,7019.141666666666,1,0,0,365
735592,Entire guest suite,entire_home,30.22242,-97.91042,3.0,1,4,1.0,1,0,0,1,1,"Pool view,Hair dryer,Cleaning products,Shampoo,Conditioner,Body soap,Outdoor shower,Hot water,Shower gel,Essentials,Hangers,Bed linens,Extra pillows and blankets,Room-darkening shades,Iron,Clothing storage,Sound system,Books and reading material,Pack ’n play/Travel crib,High chair,Baby bath,Baby monitor,Outlet covers,Babysitter recommendations,Outdoor playground,Air conditioning,Portable fans,Heating,Exterior security cameras on property,Smoke alarm,Carbon monoxide alarm,Wifi,Dedicated workspace,Kitchen,Refrigerator,Cooking basics,Dishes and silverware,Freezer,Stove,Oven,Hot water kettle,Coffee maker,Wine glasses,Toaster,Baking sheet,Barbecue utensils,Dining table,Coffee,Private entrance,Laundromat nearby,Patio or balcony,Backyard,Fire pit,Outdoor furniture,Hammock,Outdoor dining area,Outdoor kitchen,BBQ grill,Sun loungers,Free parking on premises,Free street parking,Pool,Pets allowed,Luggage dropoff allowed,Self check-in,Lockbox,Cleaning before checkout",80.0,0.0,24.0,88.0,4.92,4.9,5.0,4.8,17781.0,202.6,0.216,0.252,2.6,79.0,45.0,6509.0,228.8,0.278,austin,67,1333.7833333333333,1,0,0,365
14917,Entire rental unit,entire_home,28.3147,-81.6121,6.0,3,4.0,3.0,0,1,0,0,5,"Bathtub,Hair dryer,Washer,Dryer,Essentials,Hangers,Bed linens,Extra pillows and blankets,Iron,TV,Crib,High chair,Air conditioning,Heating,Smoke alarm,Carbon monoxide alarm,Fire extinguisher,Wifi,Dedicated workspace,Kitchen,Refrigerator,Microwave,Cooking basics,Dishes and silverware,Dishwasher,Oven,Coffee maker,Patio or balcony,Free parking on premises,Free street parking,Pool,Hot tub,Gym,Self check-in,Keypad,Cleaning before checkout",243.0,0,32.0,47.0,4.65,4.5,4.8,4.8,11971.0,134.2,0.203,0.315,8.2,74.0,27.5,2837.0,133.2,0.2,four_corners,36,827.5666666666666,0,0,0,365
16541,Entire townhouse,entire_home,28.31848,-81.59362,6.0,3,4.0,3.0,0,1,0,0,2,"Bathtub,Hair dryer,Shampoo,Conditioner,Body soap,Hot water,Washer,Dryer,Essentials,Hangers,Bed linens,Extra pillows and blankets,Room-darkening shades,Iron,Clothing storage,TV,Books and reading material,Crib,Pack ’n play/Travel crib,High chair,Children’s dinnerware,Outlet covers,Baby safety gates,Air conditioning,Ceiling fan,Heating,Smoke alarm,Carbon monoxide alarm,Fire extinguisher,First aid kit,Wifi,Kitchen,Refrigerator,Microwave,Cooking basics,Dishes and silverware,Freezer,Dishwasher,Stove,Oven,Hot water kettle,Coffee maker,Toaster,Blender,Trash compactor,Dining table,Coffee,Private entrance,Free parking on premises,Pool,Gym,Self check-in,Keypad",172.0,0,76.0,108.0,4.79,4.8,4.9,4.7,21163.0,202.5,0.247,0.269,4.3,90.0,49.5,2998.0,228.9,0.111,four_corners,53,1518.75,0,0,0,365
58914,Entire villa,entire_home,28.32532,-81.60472,8.0,4,5.0,2.0,0,0,0,1,4,"Pool view,Bathtub,Hair dryer,Cleaning products,Shampoo,Body soap,Hot water,Washer,Dryer,Essentials,Hangers,Bed linens,Extra pillows and blankets,Iron,Safe,Clothing storage,Ethernet connection,TV,Pool table,Books and reading material,Crib,Pack ’n play/Travel crib,Children’s books and toys,High chair,Children’s dinnerware,Outlet covers,Air conditioning,Ceiling fan,Heating,Smoke alarm,Carbon monoxide alarm,Fire extinguisher,First aid kit,Wifi,Dedicated workspace,Kitchen,Refrigerator,Microwave,Cooking basics,Dishes and silverware,Freezer,Dishwasher,Stove,Oven,Hot water kettle,Coffee maker,Wine glasses,Toaster,Baking sheet,Blender,Dining table,Coffee,Patio or balcony,Backyard,Outdoor furniture,Beach essentials,Sun loungers,Free parking on premises,Free street parking,Pool,Single level home,Long term stays allowed",187.0,0,22.0,153.0,4.78,4.6,4.9,4.8,23546.0,159.2,0.359,0.642,6.9,131.0,56.3,7086.0,150.5,0.444,four_corners,62,1737.9333333333332,0,0,0,365
81391,Entire condo,entire_home,28.26711,-81.60834,6.0,3,4.0,2.0,0,0,0,0,5,"Hair dryer,Shampoo,Hot water,Washer,Dryer,Essentials,Hangers,Bed linens,Extra pillows and blankets,Iron,TV,Books and reading material,Pack ’n play/Travel crib,Outlet covers,Air conditioning,Heating,Smoke alarm,Carbon monoxide alarm,Fire extinguisher,First aid kit,Wifi,Kitchen,Refrigerator,Microwave,Cooking basics,Dishes and silverware,Dishwasher,Stove,Oven,Coffee maker,Private entrance,Patio or balcony,Free parking on premises,Pool,Hot tub,Gym,Pets allowed,Luggage dropoff allowed,Long term stays allowed,Self check-in,Lockbox",150.0,0,5.0,19.0,4.94,5.0,4.9,4.9,11190.0,150.8,0.181,0.244,7.3,66.0,27.4,2230.0,150.7,0.144,four_corners,41,829.4000000000001,0,0,0,365
169863,Entire rental unit,entire_home,28.33679,-81.64381,8.0,4,6.0,2.0,0,0,0,0,20,"Hair dryer,Shampoo,Hot water,Washer,Dryer,Essentials,Hangers,Bed linens,Room-darkening shades,Iron,TV,Ping pong table,Crib,Outdoor playground,Air conditioning,Heating,Smoke alarm,Carbon monoxide alarm,Fire extinguisher,First aid kit,Wifi,Kitchen,Refrigerator,Microwave,Cooking basics,Dishes and silverware,Dishwasher,Stove,Oven,Coffee maker,Lake access,Patio or balcony,Backyard,Outdoor furniture,Hammock,Outdoor dining area,BBQ grill,Free parking on premises,Free street parking,Pool,Gym,Single level home,Luggage dropoff allowed,Long term stays allowed,Self check-in,Keypad",2182.0,0,34.0,28.0,4.68,4.8,4.7,4.7,7360.0,101.0,0.175,0.242,21.3,64.0,20.2,0.0,95.0,0.0,four_corners,46,538.6666666666666,0,0,0,365
169884,Entire rental unit,entire_home,28.34002,-81.64319,6.0,2,3.0,2.0,0,0,0,0,38,"Hair dryer,Shampoo,Hot water,Washer,Dryer,Essentials,Hangers,Bed linens,Iron,TV,Ping pong table,Outdoor playground,Air conditioning,Smoke alarm,Carbon monoxide alarm,Fire extinguisher,First aid kit,Wifi,Dedicated workspace,Kitchen,Refrigerator,Microwave,Cooking basics,Dishes and silverware,Dishwasher,Stove,Oven,Coffee maker,Patio or balcony,Backyard,Outdoor furniture,Hammock,Outdoor dining area,BBQ grill,Free parking on premises,Pool,Gym,Single level home,Long term stays allowed,Self check-in,Keypad",102.0,,28.0,51.0,4.88,4.9,4.9,4.8,22109.0,102.6,0.556,0.857,14.5,203.0,56.9,3901.0,94.0,0.478,four_corners,41,1735.6499999999999,0,0,0,365
276649,Entire condo,entire_home,28.34165,-81.64495,4.0,1,2.0,1.0,0,0,0,0,2,"Bathtub,Hair dryer,Cleaning products,Shampoo,Body soap,Hot water,Washer,Dryer,Essentials,Hangers,Bed linens,Extra pillows and blankets,Room-darkening shades,Iron,Safe,Clothing storage,TV,Sound system,Exercise equipment,Ping pong table,Pool table,Books and reading material,Pack ’n play/Travel crib,High chair,Outdoor playground,Air conditioning,Ceiling fan,Heating,Smoke alarm,Fire extinguisher,Wifi,Kitchen,Refrigerator,Microwave,Cooking basics,Dishes and silverware,Freezer,Dishwasher,Stove,Oven,Hot water kettle,Coffee maker,Wine glasses,Toaster,Baking sheet,Trash compactor,Dining table,Patio or balcony,Outdoor furniture,Outdoor dining area,BBQ grill,Sun loungers,Free parking on premises,Pool,Gym,Single level home,Long term stays allowed,Self check-in,Smart lock,Cleaning before checkout",125.0,0,46.0,143.0,4.57,4.7,4.8,4.7,34172.0,135.9,0.647,0.855,18.2,236.0,89.5,3662.0,125.4,0.311,four_corners,60,2672.7000000000003,0,0,0,365
321855,Entire townhouse,entire_home,28.31601,-81.61328,8.0,3,5.0,3.0,0,0,0,0,4,"Bathtub,Hair dryer,Hot water,Washer,Dryer,Essentials,Hangers,Iron,TV,Air conditioning,Heating,Exterior security cameras on property,Smoke alarm,Carbon monoxide alarm,Fire extinguisher,Wifi,Dedicated workspace,Kitchen,Refrigerator,Microwave,Cooking basics,Dishes and silverware,Dishwasher,Stove,Oven,Coffee maker,Private entrance,Resort access,Patio or balcony,Free parking on premises,Free street parking,Pool,Gym,Long term stays allowed,Self check-in,Smart lock",0.0,0,22.0,248.0,4.59,4.6,4.9,4.8,28177.0,149.4,0.518,0.744,5.4,189.0,77.2,2373.0,163.7,0.144,four_corners,36,2353.05,0,0,0,365
394240,Entire home,entire_home,28.30518,-81.5987,8.0,4,6.0,2.0,0,0,0,0,3,"High chair,TV,Cable TV,Wifi,Air conditioning,Pool,Kitchen,Pack ’n play/Travel crib,Free parking on premises,Game console,Hot water,Free street parking,Outdoor furniture,Microwave,Coffee maker,Refrigerator,Dishwasher,Dishes and silverware,Heating,Cooking basics,Oven,Stove,Washer,Dryer,Single level home,Smoke alarm,BBQ grill,Patio or balcony,Backyard,Fire extinguisher,Luggage dropoff allowed,Essentials,Long term stays allowed,Shampoo,Children's playroom,Hangers,Outdoor playground,Hair dryer,Iron,Self check-in,Outdoor dining area,Keypad,Private entrance,Bathtub",175.0,0,30.0,247.0,4.66,4.6,4.8,4.8,6597.0,210.9,0.074,0.074,3.4,27.0,14.2,0.0,224.0,0.0,four_corners,44,474.52500000000003,0,0,0,365
706619,Entire home,entire_home,28.33404,-81.63105,8.0,4,6.0,3.0,0,1,0,1,3,"Pool view,Bathtub,Hair dryer,Shampoo,Conditioner,Body soap,Outdoor shower,Hot water,Shower gel,Washer,Dryer,Essentials,Hangers,Bed linens,Extra pillows and blankets,Iron,Drying rack for clothing,Clothing storage,Ethernet connection,TV,Record player,Sound system,Game console,Pool table,Books and reading material,Theme room,Crib,Pack ’n play/Travel crib,Children’s books and toys,High chair,Children’s dinnerware,Baby monitor,Window guards,Outlet covers,Board games,Children's playroom,Outdoor playground,Air conditioning,Ceiling fan,Portable fans,Heating,Exterior security cameras on property,Smoke alarm,Fire extinguisher,First aid kit,Wifi,Dedicated workspace,Kitchen,Refrigerator,Microwave,Cooking basics,Dishes and silverware,Freezer,Dishwasher,Stove,Oven,Hot water kettle,Coffee maker,Wine glasses,Toaster,Baking sheet,Blender,Barbecue utensils,Dining table,Coffee,Lake access,Private entrance,Patio or balcony,Backyard,Outdoor furniture,Outdoor dining area,BBQ grill,Beach essentials,Sun loungers,Free parking on premises,Pool,Single level home,Pets allowed,Long term stays allowed,Self check-in,Keypad",125.0,0,61.0,53.0,4.79,4.7,4.9,4.9,26922.0,186.0,0.334,0.433,4.2,122.0,64.9,11434.0,213.3,0.533,four_corners,81,1891.0,0,0,0,365
769798,Entire condo,entire_home,28.27256,-81.5953,6.0,3,5.0,3.0,0,0,0,0,2,"TV,Cable TV,Wifi,Air conditioning,Pool,Kitchen,Free parking on premises,Ceiling fan,Gym,Resort access,Elevator,Free street parking,Laundromat nearby,Hot tub,Heating,Wine glasses,Washer,Dryer,Smoke alarm,Carbon monoxide alarm,First aid kit,Fire extinguisher,Essentials,Shampoo,Lock on bedroom door,Hangers,Hair dryer,Iron,Dedicated workspace,Self check-in,Outdoor dining area,Keypad,Private living room,Bathtub,Baby bath,Changing table,Window guards,Room-darkening shades,Children’s dinnerware,Hot water,Bed linens,Extra pillows and blankets,Microwave,Coffee maker,Refrigerator,Dishwasher,Dishes and silverware,Cooking basics,Oven,Stove,Patio or balcony,Backyard,Luggage dropoff allowed,Long term stays allowed,Safe,Dining table,Sun loungers",95.0,0,43.0,61.0,4.39,4.5,4.7,4.5,5067.0,154.7,0.082,0.087,5.0,30.0,12.3,0.0,173.8,0.0,four_corners,57,386.75,0,0,0,365
778814,Entire condo,entire_home,28.31716,-81.61476,5.0,3,4.0,2.0,0,0,0,0,2,"Hair dryer,Shampoo,Hot water,Washer,Dryer,Essentials,Hangers,Bed linens,Extra pillows and blankets,Iron,TV,Pack ’n play/Travel crib,Air conditioning,Heating,Smoke alarm,Carbon monoxide alarm,Fire extinguisher,Wifi,Kitchen,Refrigerator,Microwave,Cooking basics,Dishes and silverware,Dishwasher,Stove,Oven,Coffee maker,Patio or balcony,BBQ grill,Free parking on premises,Pool,Hot tub,Gym,Luggage dropoff allowed,Long term stays allowed,Self check-in,Lockbox,Cleaning before checkout",135.0,0,29.0,75.0,4.39,4.5,4.8,4.6,2838.0,182.9,0.036,0.036,13.0,13.0,7.4,0.0,170.7,0.0,four_corners,38,198.14166666666668,0,0,0,365
935542,Entire villa,entire_home,28.32361,-81.68184,12.0,5,7.0,4.5,0,0,0,0,4,"Bathtub,Hair dryer,Hot water,Washer,Dryer,Essentials,Hangers,Bed linens,Extra pillows and blankets,Room-darkening shades,Iron,Clothing storage,TV,Pool table,Children’s dinnerware,Air conditioning,Ceiling fan,Heating,Smoke alarm,Fire extinguisher,First aid kit,Wifi,Dedicated workspace,Kitchen,Refrigerator,Microwave,Cooking basics,Dishes and silverware,Freezer,Dishwasher,Stove,Oven,Hot water kettle,Coffee maker,Wine glasses,Toaster,Baking sheet,Blender,Barbecue utensils,Dining table,Coffee,Patio or balcony,Backyard,Outdoor furniture,Outdoor dining area,Free parking on premises,Pool,Hot tub,Self check-in,Lockbox",240.0,0,32.0,4.0,5.0,5.0,4.8,5.0,9530.0,260.6,0.09,0.111,6.6,33.0,23.5,3434.0,254.3,0.133,four_corners,50,716.6500000000001,0,0,0,365
1011105,Entire home,entire_home,28.3315,-81.6704,6.0,3,4.0,2.0,0,0,0,0,7,"Hair dryer,Shampoo,Hot water,Washer,Dryer,Essentials,Hangers,Bed linens,Extra pillows and blankets,Iron,Ethernet connection,Air conditioning,Portable fans,Heating,Smoke alarm,Carbon monoxide alarm,Fire extinguisher,Wifi,Kitchen,Refrigerator,Microwave,Cooking basics,Dishes and silverware,Freezer,Dishwasher,Stove,Oven,Hot water kettle,Coffee maker,Wine glasses,Toaster,Blender,Trash compactor,Dining table,Lake access,Patio or balcony,Backyard,BBQ grill,Sun loungers,Free parking on premises,Pool,Hot tub,Gym,Single level home,Long term stays allowed,Self check-in,Lockbox,Cleaning before checkout",140.0,0,10.0,81.0,4.62,4.5,4.8,4.7,11224.0,119.9,0.222,0.382,9.0,81.0,27.3,2708.0,116.2,0.222,four_corners,48,809.3249999999999,0,0,0,365
1024615,Entire home,entire_home,28.32678,-81.62716,14.0,6,12.0,4.5,0,0,0,0,3,"TV,Washer,Cable TV,Dryer,Smoke alarm,Wifi,Air conditioning,Pool,Fire extinguisher,Kitchen,Essentials,Free parking on premises,Hangers,Hair dryer,Iron,Gym,Hot tub,Heating",195.0,0,53.0,76.0,4.6,4.7,4.8,4.6,9346.0,284.6,0.082,0.082,7.5,30.0,23.5,0.0,0.0,0.0,four_corners,18,711.5,0,0,0,365
1166657,Entire home,entire_home,28.3077,-81.6012,8.0,4,6.0,3.0,0,0,0,0,3,"Hair dryer,Shampoo,Hot water,Washer,Dryer,Essentials,Hangers,Bed linens,Iron,TV,Pool table,Air conditioning,Ceiling fan,Heating,Exterior security cameras on property,Smoke alarm,Carbon monoxide alarm,Fire extinguisher,First aid kit,Wifi,Dedicated workspace,Kitchen,Refrigerator,Microwave,Cooking basics,Dishes and silverware,Freezer,Dishwasher,Stove,Oven,Hot water kettle,Coffee maker,Toaster,Baking sheet,Blender,Dining table,Waterfront,Lake access,Private entrance,Patio or balcony,Backyard,Outdoor furniture,Sun loungers,Free parking on premises,Free street parking,Pool,Single level home,Pets allowed,Long term stays allowed,Self check-in,Smart lock",325.0,0,50.0,54.0,4.02,4.2,4.8,4.2,4265.0,180.5,0.047,0.14,4.3,17.0,8.1,2329.0,142.0,0.156,four_corners,51,255.70833333333334,0,0,0,365
1380970,Entire townhouse,entire_home,28.3295,-81.6161,6.0,3,4.0,2.5,0,0,0,1,3,"Free parking on premises,Bathtub,Hair dryer,Cleaning products,Outdoor shower,Hot water,Washer,Dryer,Essentials,Hangers,Bed linens,Extra pillows and blankets,Iron,Safe,Clothing storage,Ethernet connection,TV,Exercise equipment,Books and reading material,Mini golf,Pack ’n play/Travel crib,High chair,Children’s dinnerware,Board games,Baby safety gates,Outdoor playground,Air conditioning,Ceiling fan,Portable fans,Heating,Smoke alarm,Carbon monoxide alarm,Fire extinguisher,First aid kit,Wifi,Kitchen,Refrigerator,Microwave,Cooking basics,Dishes and silverware,Freezer,Dishwasher,Stove,Oven,Hot water kettle,Coffee maker,Wine glasses,Toaster,Blender,Trash compactor,Dining table,Waterfront,Private entrance,Laundromat nearby,Resort access,Patio or balcony,Backyard,Outdoor furniture,Free parking on premises,Free street parking,Pool,Hot tub,Sauna,Gym,Long term stays allowed,Self check-in,Lockbox",119.0,0,95.0,72.0,4.86,4.8,4.9,4.9,11208.0,157.8,0.184,0.5,6.1,67.0,27.4,541.0,166.0,0.033,four_corners,67,881.0500000000001,0,0,0,365
1416828,Entire villa,entire_home,28.31929,-81.60117,14.0,6,8.0,4.0,0,0,0,0,5,"Hair dryer,Hot water,Washer,Dryer,Essentials,Hangers,Iron,TV,Crib,Pack ’n play/Travel crib,Children’s books and toys,High chair,Air conditioning,Heating,Exterior security cameras on property,Smoke alarm,Carbon monoxide alarm,Fire extinguisher,Wifi,Kitchen,Free parking on premises,Pool,Hot tub,Gym,Long term stays allowed,Self check-in,Smart lock",276.0,0,57.0,3.0,5.0,5.0,5.0,5.0,50953.0,892.9,0.148,0.167,6.8,54.0,133.5,5644.0,880.8,0.067,four_corners,27,4018.0499999999997,0,0,0,365
1595868,Entire villa,entire_home,28.3199,-81.5999,11.0,5,7.0,5.0,0,0,0,0,3,"TV,Cable TV,Wifi,Air conditioning,Pool,Kitchen,Free parking on premises,Hot water kettle,Ceiling fan,Gym,Resort access,Outdoor furniture,Hot tub,Heating,Clothing storage,Wine glasses,Washer,Dryer,Smoke alarm,Carbon monoxide alarm,Fire extinguisher,Lock on bedroom door,Hangers,Hair dryer,Iron,Theme room,Dedicated workspace,Self check-in,Outdoor dining area,Freezer,Keypad,Private living room,Private entrance,Bathtub,High chair,Blender,Crib,Pack ’n play/Travel crib,Room-darkening shades,Movie theater,Hot water,Mosquito net,Bed linens,Extra pillows and blankets,Ethernet connection,Microwave,Coffee maker,Refrigerator,Dishwasher,Dishes and silverware,Cooking basics,Oven,Stove,Patio or balcony,Backyard,Cleaning before checkout,Dining table,Arcade games,Sun loungers,Toaster",250.0,0,67.0,142.0,4.81,4.8,4.9,4.8,10470.0,297.2,0.09,0.092,6.6,33.0,25.3,0.0,295.7,0.0,four_corners,60,817.3000000000001,0,0,0,365
1700198,Entire condo,entire_home,28.31688,-81.60526,6.0,3,4.0,2.0,0,1,0,1,2,"Air conditioning,Bathtub,Hair dryer,Cleaning products,Shampoo,Conditioner,Body soap,Hot water,Shower gel,Washer,Dryer,Essentials,Hangers,Bed linens,Extra pillows and blankets,Room-darkening shades,Iron,Drying rack for clothing,Safe,Mosquito net,Clothing storage,TV,Books and reading material,Crib,Pack ’n play/Travel crib,Children’s books and toys,High chair,Children’s dinnerware,Baby monitor,Window guards,Outlet covers,Air conditioning,Ceiling fan,Portable fans,Heating,Smoke alarm,Fire extinguisher,Wifi,Kitchen,Refrigerator,Microwave,Cooking basics,Dishes and silverware,Freezer,Dishwasher,Stove,Oven,Hot water kettle,Coffee maker,Wine glasses,Toaster,Baking sheet,Blender,Trash compactor,Barbecue utensils,Dining table,Coffee,Patio or balcony,Fire pit,Outdoor furniture,BBQ grill,Free parking on premises,Free street parking,Pool,Hot tub,Gym,Luggage dropoff allowed,Long term stays allowed,Self check-in,Building staff",113.0,0,36.0,595.0,4.83,4.8,4.9,4.8,40998.0,138.4,0.693,0.693,4.0,253.0,94.1,5329.0,153.1,0.356,four_corners,70,2917.933333333334,0,0,0,365
1806123,Entire home,entire_home,28.28706,-81.66131,10.0,4,7.0,2.0,0,1,0,0,3,"Pool view,Bathtub,Hair dryer,Cleaning products,Hot water,Washer,Dryer,Essentials,Hangers,Bed linens,Extra pillows and blankets,Iron,Clothing storage,Ethernet connection,TV,Ping pong table,Pool table,Books and reading material,Mini golf,Pack ’n play/Travel crib,Children’s books and toys,High chair,Board games,Outdoor playground,Air conditioning,Portable fans,Heating,Smoke alarm,Carbon monoxide alarm,Fire extinguisher,Wifi,Dedicated workspace,Kitchen,Refrigerator,Microwave,Cooking basics,Dishes and silverware,Freezer,Dishwasher,Stove,Oven,Hot water kettle,Coffee maker,Wine glasses,Toaster,Blender,Trash compactor,Barbecue utensils,Dining table,Private entrance,Resort access,Patio or balcony,Backyard,Outdoor furniture,Outdoor dining area,BBQ grill,Sun loungers,Free parking on premises,Free street parking,Pool,Hot tub,Gym,Doorman,Single level home,Long term stays allowed,Self check-in,Keypad",169.0,0,26.0,74.0,4.49,4.5,4.7,4.6,11173.0,161.2,0.162,0.17,6.6,59.0,26.9,1604.0,136.5,0.1,four_corners,67,792.5666666666666,0,0,0,365
1839062,Entire home,entire_home,28.3263,-81.625,14.0,6,8.0,5.5,0,0,0,0,6,"Garden view,Bathtub,Hair dryer,Cleaning products,Shampoo,Conditioner,Body soap,Hot water,Washer,Dryer,Essentials,Hangers,Bed linens,Extra pillows and blankets,Iron,Drying rack for clothing,Safe,Mosquito net,Clothing storage,Ethernet connection,TV,Sound system,Game console,Exercise equipment,Pool table,Crib,Pack ’n play/Travel crib,Children’s books and toys,High chair,Children’s dinnerware,Outlet covers,Board games,Baby safety gates,Babysitter recommendations,Air conditioning,Ceiling fan,Portable fans,Heating,Exterior security cameras on property,Smoke alarm,Carbon monoxide alarm,Fire extinguisher,First aid kit,Wifi,Dedicated workspace,Kitchen,Refrigerator,Microwave,Cooking basics,Dishes and silverware,Mini fridge,Freezer,Dishwasher,Stove,Oven,Hot water kettle,Coffee maker,Wine glasses,Toaster,Baking sheet,Blender,Trash compactor,Barbecue utensils,Dining table,Coffee,Private entrance,Laundromat nearby,Resort access,Patio or balcony,Backyard,Outdoor furniture,Outdoor dining area,BBQ grill,Beach essentials,Bikes,Sun loungers,Free parking on premises,Free street parking,Pool,Hot tub,Sauna,Gym,Luggage dropoff allowed,Long term stays allowed,Self check-in,Smart lock,Cleaning before checkout",195.0,0,83.0,40.0,4.68,4.7,5.0,4.8,16574.0,304.0,0.137,0.14,7.1,50.0,41.7,0.0,324.9,0.0,four_corners,87,1266.6666666666667,0,0,0,365
2065429,Entire home,entire_home,28.3275,-81.6237,8.0,4,6.0,2.0,0,1,0,0,3,"Hair dryer,Hot water,Washer,Dryer,Essentials,Hangers,Bed linens,Extra pillows and blankets,Iron,TV,Air conditioning,Heating,Smoke alarm,Fire extinguisher,Wifi,Kitchen,Refrigerator,Microwave,Cooking basics,Dishes and silverware,Dishwasher,Stove,Oven,Coffee maker,Resort access,Patio or balcony,Free parking on premises,Pool,Gym,Single level home,Self check-in,Keypad",201.0,0,5.0,72.0,4.43,4.3,4.9,4.6,22845.0,179.8,0.299,0.302,8.4,109.0,56.0,7269.0,160.1,0.422,four_corners,32,1633.1833333333334,0,0,0,365
2101733,Entire townhouse,entire_home,28.3193,-81.5947,6.0,3,4.0,3.0,0,0,0,0,2,"Hair dryer,Hot water,Washer,Dryer,Essentials,Hangers,Bed linens,Iron,TV,Exercise equipment,Air conditioning,Heating,Smoke alarm,Fire extinguisher,Wifi,Kitchen,Refrigerator,Microwave,Cooking basics,Dishes and silverware,Dishwasher,Stove,Oven,Coffee maker,Resort access,Patio or balcony,Backyard,Outdoor furniture,Free parking on premises,Free street parking,Pool,Gym,Self check-in,Keypad",150.0,0,59.0,58.0,4.28,4.2,4.9,4.4,26070.0,166.9,0.389,0.561,10.1,142.0,66.5,4495.0,174.0,0.244,four_corners,34,1974.9833333333333,0,0,0,365
2117562,Entire condo,entire_home,28.3144,-81.6138,6.0,3,4.0,2.0,0,1,0,0,3,"Hair dryer,Hot water,Washer,Dryer,Essentials,Hangers,Bed linens,Extra pillows and blankets,Iron,TV,Air conditioning,Heating,Smoke alarm,Fire extinguisher,Wifi,Kitchen,Refrigerator,Microwave,Cooking basics,Dishes and silverware,Dishwasher,Stove,Oven,Coffee maker,Patio or balcony,Free parking on premises,Pool,Gym,Self check-in,Keypad",131.0,0,30.0,53.0,4.45,4.4,4.6,4.5,5273.0,133.1,0.099,0.114,18.0,36.0,13.7,0.0,134.0,0.0,four_corners,30,399.29999999999995,0,0,0,365
2132183,Entire rental unit,entire_home,28.3407,-81.6449,6.0,3,4.0,2.0,0,1,0,0,3,"Bathtub,Hair dryer,Shampoo,Conditioner,Body soap,Hot water,Washer,Dryer,Hangers,Bed linens,Extra pillows and blankets,Room-darkening shades,Iron,Clothing storage,TV,Exercise equipment,Ping pong table,Arcade games,Batting cage,Pack ’n play/Travel crib,Outdoor playground,Air conditioning,Ceiling fan,Heating,Smoke alarm,Fire extinguisher,Wifi,Kitchen,Refrigerator,Microwave,Cooking basics,Dishes and silverware,Freezer,Dishwasher,Stove,Oven,Hot water kettle,Coffee maker,Wine glasses,Toaster,Baking sheet,Blender,Dining table,Private entrance,Resort access,Patio or balcony,Backyard,Outdoor furniture,BBQ grill,Sun loungers,Free parking on premises,Pool,Gym,Single level home,Long term stays allowed,Self check-in,Keypad",119.0,0,5.0,163.0,4.82,4.8,4.8,4.8,24740.0,144.2,0.416,0.474,4.5,152.0,58.7,5637.0,148.8,0.333,four_corners,57,1826.533333333333,0,0,0,365
2137990,Entire condo,entire_home,28.3239,-81.5931,6.0,3,4.0,2.0,0,0,0,0,2,"Hair dryer,Hot water,Washer,Dryer,Essentials,Hangers,Bed linens,Iron,TV,Air conditioning,Heating,Smoke alarm,Fire extinguisher,Wifi,Kitchen,Refrigerator,Microwave,Cooking basics,Dishes and silverware,Dishwasher,Stove,Oven,Coffee maker,Resort access,Patio or balcony,Free parking on premises,Pool,Elevator,Gym,Self check-in,Keypad",130.0,0,72.0,47.0,4.19,4.3,4.8,4.4,4679.0,156.5,0.071,0.107,5.2,26.0,11.4,1769.0,157.3,0.1,four_corners,31,339.0833333333333,0,0,0,365
2319414,Entire rental unit,entire_home,28.25956,-81.59558,9.0,3,7.0,2.0,0,0,0,0,2,"Shampoo,Washer,Dryer,TV,Air conditioning,Heating,Smoke alarm,First aid kit,Wifi,Dedicated workspace,Kitchen,Free parking on premises,Pool,Hot tub,Pets allowed",88.0,0,15.0,20.0,4.45,4.6,4.6,4.5,2992.0,149.6,0.049,0.049,4.5,18.0,7.2,778.0,154.3,0.044,four_corners,15,224.39999999999998,0,0,0,365
2391394,Entire condo,entire_home,28.26717,-81.59167,8.0,3,5.0,3.0,0,0,0,1,2,"Hair dryer,Shampoo,Hot water,Washer,Dryer,Essentials,Hangers,Iron,TV,High chair,Air conditioning,Heating,Smoke alarm,Carbon monoxide alarm,Fire extinguisher,First aid kit,Wifi,Kitchen,Refrigerator,Microwave,Cooking basics,Dishes and silverware,Oven,Coffee maker,Patio or balcony,Free parking on premises,Pool,Hot tub,Elevator,Gym,Luggage dropoff allowed,Long term stays allowed,Self check-in,Keypad",145.0,0,12.0,180.0,4.78,4.7,4.8,4.8,44498.0,195.8,0.562,0.569,6.6,205.0,110.4,9150.0,174.7,0.511,four_corners,34,3344.9166666666665,0,0,0,365
2403250,Entire serviced apartment,entire_home,28.32544,-81.65843,6.0,2,3.0,2.0,0,1,0,1,4,"Bathtub,Hair dryer,Shampoo,Hot water,Washer,Dryer,Essentials,Hangers,Bed linens,Extra pillows and blankets,Iron,TV,Ping pong table,Crib,Pack ’n play/Travel crib,High chair,Outdoor playground,Air conditioning,Ceiling fan,Heating,Smoke alarm,Carbon monoxide alarm,Fire extinguisher,Wifi,Dedicated workspace,Kitchen,Refrigerator,Microwave,Cooking basics,Dishes and silverware,Dishwasher,Stove,Oven,Coffee maker,Blender,Dining table,Beach access,Lake access,Private entrance,Patio or balcony,Outdoor furniture,Outdoor dining area,BBQ grill,Free parking on premises,Pool,Hot tub,EV charger,Single level home,Long term stays allowed,Self check-in,Building staff",97.0,0,33.0,89.0,4.85,4.9,4.9,5.0,34804.0,142.3,0.586,0.635,5.1,214.0,86.1,9330.0,134.5,0.678,four_corners,51,2537.6833333333334,0,0,0,365
2467552,Entire rental unit,entire_home,28.3217,-81.5933,6.0,2,3.0,2.0,0,0,0,0,3,"Hair dryer,Shampoo,Hot water,Washer,Dryer,Essentials,Hangers,Iron,TV,Air conditioning,Heating,Smoke alarm,Carbon monoxide alarm,Fire extinguisher,Wifi,Kitchen,Refrigerator,Cooking basics,Dishes and silverware,Coffee maker,Patio or balcony,Free parking on premises,Pool,Hot tub,Gym,Doorman,Self check-in,Lockbox",145.0,0,38.0,24.0,4.58,4.2,4.9,4.5,11590.0,168.5,0.164,0.208,4.3,60.0,26.2,4359.0,153.4,0.256,four_corners,28,842.5,0,0,0,365
2565731,Entire rental unit,entire_home,28.3217,-81.5933,8.0,3,5.0,2.0,0,0,0,0,3,"Hair dryer,Shampoo,Hot water,Washer,Dryer,Essentials,Hangers,Iron,TV,Air conditioning,Indoor fireplace,Heating,Smoke alarm,Carbon monoxide alarm,Wifi,Kitchen,Refrigerator,Cooking basics,Dishes and silverware,Coffee maker,Patio or balcony,Free parking on premises,Pool,Hot tub,Gym,Self check-in,Lockbox",209.0,0,39.0,31.0,4.68,4.8,4.9,4.8,9550.0,183.1,0.123,0.123,5.6,45.0,22.2,3296.0,167.8,0.178,four_corners,27,686.625,0,0,0,365
2659752,Entire rental unit,entire_home,28.3392,-81.6437,6.0,2,4.0,2.0,0,1,0,1,3,"Bathtub,Hair dryer,Shampoo,Conditioner,Hot water,Washer,Dryer,Hangers,Bed linens,Extra pillows and blankets,Room-darkening shades,Iron,Clothing storage,TV,Exercise equipment,Batting cage,Pack ’n play/Travel crib,Outdoor playground,Air conditioning,Ceiling fan,Heating,Smoke alarm,Fire extinguisher,Wifi,Kitchen,Refrigerator,Microwave,Cooking basics,Dishes and silverware,Freezer,Dishwasher,Stove,Oven,Hot water kettle,Coffee maker,Wine glasses,Toaster,Baking sheet,Blender,Dining table,Private entrance,Resort access,Patio or balcony,Backyard,Outdoor furniture,BBQ grill,Sun loungers,Free parking on premises,Pool,Gym,Single level home,Long term stays allowed,Self check-in,Keypad",110.0,0,5.0,135.0,4.86,4.8,4.9,4.9,25400.0,153.2,0.392,0.561,5.3,143.0,63.3,5157.0,143.8,0.356,four_corners,54,1825.6333333333332,0,0,0,365
2732759,Entire home,entire_home,28.38756,-81.68833,12.0,5,9.0,4.0,0,0,0,1,3,"Bathtub,Hair dryer,Hot water,Washer,Dryer,Essentials,Hangers,Bed linens,Extra pillows and blankets,Room-darkening shades,Iron,Clothing storage,TV,Sound system,Game console,Ping pong table,Books and reading material,Theme room,Crib,Pack ’n play/Travel crib,Children’s books and toys,High chair,Children's playroom,Air conditioning,Portable fans,Heating,Smoke alarm,Carbon monoxide alarm,Fire extinguisher,First aid kit,Wifi,Dedicated workspace,Kitchen,Refrigerator,Microwave,Cooking basics,Dishes and silverware,Freezer,Dishwasher,Stove,Oven,Hot water kettle,Coffee maker,Wine glasses,Toaster,Baking sheet,Blender,Barbecue utensils,Dining table,Private entrance,Patio or balcony,Backyard,Outdoor furniture,Outdoor dining area,BBQ grill,Sun loungers,Free parking on premises,Pool,Hot tub,Single level home,Long term stays allowed,Self check-in,Keypad",149.0,0,132.0,185.0,4.75,4.7,4.9,4.8,49521.0,209.6,0.584,0.672,5.2,213.0,121.0,2979.0,229.1,0.122,four_corners,63,3720.3999999999996,0,0,0,365
2789479,Entire villa,entire_home,28.3296,-81.63675,12.0,5,5.0,2.0,0,1,0,0,4,"Hair dryer,Hot water,Washer,Dryer,Essentials,Hangers,Iron,TV,Crib,High chair,Air conditioning,Heating,Smoke alarm,Carbon monoxide alarm,Fire extinguisher,Wifi,Dedicated workspace,Kitchen,Refrigerator,Microwave,Cooking basics,Dishes and silverware,Dishwasher,Stove,Oven,Coffee maker,Outdoor furniture,Outdoor dining area,BBQ grill,Free parking on premises,Free street parking,Pool,Hot tub,Long term stays allowed,Self check-in,Keypad",231.0,0,104.0,141.0,4.62,4.5,4.9,4.7,12741.0,185.5,0.162,0.254,7.4,59.0,30.5,10720.0,185.4,0.578,four_corners,36,912.0416666666666,0,0,0,365
3070422,Entire rental unit,entire_home,28.3408,-81.6454,4.0,1,2.0,1.0,0,0,0,0,3,"Bathtub,Hair dryer,Shampoo,Conditioner,Hot water,Washer,Dryer,Essentials,Hangers,Bed linens,Extra pillows and blankets,Room-darkening shades,Iron,Clothing storage,TV,Ping pong table,Pool table,Arcade games,Batting cage,Pack ’n play/Travel crib,Children’s dinnerware,Outdoor playground,Air conditioning,Ceiling fan,Heating,Smoke alarm,Fire extinguisher,Wifi,Kitchen,Refrigerator,Microwave,Dishes and silverware,Freezer,Dishwasher,Stove,Oven,Hot water kettle,Coffee maker,Wine glasses,Toaster,Baking sheet,Blender,Dining table,Private entrance,Resort access,Patio or balcony,Backyard,Outdoor furniture,BBQ grill,Sun loungers,Free parking on premises,Free street parking,Pool,Gym,Single level home,Long term stays allowed,Self check-in,Keypad",129.0,0,70.0,148.0,4.74,4.7,4.9,4.7,25359.0,125.9,0.468,0.676,5.2,171.0,59.2,2292.0,127.7,0.178,four_corners,58,1794.075,0,0,0,365
3070640,Entire rental unit,entire_home,28.3408,-81.6454,4.0,1,2.0,1.0,0,1,0,1,3,"Bathtub,Hair dryer,Shampoo,Conditioner,Hot water,Washer,Dryer,Hangers,Bed linens,Extra pillows and blankets,Room-darkening shades,Iron,Clothing storage,TV,Exercise equipment,Ping pong table,Pool table,Arcade games,Batting cage,Pack ’n play/Travel crib,Children’s dinnerware,Outdoor playground,Air conditioning,Ceiling fan,Heating,Smoke alarm,Fire extinguisher,Wifi,Kitchen,Refrigerator,Microwave,Cooking basics,Dishes and silverware,Freezer,Dishwasher,Stove,Oven,Hot water kettle,Coffee maker,Wine glasses,Toaster,Baking sheet,Blender,Dining table,Private entrance,Resort access,Patio or balcony,Backyard,Outdoor furniture,BBQ grill,Sun loungers,Free parking on premises,Pool,Gym,Single level home,Long term stays allowed,Self check-in,Keypad",99.0,0,5.0,198.0,4.89,4.8,4.9,4.9,37895.0,135.9,0.663,0.663,4.6,242.0,90.5,4156.0,136.1,0.289,four_corners,58,2740.65,0,0,0,365
3070958,Entire rental unit,entire_home,28.3404,-81.6466,4.0,1,2.0,1.0,0,0,0,0,3,"Bathtub,Hair dryer,Shampoo,Conditioner,Hot water,Washer,Dryer,Hangers,Bed linens,Extra pillows and blankets,Room-darkening shades,Iron,Clothing storage,TV,Exercise equipment,Ping pong table,Pool table,Arcade games,Batting cage,Pack ’n play/Travel crib,Outdoor playground,Air conditioning,Ceiling fan,Heating,Smoke alarm,Fire extinguisher,Wifi,Kitchen,Refrigerator,Microwave,Cooking basics,Dishes and silverware,Freezer,Dishwasher,Stove,Oven,Hot water kettle,Coffee maker,Wine glasses,Toaster,Baking sheet,Blender,Dining table,Private entrance,Resort access,Patio or balcony,Backyard,Outdoor furniture,BBQ grill,Sun loungers,Free parking on premises,Free street parking,Pool,Gym,Single level home,Long term stays allowed,Self check-in,Keypad",129.0,0,70.0,134.0,4.81,4.8,4.8,4.7,33084.0,138.9,0.586,0.586,5.9,214.0,79.7,3174.0,145.2,0.233,four_corners,58,2477.05,0,0,0,365
3071198,Entire condo,entire_home,28.3408,-81.6454,4.0,1,2.0,1.0,0,0,0,1,3,"Pool view,Bathtub,Hair dryer,Shampoo,Conditioner,Hot water,Washer,Dryer,Hangers,Bed linens,Extra pillows and blankets,Room-darkening shades,Iron,Clothing storage,TV,Exercise equipment,Ping pong table,Pool table,Batting cage,Pack ’n play/Travel crib,Outdoor playground,Air conditioning,Ceiling fan,Heating,Smoke alarm,Fire extinguisher,Wifi,Kitchen,Refrigerator,Microwave,Cooking basics,Dishes and silverware,Freezer,Dishwasher,Stove,Oven,Hot water kettle,Coffee maker,Wine glasses,Toaster,Baking sheet,Blender,Dining table,Private entrance,Resort access,Patio or balcony,Backyard,Outdoor furniture,BBQ grill,Sun loungers,Free parking on premises,Pool,Gym,Single level home,Long term stays allowed,Self check-in,Keypad",129.0,0,74.0,119.0,4.82,4.8,4.9,4.8,28920.0,130.1,0.521,0.603,5.8,190.0,69.0,3117.0,126.6,0.267,four_corners,57,2059.9166666666665,0,0,0,365
3071386,Entire rental unit,entire_home,28.3408,-81.6454,4.0,2,2.0,2.0,0,0,0,1,3,"Bathtub,Hair dryer,Shampoo,Hot water,Washer,Dryer,Hangers,Bed linens,Extra pillows and blankets,Room-darkening shades,Iron,Clothing storage,TV,Exercise equipment,Ping pong table,Pool table,Arcade games,Batting cage,Pack ’n play/Travel crib,Outdoor playground,Air conditioning,Ceiling fan,Heating,Smoke alarm,Fire extinguisher,Wifi,Kitchen,Refrigerator,Microwave,Cooking basics,Dishes and silverware,Freezer,Dishwasher,Stove,Oven,Coffee maker,Wine glasses,Toaster,Baking sheet,Blender,Dining table,Private entrance,Resort access,Patio or balcony,Outdoor furniture,BBQ grill,Sun loungers,Free parking on premises,Pool,Gym,Single level home,Long term stays allowed,Self check-in,Keypad",139.0,0,82.0,123.0,4.81,4.8,4.9,4.8,35538.0,150.2,0.57,0.57,5.1,208.0,85.6,2338.0,151.5,0.133,four_corners,54,2603.4666666666667,0,0,0,365
3072347,Entire rental unit,entire_home,28.3401,-81.6444,6.0,2,4.0,2.0,0,0,0,1,3,"Pool view,Bathtub,Hair dryer,Shampoo,Conditioner,Hot water,Washer,Dryer,Hangers,Bed linens,Extra pillows and blankets,Room-darkening shades,Iron,Clothing storage,TV,Exercise equipment,Ping pong table,Pool table,Arcade games,Pack ’n play/Travel crib,Outdoor playground,Air conditioning,Ceiling fan,Heating,Smoke alarm,Fire extinguisher,Wifi,Kitchen,Refrigerator,Microwave,Cooking basics,Dishes and silverware,Freezer,Dishwasher,Stove,Oven,Hot water kettle,Coffee maker,Wine glasses,Toaster,Baking sheet,Blender,Dining table,Private entrance,Resort access,Patio or balcony,Backyard,Outdoor furniture,Sun loungers,Free parking on premises,Pool,Gym,Single level home,Long term stays allowed,Self check-in,Keypad",139.0,0,81.0,104.0,4.88,4.8,4.9,4.8,39854.0,145.1,0.66,0.668,6.9,241.0,98.1,5580.0,137.3,0.378,four_corners,56,2914.0916666666667,0,0,0,365
3073647,Entire rental unit,entire_home,28.341,-81.6458,4.0,2,3.0,2.0,0,0,0,1,3,"Free parking on premises,Bathtub,Hair dryer,Shampoo,Conditioner,Body soap,Hot water,Washer,Dryer,Hangers,Bed linens,Extra pillows and blankets,Room-darkening shades,Iron,Clothing storage,TV,Exercise equipment,Ping pong table,Pool table,Arcade games,Batting cage,Pack ’n play/Travel crib,Outdoor playground,Air conditioning,Ceiling fan,Heating,Smoke alarm,Fire extinguisher,Wifi,Kitchen,Refrigerator,Microwave,Cooking basics,Dishes and silverware,Freezer,Dishwasher,Stove,Oven,Hot water kettle,Coffee maker,Wine glasses,Toaster,Baking sheet,Blender,Dining table,Private entrance,Resort access,Patio or balcony,Backyard,Outdoor furniture,BBQ grill,Sun loungers,Free parking on premises,Pool,Gym,Single level home,Long term stays allowed,Self check-in,Keypad",159.0,0,78.0,161.0,4.9,4.8,4.9,4.9,43801.0,151.9,0.688,0.69,6.6,251.0,104.8,8438.0,157.5,0.5,four_corners,59,3177.241666666667,0,0,0,365
3076393,Entire rental unit,entire_home,28.338,-81.643,6.0,3,4.0,2.0,0,1,0,0,3,"Bathtub,Hair dryer,Shampoo,Body soap,Hot water,Washer,Dryer,Hangers,Bed linens,Extra pillows and blankets,Room-darkening shades,Iron,Clothing storage,TV,Exercise equipment,Ping pong table,Pool table,Arcade games,Pack ’n play/Travel crib,Outdoor playground,Air conditioning,Ceiling fan,Heating,Smoke alarm,Fire extinguisher,Wifi,Kitchen,Refrigerator,Microwave,Cooking basics,Dishes and silverware,Freezer,Dishwasher,Stove,Oven,Hot water kettle,Coffee maker,Wine glasses,Toaster,Baking sheet,Blender,Dining table,Private entrance,Resort access,Patio or balcony,Backyard,Outdoor furniture,BBQ grill,Sun loungers,Free parking on premises,Pool,Gym,Single level home,Long term stays allowed,Self check-in,Keypad",109.0,0,83.0,105.0,4.7,4.6,4.9,4.7,14137.0,188.0,0.216,0.219,15.8,79.0,37.5,931.0,253.8,0.033,four_corners,56,1237.6666666666667,0,0,0,365
3076622,Entire rental unit,entire_home,28.3378,-81.643,6.0,3,4.0,2.0,0,1,0,0,3,"Free parking on premises,Bathtub,Hair dryer,Shampoo,Conditioner,Hot water,Washer,Dryer,Hangers,Bed linens,Extra pillows and blankets,Room-darkening shades,Iron,Clothing storage,TV,Exercise equipment,Ping pong table,Pool table,Arcade games,Batting cage,Pack ’n play/Travel crib,Outdoor playground,Air conditioning,Ceiling fan,Heating,Smoke alarm,Fire extinguisher,Wifi,Kitchen,Refrigerator,Microwave,Cooking basics,Dishes and silverware,Freezer,Dishwasher,Stove,Oven,Hot water kettle,Coffee maker,Wine glasses,Toaster,Baking sheet,Blender,Dining table,Private entrance,Laundromat nearby,Resort access,Patio or balcony,Backyard,Outdoor furniture,BBQ grill,Sun loungers,Free parking on premises,Free street parking,Pool,Gym,Single level home,Long term stays allowed,Self check-in,Keypad",51.0,0,84.0,115.0,4.5,4.5,4.7,4.5,24036.0,142.5,0.414,0.503,5.4,151.0,62.6,529.0,127.3,0.044,four_corners,60,1793.125,0,0,0,365
3094353,Entire home,entire_home,28.3699,-81.68197,8.0,4,6.0,2.0,0,0,0,0,4,"TV,Cable TV,Wifi,Air conditioning,Pool,Kitchen,Free parking on premises,Hot water kettle,Pool table,Pets allowed,Outdoor furniture,Heating,Clothing storage,Wine glasses,Washer,Dryer,Smoke alarm,Carbon monoxide alarm,Fire extinguisher,Essentials,Hangers,Hair dryer,Iron,Dedicated workspace,Self check-in,Outdoor dining area,Freezer,Keypad,Private entrance,Bathtub,High chair,Pack ’n play/Travel crib,Hot water,Bed linens,Extra pillows and blankets,Microwave,Coffee maker,Refrigerator,Dishwasher,Dishes and silverware,Cooking basics,Oven,Stove,Single level home,Patio or balcony,Backyard,Long term stays allowed,Dining table,Toaster",150.0,0,51.0,166.0,4.77,4.8,4.9,4.8,3351.0,182.0,0.047,0.049,5.7,17.0,7.9,0.0,191.7,0.0,four_corners,49,257.8333333333333,0,0,0,365
3130802,Entire home,entire_home,28.3036,-81.6023,8.0,3,4.0,2.0,0,1,0,1,3,"Pool view,Bathtub,Hair dryer,Shampoo,Hot water,Washer,Dryer,Essentials,Hangers,Bed linens,Iron,TV,Air conditioning,Ceiling fan,Heating,Exterior security cameras on property,Smoke alarm,Carbon monoxide alarm,Fire extinguisher,Wifi,Dedicated workspace,Pocket wifi,Kitchen,Refrigerator,Microwave,Cooking basics,Dishes and silverware,Freezer,Dishwasher,Stove,Oven,Hot water kettle,Coffee maker,Toaster,Baking sheet,Blender,Dining table,Private entrance,Patio or balcony,Backyard,Free parking on premises,Free street parking,Pool,Single level home,Self check-in,Smart lock",313.0,0,5.0,46.0,4.87,4.8,5.0,4.8,16432.0,166.5,0.186,0.459,3.6,68.0,31.3,12636.0,163.1,0.589,four_corners,46,943.5,0,0,0,365
3142020,Entire home,entire_home,28.32613,-81.62513,8.0,4,6.0,3.0,0,0,0,0,5,"Air conditioning,Garden view,Pool view,Bathtub,Hair dryer,Shampoo,Body soap,Hot water,Washer,Dryer,Essentials,Hangers,Bed linens,Iron,Clothing storage,TV,Game console,Exercise equipment,Crib,Pack ’n play/Travel crib,Children’s books and toys,High chair,Children’s dinnerware,Air conditioning,Ceiling fan,Heating,Exterior security cameras on property,Smoke alarm,Fire extinguisher,Wifi,Kitchen,Refrigerator,Microwave,Cooking basics,Dishes and silverware,Dishwasher,Stove,Oven,Hot water kettle,Coffee maker,Wine glasses,Toaster,Baking sheet,Blender,Rice maker,Trash compactor,Dining table,Resort access,Patio or balcony,Backyard,Free parking on premises,Free street parking,Pool,Hot tub,Sauna,EV charger,Gym,Single level home,Long term stays allowed,Self check-in,Smart lock",160.0,0,110.0,83.0,4.75,4.7,4.9,4.8,47173.0,173.9,0.693,0.791,9.4,253.0,118.7,4570.0,182.8,0.244,four_corners,61,3666.391666666667,0,0,0,365
3147601,Entire home,entire_home,28.3727,-81.67936,10.0,5,7.0,3.5,0,0,0,0,7,"Bathtub,Hair dryer,Hot water,Washer,Dryer,Essentials,Hangers,Bed linens,Room-darkening shades,Iron,Safe,Clothing storage,Ethernet connection,TV,Exercise equipment,Pool table,Books and reading material,Crib,Pack ’n play/Travel crib,Children’s books and toys,Baby bath,Children’s dinnerware,Baby monitor,Board games,Baby safety gates,Air conditioning,Ceiling fan,Heating,Exterior security cameras on property,Smoke alarm,Fire extinguisher,First aid kit,Wifi,Dedicated workspace,Kitchen,Refrigerator,Microwave,Cooking basics,Dishes and silverware,Freezer,Dishwasher,Stove,Oven,Hot water kettle,Coffee maker,Wine glasses,Toaster,Baking sheet,Blender,Rice maker,Barbecue utensils,Dining table,Private entrance,Resort access,Patio or balcony,Backyard,Outdoor furniture,Outdoor dining area,Sun loungers,Free parking on premises,Free street parking,Pool,Gym,Long term stays allowed,Self check-in,Lockbox",200.0,0,52.0,39.0,4.77,4.7,4.9,4.7,22137.0,214.6,0.266,0.271,13.9,97.0,56.8,3198.0,205.4,0.156,four_corners,66,1734.6833333333334,0,0,0,365
3205329,Entire villa,entire_home,28.32306,-81.61058,10.0,5,6.0,4.0,0,0,0,0,3,"Hair dryer,Hot water,Washer,Dryer,Essentials,Hangers,Bed linens,Iron,TV,Pack ’n play/Travel crib,Air conditioning,Heating,Exterior security cameras on property,Smoke alarm,Fire extinguisher,Wifi,Kitchen,Refrigerator,Cooking basics,Dishes and silverware,Coffee maker,Patio or balcony,Backyard,Free parking on premises,Pool,Pets allowed,Self check-in,Keypad",139.0,0,91.0,94.0,4.57,4.3,4.9,4.7,25676.0,189.5,0.329,0.524,3.8,120.0,60.4,2204.0,205.8,0.1,four_corners,28,1895.0,0,0,0,365
3291820,Entire home,entire_home,28.3223,-81.598,12.0,6,12.0,3.5,0,1,0,0,3,"TV,Cable TV,Wifi,Air conditioning,Pool,Kitchen,Free parking on premises,Gym,Breakfast,Elevator,Hot tub,Heating,Cooking basics,Washer,Dryer,Smoke alarm,Carbon monoxide alarm,First aid kit,Fire extinguisher,Essentials,Self check-in,Keypad",200.0,0,50.0,31.0,4.45,4.5,4.9,4.4,18613.0,318.0,0.148,0.201,4.2,54.0,46.1,5731.0,320.4,0.178,four_corners,22,1431.0,0,0,0,365
3414014,Entire home,entire_home,28.3295,-81.6126,8.0,4,5.0,3.0,0,0,0,1,4,"Hair dryer,Shampoo,Hot water,Washer,Dryer,Essentials,Hangers,Iron,TV,Pack ’n play/Travel crib,Children’s books and toys,High chair,Air conditioning,Heating,Exterior security cameras on property,Smoke alarm,Carbon monoxide alarm,Fire extinguisher,First aid kit,Wifi,Kitchen,Refrigerator,Microwave,Cooking basics,Dishes and silverware,Dishwasher,Stove,Oven,Coffee maker,Lake access,Patio or balcony,Backyard,Free parking on premises,Free street parking,Pool,Hot tub,Pets allowed,Self check-in,Lockbox",0.0,0,30.0,136.0,4.9,4.8,5.0,4.9,54696.0,318.4,0.474,0.551,8.2,173.0,149.9,7940.0,343.3,0.256,four_corners,39,4590.266666666666,0,0,0,365
3533089,Entire townhouse,entire_home,28.3382,-81.6316,8.0,4,6.0,3.0,0,0,0,1,4,"Bathtub,Hair dryer,Cleaning products,Body soap,Hot water,Washer,Dryer,Essentials,Hangers,Bed linens,Extra pillows and blankets,Iron,Drying rack for clothing,Clothing storage,Ethernet connection,TV,Exercise equipment,Crib,Pack ’n play/Travel crib,High chair,Baby bath,Air conditioning,Ceiling fan,Portable fans,Heating,Smoke alarm,Carbon monoxide alarm,Fire extinguisher,Wifi,Dedicated workspace,Kitchen,Refrigerator,Microwave,Cooking basics,Dishes and silverware,Freezer,Dishwasher,Stove,Oven,Hot water kettle,Coffee maker,Wine glasses,Toaster,Baking sheet,Blender,Trash compactor,Dining table,Lake access,Private entrance,Resort access,Patio or balcony,Backyard,Outdoor furniture,Outdoor dining area,Sun loungers,Free parking on premises,Free street parking,Pool,Hot tub,Gym,Self check-in,Keypad",234.0,0,103.0,119.0,4.87,4.8,5.0,4.9,33910.0,170.9,0.444,0.503,5.4,162.0,76.9,4883.0,151.7,0.244,four_corners,62,2307.15,0,0,0,365
3624431,Entire villa,entire_home,28.25324,-81.64633,8.0,4,6.0,3.0,0,0,0,0,6,"Hair dryer,Hot water,Washer,Dryer,Essentials,Hangers,Iron,TV,Air conditioning,Heating,Smoke alarm,Fire extinguisher,Wifi,Kitchen,Refrigerator,Microwave,Dishes and silverware,Coffee maker,Backyard,Free parking on premises,Pool,Hot tub",150.0,0,73.0,68.0,4.66,4.5,4.8,4.7,18402.0,186.8,0.244,0.664,6.4,89.0,44.7,2208.0,193.9,0.122,four_corners,22,1385.4333333333334,0,0,0,365
3679099,Entire rental unit,entire_home,28.3404,-81.6447,4.0,1,2.0,1.0,0,0,0,1,3,"Pool view,Bathtub,Hair dryer,Shampoo,Conditioner,Body soap,Hot water,Washer,Dryer,Hangers,Bed linens,Extra pillows and blankets,Room-darkening shades,Iron,Clothing storage,TV,Exercise equipment,Ping pong table,Pool table,Arcade games,Batting cage,Pack ’n play/Travel crib,Outdoor playground,Air conditioning,Ceiling fan,Heating,Smoke alarm,Fire extinguisher,Wifi,Kitchen,Refrigerator,Microwave,Cooking basics,Dishes and silverware,Freezer,Dishwasher,Stove,Oven,Hot water kettle,Coffee maker,Wine glasses,Toaster,Baking sheet,Blender,Dining table,Private entrance,Resort access,Patio or balcony,Backyard,Outdoor furniture,BBQ grill,Sun loungers,Free parking on premises,Pool,Gym,Single level home,Long term stays allowed,Self check-in,Keypad",129.0,0,73.0,116.0,4.9,4.8,4.8,4.9,40285.0,137.6,0.688,0.688,5.7,251.0,96.6,7788.0,132.5,0.533,four_corners,59,2878.133333333333,0,0,0,365
3742130,Entire home,entire_home,28.3249,-81.62425,16.0,6,13.0,4.5,0,1,0,0,4,"Hair dryer,Hot water,Washer,Dryer,Essentials,Hangers,Iron,TV,Crib,Pack ’n play/Travel crib,Children’s books and toys,High chair,Air conditioning,Heating,Smoke alarm,Carbon monoxide alarm,Fire extinguisher,Wifi,Kitchen,Free parking on premises,Free street parking,Pool,Hot tub,Gym,Luggage dropoff allowed,Long term stays allowed,Self check-in,Keypad",564.0,0,18.0,62.0,4.53,4.6,4.8,4.7,22693.0,240.9,0.255,0.333,6.2,93.0,62.2,5795.0,246.3,0.267,four_corners,28,1866.9750000000001,0,0,0,365
4294880,Entire villa,entire_home,28.25449,-81.64206,8.0,4,6.0,3.5,0,0,0,0,7,"Hot water,Washer,Dryer,Essentials,Iron,TV,Air conditioning,Heating,Smoke alarm,Wifi,Kitchen,Cooking basics,Free parking on premises,Pool,Self check-in,Lockbox",0.0,0,34.0,14.0,4.64,4.1,4.9,4.4,10030.0,173.6,0.159,0.232,6.4,58.0,27.5,1931.0,193.4,0.111,four_corners,16,839.0666666666666,0,0,0,365
4369319,Entire condo,entire_home,28.34008,-81.64394,6.0,3,,2.0,0,1,0,0,4,"Free parking on premises,Hair dryer,Hot water,Washer,Dryer,Essentials,Hangers,Iron,TV,Pack ’n play/Travel crib,High chair,Air conditioning,Heating,Smoke alarm,Fire extinguisher,First aid kit,Wifi,Kitchen,Refrigerator,Microwave,Cooking basics,Dishes and silverware,Stove,Oven,Coffee maker,Patio or balcony,Outdoor furniture,Outdoor dining area,BBQ grill,Free parking on premises,Free street parking,Pool,Gym,Long term stays allowed,Self check-in,Keypad",175.0,0,42.0,17.0,4.71,4.8,4.8,4.8,3771.0,131.4,0.066,0.159,8.0,24.0,8.9,1088.0,129.8,0.078,four_corners,36,262.8,0,0,0,365
4414709,Entire villa,entire_home,28.2598,-81.6508,16.0,6,10.0,5.5,0,0,0,0,5,"TV,Cable TV,Wifi,Air conditioning,Pool,Kitchen,Free parking on premises,Hot water kettle,Ceiling fan,Gym,Free street parking,Hot tub,Drying rack for clothing,Heating,Clothing storage,Wine glasses,Washer,Dryer,Smoke alarm,Carbon monoxide alarm,Essentials,Hangers,Hair dryer,Iron,Self check-in,Outdoor dining area,Freezer,Keypad,Sound system,Bathtub,Pack ’n play/Travel crib,Game console,Hot water,Bed linens,Microwave,Coffee maker,Refrigerator,Dishwasher,Dishes and silverware,Cooking basics,Oven,Stove,BBQ grill,Patio or balcony,Backyard,Long term stays allowed,Dining table,Barbecue utensils,Toaster",279.0,0,54.0,60.0,4.62,4.6,4.8,4.7,21738.0,393.5,0.134,0.134,4.9,49.0,53.4,0.0,382.1,0.0,four_corners,49,1606.7916666666667,0,0,0,365
4427383,Entire home,entire_home,28.3229,-81.60389,15.0,6,10.0,4.5,0,0,0,1,4,"Hair dryer,Shampoo,Hot water,Washer,Dryer,Essentials,Hangers,Bed linens,Extra pillows and blankets,Iron,Ethernet connection,TV,Crib,Pack ’n play/Travel crib,Children’s books and toys,High chair,Children’s dinnerware,Air conditioning,Heating,Smoke alarm,Carbon monoxide alarm,Fire extinguisher,First aid kit,Wifi,Kitchen,Refrigerator,Microwave,Dishes and silverware,Stove,Oven,Coffee maker,Patio or balcony,Free parking on premises,Free street parking,Pool,Hot tub,Long term stays allowed,Self check-in,Keypad",488.0,0,37.0,241.0,4.87,4.8,5.0,4.9,84527.0,352.5,0.507,0.508,4.5,185.0,184.8,25198.0,336.0,0.633,four_corners,39,5434.375,0,0,0,365
4445409,Entire townhouse,entire_home,28.36934,-81.66598,7.0,3,6.0,3.0,0,0,0,0,1,"Garden view,Free parking on premises,Bathtub,Hair dryer,Shampoo,Body soap,Hot water,Washer,Dryer,Essentials,Hangers,Bed linens,Room-darkening shades,Iron,Safe,Mosquito net,Clothing storage,TV,Exercise equipment,Ping pong table,Crib,Pack ’n play/Travel crib,High chair,Baby bath,Baby safety gates,Air conditioning,Heating,Smoke alarm,Carbon monoxide alarm,Fire extinguisher,Wifi,Dedicated workspace,Kitchen,Refrigerator,Microwave,Cooking basics,Dishes and silverware,Freezer,Dishwasher,Stove,Oven,Hot water kettle,Coffee maker,Wine glasses,Toaster,Blender,Dining table,Coffee,Waterfront,Private entrance,Laundromat nearby,Patio or balcony,Backyard,Outdoor furniture,Outdoor dining area,Free parking on premises,Free street parking,Pool,Hot tub,Gym,Long term stays allowed,Self check-in,Smart lock",170.0,0,38.0,45.0,4.73,4.6,4.6,4.7,9365.0,248.1,0.088,0.192,3.6,32.0,21.9,4780.0,312.7,0.144,four_corners,63,661.6,0,0,0,365
4523027,Entire condo,entire_home,28.33011,-81.5967,8.0,2,2.0,2.0,0,1,0,0,3,"Hair dryer,Shampoo,Hot water,Washer,Dryer,Hangers,Bed linens,Iron,TV,Air conditioning,Heating,Smoke alarm,Carbon monoxide alarm,Fire extinguisher,First aid kit,Wifi,Kitchen,Cooking basics,Coffee maker,Free parking on premises,Pool,Hot tub,Elevator,Gym,Pets allowed,Luggage dropoff allowed,Long term stays allowed,Self check-in,Building staff",0.0,0,45.0,8.0,5.0,5.0,5.0,4.8,4591.0,219.8,0.055,0.056,5.0,20.0,12.6,3993.0,232.4,0.189,four_corners,29,366.3333333333333,0,0,0,365
4524181,Entire home,entire_home,28.32402,-81.60897,8.0,4,5.0,2.0,0,1,0,0,3,"TV,Wifi,Air conditioning,Pool,Kitchen,Pack ’n play/Travel crib,Free parking on premises,Ceiling fan,Hot water,Pool view,Bed linens,Extra pillows and blankets,Outdoor furniture,Microwave,Coffee maker,Refrigerator,Dishwasher,Dishes and silverware,Heating,Oven,Clothing storage,Stove,Washer,Dryer,Single level home,Smoke alarm,Carbon monoxide alarm,Patio or balcony,Backyard,Fire extinguisher,Long term stays allowed,Dining table,Iron,Self check-in,Outdoor dining area,Freezer,Keypad,Toaster,Bathtub",160.0,0,22.0,102.0,4.72,4.6,4.9,4.8,19051.0,160.1,0.279,0.375,4.6,102.0,43.0,4379.0,158.8,0.256,four_corners,39,1360.85,0,0,0,365
4653338,Entire villa,entire_home,28.33303,-81.61019,12.0,4,6.0,3.5,0,0,0,0,3,"Hair dryer,Hot water,Washer,Dryer,Essentials,Hangers,Bed linens,Extra pillows and blankets,Iron,TV,Pack ’n play/Travel crib,High chair,Air conditioning,Heating,Smoke alarm,Carbon monoxide alarm,Wifi,Kitchen,Refrigerator,Microwave,Dishes and silverware,Dishwasher,Stove,Oven,Coffee maker,Waterfront,Private entrance,Patio or balcony,Backyard,Free parking on premises,Pool,Long term stays allowed,Self check-in,Keypad",375.0,0,81.0,127.0,4.8,4.7,4.9,4.8,55289.0,265.2,0.471,0.494,6.1,172.0,122.7,16554.0,208.7,0.656,four_corners,34,3801.2000000000003,0,0,0,365
4734433,Entire home,entire_home,28.291,-81.6374,6.0,4,6.0,2.0,0,0,0,1,13,"Bathtub,Hair dryer,Cleaning products,Shampoo,Conditioner,Body soap,Hot water,Shower gel,Washer,Dryer,Essentials,Hangers,Bed linens,Extra pillows and blankets,Room-darkening shades,Iron,Clothing storage,TV,Sound system,Theme room,Crib,Pack ’n play/Travel crib,Children’s books and toys,Board games,Children's playroom,Air conditioning,Indoor fireplace,Ceiling fan,Portable fans,Heating,Smoke alarm,Carbon monoxide alarm,Fire extinguisher,First aid kit,Wifi,Dedicated workspace,Kitchen,Refrigerator,Microwave,Cooking basics,Dishes and silverware,Freezer,Dishwasher,Stove,Oven,Hot water kettle,Coffee maker,Wine glasses,Toaster,Baking sheet,Blender,Barbecue utensils,Dining table,Coffee,Private entrance,Patio or balcony,Backyard,Fire pit,Outdoor furniture,BBQ grill,Beach essentials,Free parking on premises,Hot tub,Single level home,Luggage dropoff allowed,Self check-in,Keypad",155.0,0,44.0,160.0,4.98,5.0,4.9,4.9,33438.0,293.6,0.304,0.34,8.5,111.0,86.9,4646.0,338.0,0.144,four_corners,67,2715.8,0,0,0,365
4806365,Entire condo,entire_home,28.32996,-81.59747,4.0,1,1.0,1.0,0,0,0,1,3,"Hair dryer,Hot water,Bed linens,Iron,TV,Air conditioning,Heating,Smoke alarm,Fire extinguisher,First aid kit,Wifi,Dedicated workspace,Kitchen,Cooking basics,Coffee maker,Pool,Hot tub,Elevator,Gym,Pets allowed,Luggage dropoff allowed,Long term stays allowed,Self check-in,Building staff",0.0,0,42.0,517.0,4.87,4.9,4.9,4.9,5347.0,112.2,0.132,0.14,2.2,48.0,14.6,1835.0,118.8,0.167,four_corners,24,448.8,0,0,0,365
4807302,Entire condo,entire_home,28.32833,-81.59672,4.0,1,2.0,1.0,0,1,0,0,3,"Hair dryer,Hot water,Dryer,Bed linens,Iron,TV,Air conditioning,Heating,Smoke alarm,Carbon monoxide alarm,Fire extinguisher,First aid kit,Wifi,Dedicated workspace,Coffee maker,Free parking on premises,Pool,Hot tub,Elevator,Gym,Pets allowed,Luggage dropoff allowed,Long term stays allowed,Self check-in,Building staff",116.0,0,43.0,86.0,4.7,4.6,4.9,4.7,6134.0,94.6,0.145,0.147,3.8,53.0,13.3,2566.0,99.6,0.244,four_corners,25,417.8166666666666,0,0,0,365
4818230,Entire home,entire_home,28.25,-81.652,8.0,4,6.0,3.0,0,0,0,1,7,"Bathtub,Hair dryer,Washer,Dryer,Hangers,Bed linens,Extra pillows and blankets,Iron,Drying rack for clothing,Safe,Clothing storage,TV,Pool table,Books and reading material,Theme room,Pack ’n play/Travel crib,Children’s books and toys,High chair,Children’s dinnerware,Baby monitor,Board games,Outdoor playground,Air conditioning,Ceiling fan,Portable fans,Heating,Exterior security cameras on property,Smoke alarm,Carbon monoxide alarm,Fire extinguisher,Wifi,Kitchen,Refrigerator,Microwave,Cooking basics,Dishes and silverware,Freezer,Dishwasher,Stove,Oven,Hot water kettle,Coffee maker,Wine glasses,Toaster,Blender,Barbecue utensils,Dining table,Private entrance,Patio or balcony,Outdoor furniture,Outdoor dining area,Sun loungers,Free parking on premises,Pool,Hot tub,Self check-in,Keypad,Cleaning before checkout",170.0,0,39.0,16.0,4.88,4.9,5.0,4.9,49518.0,180.5,0.701,0.813,8.5,256.0,124.0,6934.0,204.4,0.356,four_corners,58,3850.6666666666665,0,0,0,365
4828070,Entire condo,entire_home,28.33155,-81.59724,4.0,1,1.0,1.0,0,0,0,0,3,"Hair dryer,Shampoo,Hot water,Washer,Dryer,Hangers,Bed linens,Iron,TV,Air conditioning,Heating,Smoke alarm,Carbon monoxide alarm,Fire extinguisher,First aid kit,Wifi,Dedicated workspace,Kitchen,Cooking basics,Coffee maker,Free parking on premises,Pool,Hot tub,Elevator,Gym,Pets allowed,Luggage dropoff allowed,Long term stays allowed,Self check-in,Building staff",1.0,0,46.0,41.0,4.46,4.7,4.7,4.6,4571.0,114.7,0.11,0.11,4.0,40.0,12.5,0.0,117.2,0.0,four_corners,30,382.3333333333333,0,0,0,365
4930555,Entire condo,entire_home,28.3407,-81.6449,6.0,2,3.0,2.0,0,0,0,0,3,"Free parking on premises,Bathtub,Hair dryer,Shampoo,Hot water,Washer,Dryer,Hangers,Bed linens,Extra pillows and blankets,Room-darkening shades,Iron,Clothing storage,TV,Exercise equipment,Ping pong table,Pool table,Arcade games,Batting cage,Pack ’n play/Travel crib,Outdoor playground,Air conditioning,Ceiling fan,Heating,Smoke alarm,Fire extinguisher,Wifi,Kitchen,Refrigerator,Microwave,Cooking basics,Dishes and silverware,Freezer,Dishwasher,Stove,Oven,Hot water kettle,Coffee maker,Wine glasses,Toaster,Baking sheet,Blender,Dining table,Private entrance,Resort access,Patio or balcony,Backyard,Outdoor furniture,BBQ grill,Sun loungers,Free parking on premises,Pool,Gym,Single level home,Long term stays allowed,Self check-in,Keypad",139.0,0,82.0,132.0,4.84,4.8,4.9,4.8,16477.0,134.2,0.29,0.564,5.3,106.0,38.3,5613.0,145.0,0.356,four_corners,57,1185.4333333333332,0,0,0,365
4978318,Entire rental unit,entire_home,28.3217,-81.5933,6.0,2,3.0,2.0,0,0,0,0,3,"Hair dryer,Hot water,Washer,Dryer,Essentials,Hangers,Iron,TV,Air conditioning,Heating,Smoke alarm,Fire extinguisher,First aid kit,Wifi,Kitchen,Refrigerator,Microwave,Cooking basics,Dishes and silverware,Stove,Oven,Coffee maker,Patio or balcony,Free parking on premises,Pool,Hot tub,Elevator,Gym,Self check-in,Keypad",145.0,0,36.0,36.0,4.56,4.3,4.8,4.5,43216.0,172.7,0.581,0.616,4.9,212.0,103.7,9273.0,161.2,0.544,four_corners,30,3051.033333333333,0,0,0,365
4982788,Entire home,entire_home,28.31718,-81.61407,8.0,4,6.0,2.0,0,1,0,0,3,"Bathtub,Hair dryer,Cleaning products,Body soap,Hot water,Washer,Dryer,Essentials,Hangers,Bed linens,Iron,Drying rack for clothing,Clothing storage,TV,Ping pong table,Crib,Pack ’n play/Travel crib,High chair,Outdoor playground,Air conditioning,Heating,Exterior security cameras on property,Smoke alarm,Fire extinguisher,Wifi,Kitchen,Refrigerator,Microwave,Cooking basics,Dishes and silverware,Dishwasher,Stove,Oven,Hot water kettle,Coffee maker,Wine glasses,Toaster,Blender,Trash compactor,Dining table,Resort access,Patio or balcony,Outdoor furniture,Outdoor dining area,Sun loungers,Free parking on premises,Pool,Gym,Single level home,Pets allowed,Long term stays allowed,Self check-in,Smart lock,Cleaning before checkout",396.0,0,75.0,36.0,4.47,4.4,4.9,4.6,9097.0,291.0,0.063,0.108,3.3,23.0,17.3,4081.0,293.0,0.1,four_corners,54,557.75,0,0,0,365
5051304,Entire condo,entire_home,28.32442,-81.59232,7.0,3,4.0,3.0,0,0,0,0,1,"Hair dryer,Hot water,Washer,Dryer,Essentials,Hangers,Iron,TV,Air conditioning,Heating,Smoke alarm,Carbon monoxide alarm,Fire extinguisher,Wifi,Kitchen,Refrigerator,Dishes and silverware,Oven,Coffee maker,Patio or balcony,Backyard,Free parking on premises,Pool",130.0,0,62.0,49.0,4.53,4.7,4.8,4.4,2399.0,204.2,0.033,0.033,6.0,12.0,6.2,0.0,239.1,0.0,four_corners,23,204.19999999999996,0,0,0,365
5185517,Entire villa,entire_home,28.3228,-81.6105,8.0,4,6.0,3.0,0,0,0,1,4,"Pool view,Bathtub,Hair dryer,Shampoo,Conditioner,Body soap,Hot water,Shower gel,Washer,Dryer,Essentials,Hangers,Bed linens,Extra pillows and blankets,Iron,Safe,Clothing storage,TV,Game console,Pool table,Books and reading material,Mini golf,Laser tag,Pack ’n play/Travel crib,Children’s books and toys,High chair,Board games,Air conditioning,Ceiling fan,Heating,Smoke alarm,Carbon monoxide alarm,Fire extinguisher,Wifi,Kitchen,Refrigerator,Microwave,Dishes and silverware,Freezer,Dishwasher,Stove,Oven,Hot water kettle,Coffee maker,Wine glasses,Toaster,Baking sheet,Blender,Barbecue utensils,Dining table,Coffee,Private entrance,Patio or balcony,Backyard,Outdoor furniture,Outdoor dining area,BBQ grill,Free parking on premises,Free street parking,Pool,Single level home,Luggage dropoff allowed,Long term stays allowed,Self check-in,Smart lock",235.0,0,68.0,70.0,4.9,4.9,4.9,4.9,63092.0,209.0,0.723,0.77,6.9,264.0,151.6,13315.0,192.5,0.633,four_corners,65,4598.0,0,0,0,365
5198085,Entire home,entire_home,28.39414,-81.68704,12.0,6,8.0,3.0,0,0,0,0,5,"Bathtub,Hair dryer,Cleaning products,Hot water,Washer,Dryer,Essentials,Hangers,Bed linens,Extra pillows and blankets,Iron,Drying rack for clothing,Clothing storage,TV,Game console,Crib,Pack ’n play/Travel crib,Air conditioning,Ceiling fan,Heating,Smoke alarm,Fire extinguisher,Wifi,Kitchen,Refrigerator,Microwave,Cooking basics,Dishes and silverware,Freezer,Dishwasher,Stove,Oven,Hot water kettle,Coffee maker,Wine glasses,Toaster,Baking sheet,Blender,Barbecue utensils,Dining table,Patio or balcony,Sun loungers,Free parking on premises,Single level home,Long term stays allowed,Self check-in,Smart lock",230.0,0,71.0,32.0,4.69,4.8,4.9,4.8,2745.0,263.8,0.027,0.034,10.0,10.0,6.9,0.0,280.8,0.0,four_corners,47,219.83333333333334,0,0,0,365
5205495,Entire rental unit,entire_home,28.32398,-81.59295,8.0,3,6.0,2.0,0,1,0,0,2,"Hair dryer,Hot water,Washer,Dryer,Essentials,Hangers,Iron,TV,Crib,Pack ’n play/Travel crib,Children’s books and toys,High chair,Air conditioning,Heating,Smoke alarm,Carbon monoxide alarm,Fire extinguisher,Wifi,Kitchen,Refrigerator,Microwave,Dishwasher,Stove,Oven,Coffee maker,Patio or balcony,Free parking on premises,Free street parking,Pool,Hot tub,Elevator,Gym,Doorman,Luggage dropoff allowed,Long term stays allowed,Self check-in,Keypad",51.0,0,33.0,157.0,4.5,4.4,4.9,4.7,28091.0,145.9,0.493,0.706,5.8,180.0,73.0,3792.0,131.8,0.278,four_corners,37,2188.5,0,0,0,365
356761,Entire rental unit,entire_home,29.80593,-95.39504,2.0,1,1,1.0,0,0,0,0,7,"Shampoo,Hot water,Washer,Dryer,Essentials,Hangers,TV,Air conditioning,Heating,Smoke alarm,Carbon monoxide alarm,Wifi,Kitchen,Refrigerator,Microwave,Cooking basics,Dishes and silverware,Stove,Oven,Coffee maker,Patio or balcony,Backyard,Fire pit,Outdoor dining area,Free street parking,Pets allowed,Long term stays allowed",99.0,0.0,12.0,64.0,4.91,4.9,5.0,4.7,1558.0,115.4,0.027,0.029,2.0,10.0,2.9,0.0,125.9,0.0,houston,27,96.16666666666667,0,0,0,365
672941,Entire rental unit,entire_home,29.73126,-95.37713,6.0,2,3,1.0,0,0,0,0,2,"Bathtub,Hair dryer,Cleaning products,Shampoo,Hot water,Shower gel,Dryer,Essentials,Hangers,Bed linens,Room-darkening shades,Iron,Clothing storage,Ethernet connection,TV,Pack ’n play/Travel crib,Air conditioning,Ceiling fan,Heating,Smoke alarm,Carbon monoxide alarm,Fire extinguisher,First aid kit,Wifi,Kitchen,Refrigerator,Microwave,Cooking basics,Dishes and silverware,Dishwasher,Stove,Oven,Coffee maker,Private entrance,Patio or balcony,Outdoor furniture,Free parking on premises,Free street parking,Long term stays allowed,Self check-in,Lockbox",55.0,0.0,38.0,217.0,4.6,4.5,4.8,4.6,2289.0,172.0,0.038,0.038,4.7,14.0,5.8,0.0,311.4,0.0,houston,41,200.66666666666666,0,0,0,365
734329,Entire home,entire_home,29.72636,-95.3938,4.0,2,3,2.5,0,0,0,0,3,"Bathtub,Hair dryer,Cleaning products,Shampoo,Conditioner,Body soap,Bidet,Hot water,Shower gel,Washer,Dryer,Essentials,Hangers,Bed linens,Extra pillows and blankets,Room-darkening shades,Iron,Safe,Clothing storage,TV,Sound system,Game console,Exercise equipment,Books and reading material,Board games,Air conditioning,Ceiling fan,Heating,Exterior security cameras on property,Smoke alarm,Carbon monoxide alarm,Fire extinguisher,First aid kit,Wifi,Dedicated workspace,Kitchen,Refrigerator,Microwave,Cooking basics,Dishes and silverware,Mini fridge,Freezer,Dishwasher,Stove,Oven,Hot water kettle,Coffee maker,Wine glasses,Toaster,Baking sheet,Blender,Dining table,Coffee,Private entrance,Laundromat nearby,Patio or balcony,Backyard,Outdoor furniture,Outdoor dining area,BBQ grill,Sun loungers,Free parking on premises,Pool,Hot tub,Paid parking off premises,Luggage dropoff allowed,Long term stays allowed,Host greets you",286.0,0.0,83.0,63.0,4.86,4.9,4.9,4.8,19535.0,395.7,0.126,0.128,4.2,46.0,48.8,3918.0,452.6,0.1,houston,68,1516.8500000000001,0,0,0,365
750957,Entire guesthouse,entire_home,29.73385,-95.40685,4.0,1,2,1.0,0,0,0,1,14,"Bathtub,Hair dryer,Hot water,Washer,Dryer,Essentials,Hangers,Bed linens,Extra pillows and blankets,Iron,Clothing storage,TV,Air conditioning,Ceiling fan,Heating,Smoke alarm,Carbon monoxide alarm,Wifi,Kitchen,Refrigerator,Microwave,Cooking basics,Dishes and silverware,Freezer,Stove,Oven,Hot water kettle,Coffee maker,Toaster,Dining table,Private entrance,Backyard,Free street parking,Single level home,Long term stays allowed",85.0,0.0,17.0,42.0,4.86,4.4,5.0,4.8,8576.0,109.9,0.189,0.319,11.5,69.0,22.8,0.0,103.5,0.0,houston,35,631.9250000000001,0,0,0,365
929577,Entire rental unit,entire_home,29.8182,-95.4535,3.0,1,1,1.0,1,0,0,0,17,"Hair dryer,Hot water,Iron,TV,Air conditioning,Heating,Wifi,Kitchen,Refrigerator,Free parking on premises,Pool",1426.0,,16.0,39.0,4.69,4.7,4.3,4.6,2052.0,77.3,0.074,0.136,9.0,27.0,5.6,0.0,64.8,0.0,houston,11,173.92499999999998,0,0,0,365
970969,Entire rental unit,entire_home,29.8182,-95.4535,4.0,1,1,1.0,1,0,0,0,18,"Hot water,TV,Air conditioning,Heating,Wifi,Kitchen,Free parking on premises,Pool",1739.0,,16.0,40.0,4.77,4.6,4.3,4.6,1010.0,89.9,0.03,0.042,1.4,11.0,2.8,273.0,74.9,0.044,houston,8,82.40833333333335,0,0,0,365
1051570,Entire rental unit,entire_home,29.8182,-95.4535,3.0,1,1,1.0,1,0,0,0,14,"Hair dryer,Hot water,Hangers,Iron,Clothing storage,TV,Air conditioning,Ceiling fan,Heating,Wifi,Kitchen,Refrigerator,Microwave,Cooking basics,Dishes and silverware,Freezer,Dishwasher,Oven,Coffee maker,Dining table,Free parking on premises,Pool",1349.0,,10.0,29.0,4.31,4.6,4.3,4.3,5447.0,72.6,0.214,0.312,9.8,78.0,14.9,337.0,64.6,0.044,houston,22,471.8999999999999,0,0,0,365
1189184,Entire rental unit,entire_home,29.8182,-95.4535,3.0,1,1,1.0,0,0,0,1,6,"Hot water,TV,Air conditioning,Heating,Wifi,Kitchen,Free parking on premises,Pool",1770.0,0.0,12.0,19.0,4.74,4.8,4.3,4.6,2918.0,84.5,0.093,0.093,11.3,34.0,8.0,1759.0,82.3,0.222,houston,8,239.41666666666666,0,0,0,365
1312027,Entire rental unit,entire_home,29.819,-95.453,3.0,1,1,1.0,1,0,0,0,7,"TV,Air conditioning,Heating,Wifi,Kitchen,Free parking on premises,Pool",1516.0,,12.0,25.0,4.76,4.5,4.1,4.6,2492.0,67.1,0.107,0.142,0.0,39.0,6.8,0.0,64.0,0.0,houston,7,218.07499999999996,0,0,0,365
1349926,Entire guesthouse,entire_home,29.79881,-95.54086,2.0,1,2,1.0,1,0,0,1,2,"Garden view,Bathtub,Hair dryer,Cleaning products,Shampoo,Conditioner,Body soap,Hot water,Shower gel,Washer,Dryer,Essentials,Hangers,Bed linens,Extra pillows and blankets,Room-darkening shades,Iron,Clothing storage,TV,Books and reading material,Board games,Air conditioning,Ceiling fan,Heating,Smoke alarm,Fire extinguisher,First aid kit,Wifi,Kitchen,Refrigerator,Microwave,Cooking basics,Dishes and silverware,Freezer,Stove,Oven,Hot water kettle,Coffee maker,Wine glasses,Toaster,Baking sheet,Blender,Barbecue utensils,Dining table,Coffee,Private entrance,Patio or balcony,Backyard,Fire pit,Outdoor furniture,Outdoor dining area,BBQ grill,Free parking on premises,Single level home,Luggage dropoff allowed,Long term stays allowed,Host greets you",15.0,0.0,64.0,78.0,4.96,4.9,4.9,5.0,10987.0,107.8,0.268,0.271,3.8,98.0,29.1,3701.0,111.5,0.367,houston,57,880.3666666666667,0,0,0,365
1351639,Entire rental unit,entire_home,29.79523,-95.54205,3.0,1,2,1.0,1,1,0,1,8,"Garden view,Bathtub,Hair dryer,Cleaning products,Shampoo,Conditioner,Body soap,Hot water,Shower gel,Washer,Dryer,Essentials,Hangers,Bed linens,Extra pillows and blankets,Room-darkening shades,Iron,Clothing storage,TV,Books and reading material,Board games,Air conditioning,Portable fans,Heating,Smoke alarm,Fire extinguisher,First aid kit,Wifi,Dedicated workspace,Kitchen,Refrigerator,Microwave,Cooking basics,Dishes and silverware,Freezer,Stove,Oven,Hot water kettle,Coffee maker,Wine glasses,Toaster,Baking sheet,Blender,Barbecue utensils,Dining table,Coffee,Private entrance,Patio or balcony,Backyard,Fire pit,Outdoor furniture,Hammock,Outdoor dining area,BBQ grill,Free parking on premises,Single level home,Luggage dropoff allowed,Long term stays allowed,Host greets you",15.0,,80.0,295.0,4.93,4.9,4.8,4.9,16648.0,110.2,0.4,0.4,3.0,146.0,43.9,4830.0,118.6,0.433,houston,59,1340.7666666666667,0,0,0,365
1688440,Entire condo,entire_home,29.71098,-95.49922,3.0,1,1,1.0,1,0,0,0,29,"Bathtub,Hair dryer,Shampoo,Hot water,Washer,Dryer,Essentials,Hangers,Bed linens,Extra pillows and blankets,Iron,Ethernet connection,TV,Air conditioning,Heating,Smoke alarm,Carbon monoxide alarm,Fire extinguisher,Wifi,Kitchen,Refrigerator,Microwave,Cooking basics,Dishes and silverware,Dishwasher,Stove,Oven,Coffee maker,Private entrance,Patio or balcony,Backyard,Free parking on premises,Free street parking,Pool,Single level home,Pets allowed,Host greets you",1596.0,,17.0,50.0,4.72,4.7,4.5,4.5,874.0,75.1,0.033,0.05,3.0,12.0,2.4,68.0,62.1,0.011,houston,37,75.1,0,0,0,365
2148052,Entire rental unit,entire_home,29.72626,-95.37744,2.0,1,1,1.0,0,0,0,0,2,"Hair dryer,Shampoo,Hot water,Washer,Dryer,Essentials,Hangers,Bed linens,Extra pillows and blankets,Iron,TV,Children’s books and toys,Children’s dinnerware,Air conditioning,Heating,Smoke alarm,Carbon monoxide alarm,Fire extinguisher,First aid kit,Wifi,Dedicated workspace,Kitchen,Refrigerator,Microwave,Cooking basics,Dishes and silverware,Stove,Oven,Coffee maker,Private entrance,Patio or balcony,Backyard,Free parking on premises,Free street parking,Single level home,Pets allowed,Long term stays allowed,Self check-in,Lockbox",40.0,0.0,47.0,281.0,4.59,4.6,4.4,4.6,4908.0,84.5,0.134,0.134,4.9,49.0,12.5,1933.0,110.5,0.167,houston,39,345.0416666666667,0,0,0,365
2520272,Entire rental unit,entire_home,29.73664,-95.3726,2.0,1,1,1.0,0,0,0,0,2,"Hair dryer,Shampoo,Hot water,Washer,Dryer,Essentials,Hangers,Bed linens,Extra pillows and blankets,Iron,TV,Pack ’n play/Travel crib,Children’s books and toys,Air conditioning,Heating,Smoke alarm,Carbon monoxide alarm,Fire extinguisher,Wifi,Dedicated workspace,Kitchen,Refrigerator,Microwave,Cooking basics,Dishes and silverware,Stove,Oven,Coffee maker,Patio or balcony,Backyard,Free parking on premises,Free street parking,Single level home,Pets allowed,Luggage dropoff allowed,Long term stays allowed,Self check-in,Lockbox",52.0,0.0,41.0,249.0,4.66,4.7,4.8,4.7,10784.0,109.0,0.348,0.381,15.9,127.0,28.5,1820.0,192.2,0.189,houston,38,1153.5833333333333,0,0,0,365
2841791,Entire guesthouse,entire_home,29.805288,-95.424063,2.0,1,1,1.0,1,0,0,1,14,"Bathtub,Hair dryer,Shampoo,Hot water,Washer,Dryer,Essentials,Hangers,Bed linens,Extra pillows and blankets,Iron,Clothing storage,TV,Air conditioning,Ceiling fan,Heating,Smoke alarm,Carbon monoxide alarm,Fire extinguisher,First aid kit,Wifi,Dedicated workspace,Kitchen,Refrigerator,Microwave,Cooking basics,Dishes and silverware,Freezer,Dishwasher,Stove,Oven,Coffee maker,Wine glasses,Toaster,Baking sheet,Blender,Coffee,Private entrance,Free parking on premises,Free street parking,Long term stays allowed",0.0,,11.0,126.0,4.96,5.0,4.9,4.9,6849.0,94.4,0.2,0.258,14.6,73.0,18.8,100.0,102.4,0.011,houston,41,574.2666666666668,0,0,0,365
2893747,Entire rental unit,entire_home,29.81817,-95.45324,3.0,1,1,1.0,0,0,0,0,16,"Hot water,Washer,Dryer,Essentials,TV,Air conditioning,Heating,Exterior security cameras on property,Smoke alarm,Fire extinguisher,Wifi,Kitchen,Free parking on premises,Pool",1416.0,,5.0,15.0,4.67,4.7,4.5,4.7,5266.0,70.3,0.225,0.324,10.3,82.0,14.4,432.0,71.0,0.067,houston,14,480.38333333333327,0,0,0,365
3051756,Tiny home,entire_home,29.73673,-95.37417,2.0,1,1,1.0,0,0,0,0,2,"Garden view,Hair dryer,Hot water,Essentials,Hangers,Bed linens,Extra pillows and blankets,Iron,Clothing storage,TV,Books and reading material,Air conditioning,Air conditioning,Portable fans,Heating,Smoke alarm,Fire extinguisher,First aid kit,Wifi,Dedicated workspace,Kitchen,Refrigerator,Microwave,Cooking basics,Dishes and silverware,Mini fridge,Freezer,Stove,Coffee maker,Wine glasses,Coffee,Patio or balcony,Backyard,Free parking on premises,Free street parking,EV charger,Self check-in,Keypad,Cleaning before checkout",70.0,0.0,29.0,619.0,4.67,4.7,4.7,4.7,1875.0,124.8,0.036,0.066,3.3,13.0,4.4,506.0,216.7,0.022,houston,39,135.2,0,0,0,365
3198332,Entire home,entire_home,29.74022,-95.40567,2.0,1,1,1.0,0,0,0,0,7,"Bathtub,Hair dryer,Cleaning products,Shampoo,Body soap,Hot water,Washer,Dryer,Essentials,Hangers,Bed linens,Extra pillows and blankets,Room-darkening shades,Iron,TV,Books and reading material,Air conditioning,Ceiling fan,Portable fans,Heating,Smoke alarm,Carbon monoxide alarm,Fire extinguisher,Wifi,Dedicated workspace,Kitchen,Refrigerator,Microwave,Cooking basics,Dishes and silverware,Freezer,Dishwasher,Stove,Oven,Coffee maker,Toaster,Dining table,Coffee,Private entrance,Patio or balcony,Backyard,Free parking on premises,Free street parking,Pets allowed,Luggage dropoff allowed,Long term stays allowed,Self check-in,Keypad",200.0,0.0,18.0,27.0,4.85,4.7,5.0,4.8,11430.0,155.1,0.195,0.249,23.7,71.0,29.7,0.0,128.7,0.0,houston,48,917.6750000000001,0,0,0,365
3200481,Entire rental unit,entire_home,29.72664,-95.41264,4.0,1,2,1.0,1,0,0,0,2,"Hair dryer,Shampoo,Hot water,Washer,Dryer,Essentials,Hangers,Extra pillows and blankets,Iron,TV,Air conditioning,Heating,Smoke alarm,Wifi,Kitchen,Refrigerator,Microwave,Cooking basics,Dishes and silverware,Stove,Oven,Patio or balcony,Free street parking",0.0,20.0,17.0,92.0,4.49,4.5,4.9,4.5,23512.0,122.4,0.532,0.634,11.4,194.0,64.4,3199.0,132.6,0.289,houston,23,1978.8000000000002,0,0,0,365
3484915,Entire home,entire_home,29.74666,-95.35861,4.0,2,2,2.5,1,0,0,0,2,"Wifi,Shampoo,Hot water,Washer,Dryer,Essentials,Hangers,Iron,TV,Air conditioning,Heating,Smoke alarm,Wifi,Kitchen,Refrigerator,Dishes and silverware,Free street parking,Self check-in,Smart lock",150.0,0.0,25.0,20.0,4.95,4.8,4.6,4.8,22456.0,281.7,0.189,0.189,2.9,69.0,55.4,6106.0,394.0,0.189,houston,19,1619.7749999999999,0,0,0,365
4068704,Entire rental unit,entire_home,29.7964,-95.54317,3.0,1,2,1.0,1,1,0,1,15,"Garden view,Bathtub,Hair dryer,Cleaning products,Shampoo,Conditioner,Body soap,Hot water,Shower gel,Washer,Dryer,Essentials,Hangers,Bed linens,Extra pillows and blankets,Room-darkening shades,Iron,Clothing storage,TV,Piano,Books and reading material,Board games,Air conditioning,Ceiling fan,Heating,Smoke alarm,Fire extinguisher,First aid kit,Wifi,Kitchen,Refrigerator,Microwave,Cooking basics,Dishes and silverware,Freezer,Stove,Oven,Hot water kettle,Coffee maker,Wine glasses,Baking sheet,Blender,Barbecue utensils,Dining table,Coffee,Private entrance,Patio or balcony,Backyard,Fire pit,Outdoor furniture,Hammock,Outdoor dining area,BBQ grill,Free parking on premises,Single level home,Luggage dropoff allowed,Long term stays allowed,Host greets you",2361.0,,66.0,104.0,4.9,4.8,4.9,4.9,7473.0,94.3,0.203,0.288,3.9,74.0,20.5,564.0,84.0,0.078,houston,58,581.5166666666667,0,0,0,365
4144606,Entire rental unit,entire_home,29.73478,-95.4372,4.0,2,2,1.0,1,0,0,0,30,"Bathtub,Cleaning products,Shampoo,Hot water,Washer,Dryer,Essentials,Hangers,Bed linens,Iron,TV,Air conditioning,Heating,Exterior security cameras on property,Wifi,Kitchen,Refrigerator,Microwave,Dishes and silverware,Freezer,Dishwasher,Stove,Hot water kettle,Coffee maker,Toaster,Dining table,Patio or balcony,Free parking on premises,Free street parking,Self check-in,Keypad",2202.0,,17.0,86.0,4.67,4.8,4.8,4.7,5990.0,77.8,0.205,0.328,12.5,75.0,16.4,166.0,83.0,0.022,houston,31,486.25,0,0,0,365
4356772,Entire guesthouse,entire_home,29.80667,-95.36073,3.0,1,2,1.0,0,0,0,1,5,"Garden view,Bathtub,Hair dryer,Cleaning products,Shampoo,Conditioner,Body soap,Hot water,Shower gel,Essentials,Hangers,Bed linens,Extra pillows and blankets,Iron,Clothing storage,TV,Books and reading material,Board games,Air conditioning,Ceiling fan,Heating,Exterior security cameras on property,Smoke alarm,Carbon monoxide alarm,Fire extinguisher,First aid kit,Wifi,Dedicated workspace,Kitchen,Refrigerator,Microwave,Cooking basics,Dishes and silverware,Freezer,Dishwasher,Stove,Oven,Hot water kettle,Coffee maker,Wine glasses,Toaster,Baking sheet,Blender,Rice maker,Dining table,Coffee,Private entrance,Laundromat nearby,Patio or balcony,Outdoor furniture,Free street parking,Long term stays allowed,Host greets you",80.0,0.0,11.0,107.0,4.89,4.8,4.8,4.8,6732.0,84.8,0.181,0.346,13.2,66.0,17.3,4553.0,98.2,0.5,houston,53,466.40000000000003,0,0,0,365
4467481,Entire guesthouse,entire_home,29.74141,-95.40055,2.0,1,1,1.0,1,0,0,1,4,"Garden view,Bathtub,Hair dryer,Cleaning products,Shampoo,Conditioner,Body soap,Hot water,Washer,Dryer,Essentials,Hangers,Bed linens,Extra pillows and blankets,Iron,TV,Air conditioning,Heating,Smoke alarm,Carbon monoxide alarm,Fire extinguisher,Wifi,Dedicated workspace,Kitchen,Refrigerator,Microwave,Cooking basics,Dishes and silverware,Dishwasher,Stove,Oven,Coffee maker,Private entrance,Patio or balcony,Backyard,Outdoor furniture,Free street parking,Luggage dropoff allowed,Long term stays allowed,Self check-in,Keypad",50.0,0.0,19.0,351.0,4.94,5.0,5.0,4.9,35590.0,110.8,0.838,0.869,7.8,306.0,92.7,10007.0,128.0,0.833,houston,41,2825.3999999999996,0,0,0,365
4884821,Entire bungalow,entire_home,29.75202,-95.39472,6.0,3,3,1.0,1,0,0,0,30,"Bathtub,Cleaning products,Shampoo,Conditioner,Body soap,Hot water,Shower gel,Washer,Dryer,Essentials,Hangers,Bed linens,Extra pillows and blankets,Clothing storage,Air conditioning,Air conditioning,Indoor fireplace,Ceiling fan,Portable fans,Heating,Exterior security cameras on property,Smoke alarm,Carbon monoxide alarm,Fire extinguisher,Wifi,Kitchen,Refrigerator,Cooking basics,Dishes and silverware,Freezer,Dishwasher,Stove,Oven,Wine glasses,Baking sheet,Dining table,Patio or balcony,Backyard,Free parking on premises,Free street parking,Pets allowed,Luggage dropoff allowed,Smoking allowed,Long term stays allowed,Self check-in,Smart lock",3342.0,,18.0,40.0,4.93,4.9,5.0,4.9,1496.0,137.1,0.03,0.044,11.0,11.0,4.1,0.0,129.1,0.0,houston,46,125.675,0,0,0,365
4917788,Entire guesthouse,entire_home,29.78922,-95.38319,2.0,1,2,1.0,1,0,0,1,2,"Hair dryer,Shampoo,Hot water,Essentials,Hangers,Bed linens,Extra pillows and blankets,Iron,TV,Crib,Air conditioning,Heating,Smoke alarm,Carbon monoxide alarm,Fire extinguisher,First aid kit,Wifi,Dedicated workspace,Kitchen,Refrigerator,Microwave,Cooking basics,Dishes and silverware,Oven,Coffee maker,Private entrance,Patio or balcony,Backyard,Free parking on premises,Free street parking,Luggage dropoff allowed,Long term stays allowed,Self check-in,Lockbox",50.0,0.0,47.0,143.0,4.95,4.9,5.0,4.9,14977.0,83.4,0.468,0.919,5.0,171.0,37.3,1428.0,85.0,0.167,houston,34,1188.45,0,0,0,365
5201212,Entire home,entire_home,29.747,-95.3836,7.0,3,3,3.5,1,0,0,1,2,"Wifi,Bathtub,Hair dryer,Cleaning products,Shampoo,Conditioner,Body soap,Hot water,Shower gel,Washer,Dryer,Essentials,Hangers,Bed linens,Extra pillows and blankets,Iron,Clothing storage,Ethernet connection,TV,Sound system,Game console,Books and reading material,Air conditioning,Ceiling fan,Heating,Heating,Smoke alarm,Carbon monoxide alarm,First aid kit,Wifi,Dedicated workspace,Kitchen,Refrigerator,Microwave,Cooking basics,Dishes and silverware,Freezer,Dishwasher,Stove,Oven,Coffee maker,Wine glasses,Toaster,Baking sheet,Dining table,Coffee,Private entrance,Laundromat nearby,Patio or balcony,Outdoor furniture,Free parking on premises,Free street parking,Luggage dropoff allowed,Long term stays allowed,Self check-in,Keypad",228.0,0.0,32.0,172.0,4.84,4.8,4.9,4.8,42112.0,429.1,0.26,0.26,3.3,95.0,99.8,7955.0,657.2,0.189,houston,56,3397.0416666666665,0,0,0,365
5353765,Entire home,entire_home,29.7299,-95.3926,6.0,3,4,2.5,0,0,0,1,3,"Hair dryer,Shampoo,Hot water,Washer,Dryer,Essentials,Hangers,Iron,TV,Air conditioning,Indoor fireplace,Heating,Smoke alarm,Carbon monoxide alarm,Fire extinguisher,Wifi,Dedicated workspace,Kitchen,Refrigerator,Microwave,Dishwasher,Stove,Oven,Coffee maker,Patio or balcony,Backyard,Outdoor furniture,Outdoor dining area,BBQ grill,Free parking on premises,Free street parking,Pets allowed,Host greets you",74.0,0.0,149.0,20.0,5.0,5.0,5.0,4.8,127657.0,1012.6,0.345,0.441,10.5,126.0,347.9,55198.0,960.8,0.633,houston,33,10632.300000000001,0,0,0,365
5468179,Entire guest suite,entire_home,29.73413,-95.41473,3.0,1,2,1.0,1,0,0,1,1,"Bathtub,Hair dryer,Cleaning products,Shampoo,Conditioner,Body soap,Hot water,Shower gel,Essentials,Hangers,Bed linens,Room-darkening shades,Iron,Clothing storage,TV,Crib,Pack ’n play/Travel crib,Children’s books and toys,Air conditioning,Ceiling fan,Heating,Exterior security cameras on property,Smoke alarm,Fire extinguisher,First aid kit,Wifi,Dedicated workspace,Refrigerator,Microwave,Dishes and silverware,Mini fridge,Freezer,Coffee maker,Wine glasses,Dining table,Coffee,Private entrance,Laundromat nearby,Resort access,Patio or balcony,Backyard,Outdoor furniture,Outdoor dining area,Beach essentials,Free parking on premises,Free street parking,Pool,EV charger,Luggage dropoff allowed,Long term stays allowed,Self check-in,Keypad",52.0,0.0,30.0,1514.0,4.89,4.9,5.0,4.9,32065.0,113.4,0.764,0.764,2.2,279.0,75.9,7847.0,185.2,0.556,houston,52,2636.55,0,0,0,365
5490559,Entire rental unit,entire_home,29.7047,-95.5464,4.0,1,2,1.0,0,0,0,0,2,"Hair dryer,Shampoo,Hot water,Washer,Dryer,Essentials,Hangers,Iron,TV,Air conditioning,Heating,Smoke alarm,Carbon monoxide alarm,Fire extinguisher,Wifi,Dedicated workspace,Refrigerator,Microwave,Dishes and silverware,Free parking on premises",10.0,0.0,10.0,182.0,4.61,4.7,4.7,4.7,1122.0,58.1,0.052,0.052,4.8,19.0,3.0,0.0,58.7,0.0,houston,20,91.99166666666667,0,0,0,365
5857120,Entire rental unit,entire_home,29.7045,-95.5464,4.0,1,2,1.0,0,0,0,0,2,"Hair dryer,Shampoo,Hot water,Washer,Dryer,Essentials,Hangers,Iron,TV,Air conditioning,Heating,Smoke alarm,Fire extinguisher,Wifi,Dedicated workspace,Refrigerator,Microwave,Free parking on premises",11.0,0.0,13.0,213.0,4.65,4.5,4.8,4.7,2442.0,58.4,0.107,0.113,3.9,39.0,6.4,473.0,59.7,0.078,houston,18,189.79999999999998,0,0,0,365
5978182,Entire cottage,entire_home,29.742598,-95.396165,4.0,1,2,1.0,1,0,0,1,1,"Pool view,Bathtub,Hair dryer,Cleaning products,Shampoo,Conditioner,Body soap,Outdoor shower,Hot water,Shower gel,Washer,Dryer,Essentials,Hangers,Bed linens,Extra pillows and blankets,Room-darkening shades,Iron,Clothing storage,Ethernet connection,TV,Sound system,Books and reading material,Children’s books and toys,Board games,Air conditioning,Portable fans,Heating,Smoke alarm,Carbon monoxide alarm,Fire extinguisher,First aid kit,Wifi,Dedicated workspace,Kitchen,Refrigerator,Microwave,Cooking basics,Dishes and silverware,Freezer,Dishwasher,Stove,Oven,Coffee maker,Wine glasses,Toaster,Baking sheet,Blender,Barbecue utensils,Dining table,Coffee,Private entrance,Patio or balcony,Backyard,Fire pit,Outdoor furniture,Outdoor dining area,BBQ grill,Sun loungers,Free street parking,Pool,Hot tub,Single level home,Pets allowed,Luggage dropoff allowed,Long term stays allowed,Self check-in,Keypad,Cleaning before checkout",50.0,0.0,42.0,204.0,4.98,5.0,5.0,4.9,29750.0,151.5,0.523,0.523,2.7,191.0,76.2,0.0,167.8,0.0,houston,69,2411.375,0,0,0,365
6089388,Entire townhouse,entire_home,29.76825,-95.4101,8.0,3,3,2.5,0,0,0,0,23,"Hair dryer,Shampoo,Hot water,Washer,Dryer,Essentials,Hangers,Iron,TV,Air conditioning,Heating,Smoke alarm,Carbon monoxide alarm,Wifi,Dedicated workspace,Kitchen,Refrigerator,Microwave,Cooking basics,Dishes and silverware,Dishwasher,Stove,Oven,Coffee maker,Private entrance,Patio or balcony,Backyard,Free parking on premises,Pets allowed,Self check-in,Smart lock",100.0,0.0,48.0,44.0,4.86,4.8,4.8,4.9,1631.0,165.3,0.033,0.038,6.0,12.0,3.9,0.0,289.4,0.0,houston,31,165.3,0,0,0,365
6166415,Entire rental unit,entire_home,29.7469,-95.384,4.0,1,3,1.0,0,0,0,0,2,"Bathtub,Hair dryer,Shampoo,Hot water,Washer,Dryer,Essentials,Hangers,Iron,TV,Pack ’n play/Travel crib,Air conditioning,Heating,Exterior security cameras on property,Smoke alarm,Carbon monoxide alarm,Fire extinguisher,Wifi,Kitchen,Refrigerator,Microwave,Cooking basics,Dishes and silverware,Stove,Oven,Private entrance,Patio or balcony,Backyard,Free parking on premises,Free street parking,Pets allowed,Luggage dropoff allowed,Long term stays allowed,Self check-in,Smart lock",0.0,0.0,20.0,512.0,4.64,4.5,4.9,4.7,12175.0,75.7,0.441,0.482,2.3,161.0,33.4,1777.0,82.9,0.244,houston,35,1015.6416666666668,0,0,0,365
7052133,Entire home,entire_home,29.76916,-95.42277,10.0,4,4,3.5,0,0,0,1,2,"Bathtub,Hair dryer,Cleaning products,Shampoo,Conditioner,Body soap,Hot water,Shower gel,Washer,Dryer,Essentials,Hangers,Bed linens,Extra pillows and blankets,Room-darkening shades,Iron,Drying rack for clothing,Clothing storage,Ethernet connection,TV,Sound system,Game console,Books and reading material,Mini golf,Pack ’n play/Travel crib,Children’s dinnerware,Fireplace guards,Board games,Children's playroom,Children’s bikes,Air conditioning,Indoor fireplace,Ceiling fan,Portable fans,Heating,Exterior security cameras on property,Smoke alarm,Carbon monoxide alarm,Fire extinguisher,First aid kit,Wifi,Dedicated workspace,Kitchen,Refrigerator,Microwave,Cooking basics,Dishes and silverware,Mini fridge,Freezer,Dishwasher,Stove,Oven,Hot water kettle,Coffee maker,Wine glasses,Toaster,Baking sheet,Blender,Rice maker,Barbecue utensils,Dining table,Coffee,Private entrance,Patio or balcony,Backyard,Fire pit,Outdoor furniture,Outdoor dining area,Outdoor kitchen,BBQ grill,Sun loungers,Free parking on premises,Pool,Pets allowed,Luggage dropoff allowed,Breakfast,Long term stays allowed,Self check-in,Lockbox,Cleaning before checkout",275.0,0.0,49.0,48.0,4.71,4.6,4.9,4.8,10320.0,879.4,0.036,0.036,4.3,13.0,26.0,2189.0,1263.5,0.022,houston,80,952.6833333333333,0,0,0,365
7198331,Entire home,entire_home,29.92159,-95.68295,6.0,3,3,2.0,1,0,0,0,4,"Free parking on premises,Garden view,Bathtub,Hair dryer,Cleaning products,Shampoo,Body soap,Hot water,Washer,Dryer,Essentials,Hangers,Bed linens,Extra pillows and blankets,Room-darkening shades,Iron,Clothing storage,TV,Sound system,Books and reading material,Crib,Children’s books and toys,Children’s dinnerware,Fireplace guards,Board games,Air conditioning,Indoor fireplace,Heating,Exterior security cameras on property,Smoke alarm,Carbon monoxide alarm,Fire extinguisher,First aid kit,Wifi,Dedicated workspace,Kitchen,Refrigerator,Microwave,Cooking basics,Dishes and silverware,Freezer,Dishwasher,Stove,Hot water kettle,Coffee maker,Wine glasses,Baking sheet,Rice maker,Barbecue utensils,Dining table,Coffee,Lake access,Private entrance,Laundromat nearby,Patio or balcony,Backyard,Outdoor furniture,Outdoor dining area,Outdoor kitchen,BBQ grill,Free parking on premises,Free street parking,Single level home,Pets allowed,Luggage dropoff allowed,Long term stays allowed,Self check-in,Smart lock,Cleaning before checkout",130.0,0.0,30.0,28.0,4.93,4.9,5.0,5.0,9027.0,176.1,0.137,0.164,12.5,50.0,23.3,0.0,197.0,0.0,houston,69,733.75,0,0,0,365
7549200,Entire home,entire_home,29.81033,-95.16932,12.0,5,8,3.0,1,0,0,0,2,"Bathtub,Hair dryer,Shampoo,Hot water,Shower gel,Washer,Dryer,Essentials,Hangers,Bed linens,Extra pillows and blankets,Room-darkening shades,Iron,Drying rack for clothing,Clothing storage,TV,Fireplace guards,Board games,Outdoor playground,Air conditioning,Ceiling fan,Portable fans,Heating,Exterior security cameras on property,Smoke alarm,Fire extinguisher,First aid kit,Wifi,Dedicated workspace,Kitchen,Refrigerator,Microwave,Cooking basics,Dishes and silverware,Mini fridge,Freezer,Dishwasher,Stove,Oven,Hot water kettle,Coffee maker,Wine glasses,Toaster,Baking sheet,Blender,Barbecue utensils,Dining table,Private entrance,Laundromat nearby,Patio or balcony,Backyard,Outdoor furniture,Outdoor dining area,Sun loungers,Free parking on premises,Free street parking,Pool,Hot tub,Long term stays allowed,Host greets you",231.0,0.0,30.0,159.0,4.87,4.8,4.8,4.8,28915.0,379.2,0.189,0.207,2.5,69.0,71.6,8825.0,440.0,0.211,houston,60,2180.4,0,0,0,365
7591379,Entire rental unit,entire_home,29.7376,-95.4568,2.0,1,1,1.0,1,0,0,0,18,"Hot water,Washer,Dryer,Essentials,Hangers,Iron,TV,Air conditioning,Heating,Smoke alarm,Fire extinguisher,Wifi,Kitchen,Cooking basics,Outdoor furniture,Free parking on premises,Pool,Host greets you",75.0,9.0,17.0,12.0,4.17,3.7,4.8,3.8,913.0,67.5,0.027,0.033,2.5,10.0,1.7,526.0,61.4,0.067,houston,18,56.25,0,0,0,365
7611320,Entire rental unit,entire_home,29.81107,-95.39025,2.0,1,2,1.0,0,0,0,0,3,"TV,Cable TV,Wifi,Air conditioning,Kitchen,Free parking on premises,Hot water,Bed linens,Extra pillows and blankets,Free street parking,Ethernet connection,Microwave,Coffee maker,Refrigerator,Dishes and silverware,Heating,Cooking basics,Smoke alarm,Carbon monoxide alarm,First aid kit,Fire extinguisher,Luggage dropoff allowed,Essentials,Long term stays allowed,Shampoo,Hangers,Hair dryer,Iron,Self check-in,Lockbox,Private entrance",125.0,0.0,14.0,52.0,4.81,4.9,4.8,4.7,5795.0,117.4,0.159,0.183,29.0,58.0,15.2,0.0,147.9,0.0,houston,31,567.4333333333334,0,0,0,365
7664399,Entire bungalow,entire_home,29.80088,-95.35112,2.0,1,1,1.0,1,0,0,0,1,"Hair dryer,Shampoo,Hot water,Essentials,Hangers,Iron,TV,Air conditioning,Heating,Exterior security cameras on property,Fire extinguisher,Wifi,Kitchen,Refrigerator,Backyard,Free parking on premises,Free street parking,Luggage dropoff allowed,Long term stays allowed,Self check-in,Lockbox",35.0,0.0,5.0,572.0,4.68,4.6,4.6,4.7,10156.0,59.6,0.381,0.415,3.8,139.0,25.1,3536.0,66.3,0.478,houston,21,690.3666666666667,0,0,0,365
7696248,Entire guesthouse,entire_home,29.7508,-95.38723,2.0,1,1,1.0,1,1,0,1,2,"Hair dryer,Shampoo,Hot water,Washer,Dryer,Essentials,Hangers,Iron,TV,Air conditioning,Heating,Smoke alarm,Fire extinguisher,First aid kit,Wifi,Kitchen,Refrigerator,Microwave,Cooking basics,Dishes and silverware,Freezer,Dishwasher,Stove,Oven,Coffee maker,Toaster,Private entrance,Free street parking,Long term stays allowed",58.0,0.0,27.0,347.0,4.91,4.8,5.0,4.9,21710.0,90.2,0.581,0.581,4.3,212.0,52.6,5902.0,101.1,0.567,houston,29,1593.5333333333335,0,0,0,365
7858699,Entire townhouse,entire_home,29.77397,-95.6009,4.0,2,2,2.5,1,0,0,0,2,"Hair dryer,Cleaning products,Shampoo,Conditioner,Body soap,Hot water,Shower gel,Washer,Dryer,Essentials,Hangers,Bed linens,Iron,Mosquito net,Ethernet connection,TV,Air conditioning,Indoor fireplace,Ceiling fan,Heating,Smoke alarm,Fire extinguisher,Wifi,Kitchen,Refrigerator,Microwave,Cooking basics,Dishes and silverware,Dishwasher,Oven,Hot water kettle,Coffee maker,Wine glasses,Toaster,Dining table,Coffee,Patio or balcony,BBQ grill,Free parking on premises,Free street parking,Pool,Luggage dropoff allowed,Long term stays allowed,Self check-in,Lockbox",65.0,0.0,25.0,199.0,4.68,4.6,4.8,4.8,12532.0,108.8,0.323,0.578,14.8,118.0,33.1,1166.0,121.2,0.1,houston,45,1069.8666666666666,0,0,0,365
8035996,Entire home,entire_home,29.74349,-95.58981,8.0,3,4,2.0,1,0,0,0,24,"Bathtub,Hair dryer,Cleaning products,Shampoo,Conditioner,Hot water,Shower gel,Washer,Dryer,Essentials,Hangers,Bed linens,Extra pillows and blankets,Iron,Clothing storage,TV,Pack ’n play/Travel crib,High chair,Air conditioning,Indoor fireplace,Heating,Exterior security cameras on property,Smoke alarm,Carbon monoxide alarm,Fire extinguisher,Wifi,Kitchen,Refrigerator,Microwave,Cooking basics,Dishes and silverware,Dishwasher,Stove,Oven,Coffee maker,Private entrance,Backyard,Free parking on premises,Free street parking,Single level home,Pets allowed,Long term stays allowed,Self check-in,Lockbox",272.0,,49.0,155.0,4.75,4.7,4.9,4.7,7604.0,167.7,0.112,0.137,20.5,41.0,19.3,1210.0,159.8,0.067,houston,44,572.975,0,0,0,365
8368415,Entire rental unit,entire_home,29.72842,-95.37569,2.0,1,1,1.0,0,0,0,0,2,"Hair dryer,Shampoo,Hot water,Washer,Dryer,Essentials,Hangers,Bed linens,Extra pillows and blankets,Iron,TV,Pack ’n play/Travel crib,Air conditioning,Air conditioning,Heating,Smoke alarm,Carbon monoxide alarm,Fire extinguisher,First aid kit,Wifi,Kitchen,Refrigerator,Microwave,Cooking basics,Dishes and silverware,Stove,Oven,Coffee maker,Private entrance,Backyard,Free parking on premises,Free street parking,Single level home,Pets allowed,Long term stays allowed,Self check-in,Lockbox",45.0,0.0,5.0,180.0,4.71,4.7,4.6,4.6,4945.0,94.7,0.153,0.156,7.0,56.0,12.6,302.0,125.7,0.033,houston,37,441.93333333333334,0,0,0,365
8385635,Entire home,entire_home,29.75666,-95.39702,7.0,2,2,2.0,1,0,0,1,2,"Bathtub,Hair dryer,Shampoo,Body soap,Hot water,Shower gel,Washer,Dryer,Essentials,Hangers,Bed linens,Extra pillows and blankets,Room-darkening shades,Iron,TV,Books and reading material,Crib,Pack ’n play/Travel crib,Children’s books and toys,High chair,Baby bath,Children’s dinnerware,Baby monitor,Outlet covers,Board games,Baby safety gates,Babysitter recommendations,Air conditioning,Heating,Exterior security cameras on property,Smoke alarm,Carbon monoxide alarm,Fire extinguisher,First aid kit,Wifi,Dedicated workspace,Kitchen,Refrigerator,Microwave,Cooking basics,Dishes and silverware,Dishwasher,Stove,Oven,Hot water kettle,Coffee maker,Baking sheet,Blender,Dining table,Patio or balcony,Backyard,Outdoor furniture,Outdoor dining area,BBQ grill,Free street parking,Single level home,Long term stays allowed,Self check-in,Smart lock",90.0,0.0,5.0,809.0,4.95,5.0,5.0,4.9,73731.0,208.5,0.825,0.825,2.9,301.0,179.6,27699.0,329.7,0.8,houston,59,5229.875,0,0,0,365
8808894,Entire home,entire_home,29.78822,-95.40507,4.0,1,2,1.0,1,0,0,1,1,"Hair dryer,Shampoo,Hot water,Washer,Dryer,Essentials,Hangers,Bed linens,Extra pillows and blankets,Iron,TV,Exercise equipment,Air conditioning,Heating,Smoke alarm,Carbon monoxide alarm,Fire extinguisher,First aid kit,Wifi,Dedicated workspace,Kitchen,Refrigerator,Microwave,Cooking basics,Dishes and silverware,Oven,Coffee maker,Private entrance,Patio or balcony,Backyard,Outdoor furniture,Outdoor dining area,BBQ grill,Free parking on premises,Free street parking,Pets allowed,Breakfast,Long term stays allowed,Self check-in,Keypad",70.0,0.0,27.0,630.0,4.82,4.7,4.9,4.8,30502.0,113.4,0.638,0.645,2.8,233.0,72.6,9291.0,130.2,0.689,houston,40,2201.85,0,0,0,365
8951391,Entire townhouse,entire_home,29.77433,-95.62275,4.0,2,2,2.0,1,0,0,1,5,"Pool view,Bathtub,Hair dryer,Cleaning products,Shampoo,Conditioner,Body soap,Hot water,Washer,Dryer,Essentials,Hangers,Bed linens,Extra pillows and blankets,Room-darkening shades,Iron,Clothing storage,TV,Books and reading material,Crib,Pack ’n play/Travel crib,Children’s dinnerware,Air conditioning,Ceiling fan,Heating,Exterior security cameras on property,Smoke alarm,Fire extinguisher,First aid kit,Wifi,Dedicated workspace,Kitchen,Refrigerator,Microwave,Cooking basics,Dishes and silverware,Freezer,Dishwasher,Stove,Oven,Hot water kettle,Coffee maker,Wine glasses,Toaster,Baking sheet,Blender,Rice maker,Dining table,Coffee,Private entrance,Patio or balcony,Backyard,Free parking on premises,Pool,Single level home,Pets allowed,Long term stays allowed,Self check-in,Smart lock",0.0,0.0,5.0,56.0,4.96,5.0,4.9,5.0,40028.0,168.1,0.699,0.743,8.2,255.0,109.7,9470.0,251.9,0.411,houston,59,3572.125,0,0,0,365
9294624,Entire rental unit,entire_home,29.7385,-95.4576,4.0,2,1,1.0,0,0,0,0,10,"Bathtub,Hair dryer,Shampoo,Conditioner,Hot water,Washer,Dryer,Essentials,Hangers,Bed linens,Extra pillows and blankets,Iron,TV,Air conditioning,Heating,Smoke alarm,Carbon monoxide alarm,Wifi,Dedicated workspace,Kitchen,Coffee,Free parking on premises,Self check-in,Building staff",166.0,0.0,23.0,4.0,4.75,4.8,5.0,4.8,1835.0,113.5,0.041,0.041,15.0,15.0,4.6,687.0,119.5,0.056,houston,24,141.875,0,0,0,365
9327781,Entire townhouse,entire_home,29.77225,-95.42244,2.0,1,2,1.5,0,0,0,1,3,"Garden view,Bathtub,Hair dryer,Shampoo,Conditioner,Body soap,Hot water,Washer,Dryer,Essentials,Hangers,Bed linens,Extra pillows and blankets,Iron,Clothing storage,TV,Air conditioning,Indoor fireplace,Heating,Exterior security cameras on property,Smoke alarm,Carbon monoxide alarm,Fire extinguisher,First aid kit,Wifi,Dedicated workspace,Kitchen,Refrigerator,Microwave,Cooking basics,Dishes and silverware,Freezer,Dishwasher,Stove,Oven,Hot water kettle,Coffee maker,Wine glasses,Toaster,Baking sheet,Blender,Dining table,Coffee,Private entrance,Patio or balcony,Fire pit,Outdoor furniture,BBQ grill,Free street parking,Self check-in,Keypad",46.0,0.0,54.0,43.0,4.93,4.8,5.0,4.8,13895.0,134.9,0.258,0.276,6.3,94.0,36.4,3595.0,161.6,0.189,houston,51,1056.7166666666667,0,0,0,365
9363756,Entire rental unit,entire_home,29.73698,-95.4572,2.0,1,1,1.0,0,0,0,1,10,"Bathtub,Hair dryer,Shampoo,Conditioner,Hot water,Washer,Dryer,Essentials,Hangers,Iron,TV,Crib,High chair,Air conditioning,Portable fans,Heating,Smoke alarm,Carbon monoxide alarm,Wifi,Dedicated workspace,Kitchen,Refrigerator,Microwave,Cooking basics,Dishes and silverware,Freezer,Stove,Oven,Hot water kettle,Coffee maker,Wine glasses,Toaster,Baking sheet,Blender,Dining table,Private entrance,Outdoor kitchen,Free parking on premises,Self check-in,Building staff",0.0,0.0,19.0,14.0,5.0,5.0,5.0,5.0,7314.0,111.7,0.189,0.236,23.0,69.0,20.0,0.0,136.5,0.0,houston,40,642.275,0,0,0,365
9370116,Entire guesthouse,entire_home,29.73829,-95.39852,2.0,1,1,1.0,1,0,0,1,2,"Garden view,Pool view,Hair dryer,Cleaning products,Shampoo,Conditioner,Body soap,Hot water,Shower gel,Essentials,Hangers,Bed linens,Extra pillows and blankets,Room-darkening shades,Iron,Clothing storage,TV,Books and reading material,Air conditioning,Ceiling fan,Portable fans,Heating,Exterior security cameras on property,Smoke alarm,Carbon monoxide alarm,Fire extinguisher,First aid kit,Wifi,Dedicated workspace,Kitchen,Refrigerator,Microwave,Cooking basics,Dishes and silverware,Freezer,Dishwasher,Hot water kettle,Coffee maker,Wine glasses,Toaster,Blender,Coffee,Private entrance,Laundromat nearby,Patio or balcony,Backyard,Outdoor furniture,Outdoor dining area,Sun loungers,Free street parking,Pool,Hot tub,Luggage dropoff allowed,Self check-in,Lockbox",60.0,0.0,22.0,360.0,4.96,5.0,5.0,4.9,49689.0,212.0,0.589,0.591,3.2,215.0,126.3,15381.0,274.3,0.6,houston,55,3798.3333333333335,0,0,0,365
9383405,Entire rental unit,entire_home,29.73695,-95.4577,4.0,2,2,1.0,0,0,0,1,7,"Hair dryer,Shampoo,Conditioner,Hot water,Washer,Dryer,Essentials,Hangers,Extra pillows and blankets,Iron,TV,Crib,Air conditioning,Heating,Smoke alarm,Carbon monoxide alarm,Fire extinguisher,Wifi,Dedicated workspace,Kitchen,Cooking basics,Dishes and silverware,Free parking on premises,EV charger,Self check-in,Building staff",51.0,0.0,12.0,20.0,4.9,4.8,5.0,5.0,5076.0,116.3,0.099,0.099,7.2,36.0,13.3,4804.0,132.4,0.378,houston,26,348.90000000000003,0,0,0,365
9594856,Entire home,entire_home,29.72373,-95.37418,8.0,3,4,2.0,0,0,0,0,4,"Bathtub,Hair dryer,Cleaning products,Shampoo,Conditioner,Body soap,Hot water,Washer,Dryer,Essentials,Hangers,Bed linens,Extra pillows and blankets,Room-darkening shades,Iron,Drying rack for clothing,Clothing storage,Ethernet connection,TV,Pack ’n play/Travel crib,Fireplace guards,Window guards,Outlet covers,Board games,Babysitter recommendations,Air conditioning,Ceiling fan,Portable fans,Heating,Exterior security cameras on property,Smoke alarm,Carbon monoxide alarm,Fire extinguisher,First aid kit,Wifi,Dedicated workspace,Kitchen,Refrigerator,Microwave,Cooking basics,Dishes and silverware,Freezer,Dishwasher,Stove,Oven,Hot water kettle,Coffee maker,Wine glasses,Toaster,Baking sheet,Blender,Barbecue utensils,Dining table,Coffee,Private entrance,Patio or balcony,Backyard,Outdoor furniture,BBQ grill,Free parking on premises,Free street parking,Single level home,Luggage dropoff allowed,Long term stays allowed,Self check-in,Lockbox,Cleaning before checkout",171.0,0.0,43.0,122.0,4.81,4.9,4.7,4.8,11224.0,171.1,0.167,0.167,3.6,61.0,23.3,2077.0,232.2,0.133,houston,67,869.7583333333333,0,0,0,365
9644537,Entire home,entire_home,29.9319,-95.55276,6.0,3,4,2.5,0,0,0,1,17,"Bathtub,Hair dryer,Shampoo,Body soap,Hot water,Shower gel,Washer,Dryer,Essentials,Hangers,Bed linens,Extra pillows and blankets,Room-darkening shades,Iron,Clothing storage,Ethernet connection,TV,Books and reading material,Air conditioning,Ceiling fan,Heating,Exterior security cameras on property,Smoke alarm,Carbon monoxide alarm,Wifi,Dedicated workspace,Kitchen,Refrigerator,Microwave,Cooking basics,Dishes and silverware,Freezer,Dishwasher,Stove,Oven,Hot water kettle,Coffee maker,Wine glasses,Toaster,Blender,Rice maker,Trash compactor,Dining table,Coffee,Patio or balcony,Backyard,Free parking on premises,Free street parking,EV charger,Single level home,Luggage dropoff allowed,Long term stays allowed,Self check-in,Smart lock",3687.0,,32.0,131.0,4.89,4.7,4.9,4.8,16141.0,182.3,0.258,0.32,11.8,94.0,44.2,1828.0,177.8,0.111,houston,54,1428.0166666666667,0,0,0,365
9695063,Entire home,entire_home,29.65576,-95.48282,2.0,1,1,2.0,1,0,0,1,1,"Hair dryer,Cleaning products,Shampoo,Conditioner,Body soap,Hot water,Shower gel,Essentials,Hangers,Bed linens,Extra pillows and blankets,Iron,Clothing storage,TV,Sound system,Books and reading material,Board games,Air conditioning,Ceiling fan,Heating,Exterior security cameras on property,Smoke alarm,Carbon monoxide alarm,Fire extinguisher,First aid kit,Wifi,Dedicated workspace,Kitchen,Refrigerator,Microwave,Cooking basics,Dishes and silverware,Freezer,Dishwasher,Stove,Coffee maker,Wine glasses,Toaster,Blender,Barbecue utensils,Dining table,Coffee,Patio or balcony,Backyard,Outdoor furniture,Outdoor dining area,BBQ grill,Free parking on premises,Free street parking,Single level home,Pets allowed,Luggage dropoff allowed,Long term stays allowed,Self check-in,Smart lock,Cleaning before checkout",100.0,0.0,5.0,7.0,5.0,5.0,5.0,4.7,18517.0,141.4,0.26,0.26,3.4,95.0,44.7,9357.0,206.4,0.367,houston,56,1119.4166666666667,0,0,0,365
9736597,Entire rental unit,entire_home,29.72727,-95.56638,7.0,2,3,2.0,1,0,0,0,26,"Bathtub,Hair dryer,Shampoo,Hot water,Washer,Dryer,Essentials,Hangers,Bed linens,Extra pillows and blankets,Iron,TV,Air conditioning,Indoor fireplace,Heating,Smoke alarm,Carbon monoxide alarm,Fire extinguisher,First aid kit,Wifi,Dedicated workspace,Kitchen,Refrigerator,Microwave,Cooking basics,Dishes and silverware,Dishwasher,Stove,Oven,Coffee maker,Private entrance,Patio or balcony,Outdoor furniture,BBQ grill,Free parking on premises,Pool,Hot tub,Long term stays allowed,Self check-in,Keypad",2254.0,,5.0,92.0,4.6,4.4,4.7,4.6,14181.0,96.3,0.364,0.735,26.6,133.0,38.9,0.0,84.0,0.0,houston,40,1067.325,0,0,0,365
9808638,Entire guesthouse,entire_home,29.8084,-95.4234,4.0,2,2,1.0,1,0,0,1,1,"Hair dryer,Shampoo,Hot water,Washer,Dryer,Essentials,Hangers,Bed linens,Extra pillows and blankets,Iron,Safe,TV,Children’s dinnerware,Air conditioning,Ceiling fan,Heating,Smoke alarm,Fire extinguisher,Wifi,Dedicated workspace,Kitchen,Refrigerator,Microwave,Cooking basics,Dishes and silverware,Dishwasher,Stove,Oven,Coffee maker,Private entrance,Patio or balcony,Backyard,Fire pit,BBQ grill,Free parking on premises,Free street parking,Long term stays allowed,Self check-in,Keypad,Cleaning before checkout",17.0,0.0,5.0,122.0,4.8,4.8,4.8,4.8,27377.0,152.0,0.496,0.496,7.0,181.0,74.0,8688.0,166.4,0.622,houston,40,2292.6666666666665,0,0,0,365
9818557,Entire rental unit,entire_home,29.73811,-95.4565,2.0,1,1,1.0,0,0,0,1,10,"Bathtub,Hair dryer,Shampoo,Conditioner,Hot water,Washer,Dryer,Essentials,Hangers,Bed linens,Extra pillows and blankets,Iron,TV,Air conditioning,Heating,Smoke alarm,Carbon monoxide alarm,Fire extinguisher,Wifi,Dedicated workspace,Kitchen,Refrigerator,Microwave,Cooking basics,Dishes and silverware,Freezer,Stove,Oven,Hot water kettle,Coffee maker,Wine glasses,Toaster,Baking sheet,Blender,Rice maker,Dining table,Free parking on premises,Self check-in,Building staff",50.0,0.0,12.0,10.0,4.9,4.9,5.0,4.9,995.0,113.7,0.03,0.031,11.0,11.0,2.6,995.0,133.9,0.122,houston,39,104.22500000000001,0,0,0,365
9836682,Entire rental unit,entire_home,29.74873,-95.46517,4.0,2,2,2.0,1,0,0,1,3,"Pool view,Garden view,Wifi,Hair dryer,Shampoo,Conditioner,Body soap,Hot water,Shower gel,Washer,Dryer,Essentials,Hangers,Bed linens,Extra pillows and blankets,Room-darkening shades,Iron,Drying rack for clothing,Clothing storage,Ethernet connection,TV,Exercise equipment,Pool table,Movie theater,High chair,Air conditioning,Ceiling fan,Heating,Smoke alarm,Carbon monoxide alarm,Fire extinguisher,Wifi,Dedicated workspace,Kitchen,Refrigerator,Microwave,Cooking basics,Dishes and silverware,Freezer,Dishwasher,Stove,Oven,Hot water kettle,Coffee maker,Wine glasses,Toaster,Blender,Trash compactor,Barbecue utensils,Dining table,Resort access,Patio or balcony,Outdoor furniture,Outdoor dining area,Outdoor kitchen,BBQ grill,Sun loungers,Free parking on premises,Free street parking,Pool,Elevator,EV charger,Gym,Luggage dropoff allowed,Long term stays allowed,Self check-in,Building staff",150.0,0.0,32.0,42.0,4.98,4.9,5.0,4.9,73779.0,397.2,0.493,0.495,5.8,180.0,190.2,18305.0,505.7,0.4,houston,67,5958.0,0,0,0,365
10801270,Entire guest suite,entire_home,29.71957,-95.37246,2.0,1,1,1.0,1,0,0,1,2,"Garden view,Hair dryer,Shampoo,Conditioner,Body soap,Hot water,Essentials,Hangers,Bed linens,Extra pillows and blankets,Iron,TV,Air conditioning,Ceiling fan,Portable fans,Heating,Smoke alarm,Carbon monoxide alarm,Fire extinguisher,First aid kit,Wifi,Dedicated workspace,Kitchen,Refrigerator,Microwave,Cooking basics,Dishes and silverware,Stove,Oven,Coffee maker,Laundromat nearby,Patio or balcony,Backyard,Free street parking,Self check-in,Lockbox",10.0,18.0,33.0,114.0,4.92,5.0,4.7,4.9,9931.0,86.4,0.312,0.312,4.4,114.0,26.6,2257.0,116.2,0.233,houston,36,820.8000000000001,0,0,0,365
10957615,Entire rental unit,entire_home,29.80155,-95.49993,2.0,1,1,1.0,0,0,0,0,2,"Hot water,Washer,Dryer,Essentials,Hangers,Bed linens,Extra pillows and blankets,Iron,TV,Air conditioning,Heating,Smoke alarm,Wifi,Dedicated workspace,Kitchen,Refrigerator,Microwave,Cooking basics,Dishes and silverware,Coffee maker,Private entrance,Free parking on premises,Free street parking,Long term stays allowed,Self check-in,Keypad",85.0,0.0,9.0,94.0,4.88,4.9,5.0,4.9,15322.0,127.6,0.315,0.628,11.5,115.0,39.6,280.0,115.1,0.022,houston,26,1222.8333333333333,0,0,0,365
13757,Entire townhouse,entire_home,28.3145,-81.4428,10.0,4,7.0,3.5,0,0,0,1,6.0,"Air conditioning,Bathtub,Hair dryer,Cleaning products,Shampoo,Conditioner,Body soap,Hot water,Shower gel,Washer,Dryer,Essentials,Hangers,Bed linens,Extra pillows and blankets,Iron,Clothing storage,TV,Game console,Exercise equipment,Crib,Pack ’n play/Travel crib,Board games,Air conditioning,Ceiling fan,Heating,Smoke alarm,Carbon monoxide alarm,Fire extinguisher,First aid kit,Wifi,Kitchen,Refrigerator,Microwave,Cooking basics,Dishes and silverware,Freezer,Dishwasher,Stove,Oven,Hot water kettle,Coffee maker,Wine glasses,Toaster,Baking sheet,Blender,Dining table,Lake access,Private entrance,Laundromat nearby,Resort access,Patio or balcony,Outdoor furniture,BBQ grill,Free parking on premises,Free street parking,Pool,Hot tub,Gym,Self check-in,Lockbox",0.0,0.0,155.0,108.0,4.9,4.9,4.9,4.9,6523.0,137.2,0.129,0.185,6.7,47.0,17.9,2675.0,144.5,0.211,kissimmee,61,537.3666666666667,1,0,0,365
55200,Entire villa,entire_home,28.293164,-81.472036,10.0,4,6.0,3.0,1,0,0,1,4.0,"Bathtub,Hair dryer,Hot water,Washer,Dryer,Essentials,Hangers,Bed linens,Iron,Clothing storage,TV,Sound system,Air conditioning,Heating,Smoke alarm,Carbon monoxide alarm,Fire extinguisher,Wifi,Kitchen,Refrigerator,Microwave,Cooking basics,Dishes and silverware,Freezer,Dishwasher,Stove,Oven,Hot water kettle,Coffee maker,Wine glasses,Toaster,Baking sheet,Blender,Barbecue utensils,Private entrance,Free parking on premises,Pool,Hot tub,Gym,Self check-in,Smart lock",350.0,0.0,5.0,94.0,4.88,4.8,4.9,4.8,13182.0,173.3,0.233,0.233,21.3,85.0,36.1,1767.0,151.5,0.156,kissimmee,41,1227.5416666666667,1,0,0,365
55268,Entire villa,entire_home,28.294469,-81.470832,6.0,3,4.0,2.5,1,0,0,1,4.0,"Hair dryer,Washer,Dryer,Essentials,Hangers,Iron,TV,Air conditioning,Heating,Smoke alarm,Carbon monoxide alarm,Fire extinguisher,Wifi,Kitchen,Microwave,Dishes and silverware,Coffee maker,Private entrance,Free parking on premises,Pool,Hot tub,Gym,Self check-in,Smart lock",300.0,0.0,61.0,50.0,4.78,4.7,4.9,4.8,14744.0,216.3,0.159,0.262,19.3,58.0,37.9,0.0,243.5,0.0,kissimmee,24,1045.45,1,0,0,365
172917,Entire villa,entire_home,28.31354,-81.43945,10.0,4,5.0,3.0,0,0,0,0,7.0,"Bathtub,Hair dryer,Hot water,Washer,Dryer,Essentials,Bed linens,Clothing storage,TV,Air conditioning,Heating,Smoke alarm,Wifi,Kitchen,Free parking on premises,Pool,Hot tub,Gym,Self check-in,Lockbox",115.0,0.0,29.0,214.0,4.78,4.7,4.8,4.8,8448.0,108.1,0.192,0.311,7.8,70.0,20.6,2561.0,109.0,0.211,kissimmee,20,630.5833333333334,1,0,0,365
276596,Entire townhouse,entire_home,28.32575,-81.46417,6.0,3,4.0,2.0,0,0,0,0,3.0,"Bathtub,Hair dryer,Cleaning products,Shampoo,Body soap,Hot water,Washer,Dryer,Essentials,Hangers,Bed linens,Extra pillows and blankets,Iron,Clothing storage,Ethernet connection,TV,Sound system,Exercise equipment,Pool table,Books and reading material,Crib,Pack ’n play/Travel crib,High chair,Children’s dinnerware,Outlet covers,Outdoor playground,Air conditioning,Ceiling fan,Heating,Smoke alarm,Carbon monoxide alarm,Fire extinguisher,First aid kit,Wifi,Kitchen,Refrigerator,Microwave,Cooking basics,Dishes and silverware,Freezer,Dishwasher,Stove,Oven,Hot water kettle,Coffee maker,Wine glasses,Toaster,Baking sheet,Blender,Trash compactor,Dining table,Coffee,Private entrance,Laundromat nearby,Resort access,Outdoor dining area,BBQ grill,Beach essentials,Sun loungers,Free parking on premises,Free street parking,Pool,Hot tub,Gym,Long term stays allowed,Self check-in,Lockbox",174.0,0.0,51.0,141.0,4.57,4.4,4.9,4.6,36819.0,138.9,0.625,0.625,9.5,228.0,89.9,6824.0,117.4,0.556,kissimmee,67,2639.1,1,0,0,365
659862,Entire home,entire_home,28.31469,-81.45688,8.0,3,4.0,2.0,1,0,0,1,5.0,"Hair dryer,Shampoo,Hot water,Washer,Dryer,Essentials,Hangers,Bed linens,Extra pillows and blankets,Iron,TV,Pack ’n play/Travel crib,High chair,Air conditioning,Heating,Smoke alarm,Fire extinguisher,Wifi,Kitchen,Refrigerator,Microwave,Cooking basics,Dishes and silverware,Dishwasher,Stove,Oven,Coffee maker,Private entrance,Patio or balcony,Backyard,Outdoor furniture,Free parking on premises,Pool,Hot tub,Single level home,Long term stays allowed,Self check-in,Lockbox",175.0,0.0,27.0,134.0,4.79,4.7,4.8,4.8,68085.0,199.9,0.855,0.907,7.3,312.0,169.3,14043.0,214.6,0.656,kissimmee,38,5197.400000000001,1,0,0,365
680407,Entire rental unit,entire_home,28.32674,-81.58637,4.0,2,3.0,2.0,0,0,0,0,3.0,"Bathtub,Hair dryer,Shampoo,Hot water,Washer,Dryer,Essentials,Hangers,Bed linens,Extra pillows and blankets,Room-darkening shades,Iron,Clothing storage,TV,Pack ’n play/Travel crib,High chair,Outdoor playground,Air conditioning,Portable fans,Heating,Smoke alarm,Fire extinguisher,Wifi,Kitchen,Refrigerator,Microwave,Cooking basics,Dishes and silverware,Freezer,Dishwasher,Stove,Oven,Hot water kettle,Coffee maker,Wine glasses,Toaster,Baking sheet,Blender,Trash compactor,Dining table,Waterfront,Private entrance,Resort access,Patio or balcony,Backyard,Free parking on premises,Pool,Hot tub,Gym,Long term stays allowed,Self check-in,Smart lock",90.0,0.0,31.0,71.0,4.62,4.6,4.9,4.7,8125.0,116.6,0.162,0.237,4.9,59.0,19.3,2144.0,115.8,0.178,kissimmee,52,573.2833333333333,1,0,0,365
772703,Entire rental unit,entire_home,28.3374,-81.486,4.0,1,1.0,1.0,0,0,0,0,4.0,"Air conditioning,Bathtub,Hair dryer,Shampoo,Body soap,Hot water,Washer,Dryer,Essentials,Hangers,Bed linens,Extra pillows and blankets,Iron,Clothing storage,Ethernet connection,TV,Exercise equipment,Mini golf,Crib,Pack ’n play/Travel crib,High chair,Baby bath,Children’s dinnerware,Baby safety gates,Outdoor playground,Air conditioning,Ceiling fan,Heating,Exterior security cameras on property,Smoke alarm,Carbon monoxide alarm,Fire extinguisher,First aid kit,Wifi,Dedicated workspace,Kitchen,Refrigerator,Microwave,Cooking basics,Dishes and silverware,Freezer,Dishwasher,Stove,Oven,Hot water kettle,Coffee maker,Wine glasses,Toaster,Baking sheet,Blender,Dining table,Lake access,Private entrance,Resort access,Backyard,BBQ grill,Free parking on premises,Free street parking,Pool,Hot tub,Gym,Luggage dropoff allowed,Long term stays allowed,Self check-in,Keypad",80.0,0.0,31.0,102.0,4.75,4.7,4.9,4.8,9462.0,119.7,0.189,0.348,5.3,69.0,23.5,3764.0,132.9,0.278,kissimmee,65,688.2750000000001,1,0,0,365
956146,Entire rental unit,entire_home,28.3374,-81.486,6.0,3,6.0,2.0,0,0,0,0,4.0,"Bathtub,Hair dryer,Shampoo,Body soap,Hot water,Washer,Dryer,Essentials,Hangers,Bed linens,Extra pillows and blankets,Iron,Clothing storage,Ethernet connection,TV,Exercise equipment,Mini golf,Crib,Pack ’n play/Travel crib,High chair,Baby safety gates,Outdoor playground,Air conditioning,Ceiling fan,Heating,Exterior security cameras on property,Smoke alarm,Carbon monoxide alarm,Fire extinguisher,First aid kit,Wifi,Kitchen,Refrigerator,Microwave,Cooking basics,Dishes and silverware,Freezer,Dishwasher,Stove,Oven,Hot water kettle,Coffee maker,Wine glasses,Toaster,Baking sheet,Blender,Dining table,Private entrance,Resort access,Patio or balcony,Backyard,BBQ grill,Sun loungers,Free parking on premises,Free street parking,Pool,Hot tub,Long term stays allowed,Self check-in,Keypad",138.0,0.0,68.0,103.0,4.71,4.6,4.9,4.7,2687.0,149.1,0.044,0.111,4.0,16.0,6.2,1071.0,163.9,0.067,kissimmee,60,198.79999999999998,1,0,0,365
956152,Entire rental unit,entire_home,28.3379,-81.486,6.0,3,6.0,2.0,0,0,0,0,4.0,"Garden view,Air conditioning,Bathtub,Hair dryer,Shampoo,Body soap,Hot water,Washer,Dryer,Essentials,Hangers,Bed linens,Extra pillows and blankets,Iron,Clothing storage,Ethernet connection,TV,Exercise equipment,Mini golf,Crib,Pack ’n play/Travel crib,High chair,Baby safety gates,Outdoor playground,Air conditioning,Ceiling fan,Heating,Exterior security cameras on property,Smoke alarm,Fire extinguisher,First aid kit,Wifi,Dedicated workspace,Kitchen,Refrigerator,Microwave,Cooking basics,Dishes and silverware,Freezer,Dishwasher,Stove,Oven,Hot water kettle,Coffee maker,Wine glasses,Toaster,Baking sheet,Blender,Dining table,Lake access,Private entrance,Resort access,Backyard,Outdoor furniture,BBQ grill,Sun loungers,Free parking on premises,Free street parking,Pool,Hot tub,Gym,Luggage dropoff allowed,Long term stays allowed,Self check-in,Building staff",96.0,0.0,47.0,181.0,4.86,4.8,5.0,4.9,31165.0,145.0,0.532,0.746,6.7,194.0,78.3,5491.0,145.2,0.389,kissimmee,65,2344.1666666666665,1,0,0,365
996355,Entire home,entire_home,28.34236,-81.49129,6.0,3,4.0,2.0,1,1,0,1,5.0,"Hair dryer,Shampoo,Hot water,Washer,Dryer,Essentials,Hangers,Bed linens,Extra pillows and blankets,Iron,TV,Crib,Pack ’n play/Travel crib,High chair,Air conditioning,Heating,Smoke alarm,Fire extinguisher,Wifi,Kitchen,Refrigerator,Microwave,Cooking basics,Dishes and silverware,Dishwasher,Stove,Oven,Coffee maker,Waterfront,Private entrance,Patio or balcony,Backyard,Free parking on premises,Pool,Hot tub,Single level home,Long term stays allowed,Self check-in,Lockbox",355.0,0.0,26.0,124.0,4.75,4.7,4.9,4.8,38647.0,175.3,0.605,0.725,6.7,221.0,105.9,3046.0,166.1,0.222,kissimmee,39,3228.441666666667,1,0,0,365
1018997,Entire rental unit,entire_home,28.3376,-81.4847,5.0,2,4.0,1.0,0,0,0,0,4.0,"Bathtub,Hair dryer,Shampoo,Body soap,Hot water,Washer,Dryer,Essentials,Hangers,Bed linens,Extra pillows and blankets,Iron,Clothing storage,Ethernet connection,TV,Exercise equipment,Mini golf,Crib,Pack ’n play/Travel crib,High chair,Baby safety gates,Outdoor playground,Air conditioning,Ceiling fan,Heating,Exterior security cameras on property,Smoke alarm,Carbon monoxide alarm,Fire extinguisher,Wifi,Dedicated workspace,Kitchen,Refrigerator,Microwave,Cooking basics,Dishes and silverware,Freezer,Dishwasher,Stove,Oven,Hot water kettle,Coffee maker,Wine glasses,Toaster,Baking sheet,Blender,Dining table,Lake access,Private entrance,Resort access,Backyard,BBQ grill,Sun loungers,Free parking on premises,Free street parking,Pool,Hot tub,Gym,Luggage dropoff allowed,Long term stays allowed,Self check-in,Keypad",89.0,0.0,39.0,141.0,4.92,4.8,4.9,4.9,13967.0,133.7,0.249,0.442,4.0,91.0,33.9,4010.0,147.3,0.267,kissimmee,62,1013.8916666666665,1,0,0,365
1393345,Entire townhouse,entire_home,28.31508,-81.46026,8.0,4,6.0,3.0,1,1,0,0,2.0,"Garden view,Hair dryer,Hot water,Washer,Dryer,Essentials,Hangers,Bed linens,Iron,TV,Air conditioning,Heating,Smoke alarm,Carbon monoxide alarm,Fire extinguisher,Wifi,Kitchen,Refrigerator,Microwave,Cooking basics,Dishes and silverware,Dishwasher,Stove,Oven,Coffee maker,Private entrance,Patio or balcony,Backyard,Free parking on premises,Pool,Hot tub,Gym,Long term stays allowed,Self check-in,Lockbox",172.0,0.0,43.0,179.0,4.44,4.2,4.8,4.6,7654.0,149.0,0.123,0.169,5.6,45.0,17.7,2127.0,180.7,0.111,kissimmee,35,558.75,1,0,0,365
1751352,Entire home,entire_home,28.22969,-81.48787,6.0,3,4.0,2.0,1,0,0,0,5.0,"TV,Wifi,Air conditioning,Pool,Kitchen,Free parking on premises,Hot water kettle,Ceiling fan,Outdoor furniture,Heating,Coffee,Wine glasses,Washer,Dryer,Smoke alarm,Carbon monoxide alarm,First aid kit,Fire extinguisher,Essentials,Lock on bedroom door,Hangers,Hair dryer,Iron,Self check-in,Outdoor dining area,Freezer,Keypad,Private living room,Private entrance,Bathtub,High chair,Children’s books and toys,Blender,Pack ’n play/Travel crib,Room-darkening shades,Children’s dinnerware,Hot water,Body soap,Bed linens,Extra pillows and blankets,Microwave,Coffee maker,Refrigerator,Dishwasher,Dishes and silverware,Cooking basics,Oven,Stove,Single level home,BBQ grill,Patio or balcony,Backyard,Long term stays allowed,Dining table,Baking sheet,Barbecue utensils,Toaster",0.0,,46.0,105.0,4.92,4.9,4.7,4.9,6949.0,164.0,0.123,0.126,6.4,45.0,19.0,0.0,173.3,0.0,kissimmee,57,615.0,1,0,0,365
1816829,Entire townhouse,entire_home,28.32476,-81.46785,6.0,3,4.0,2.0,1,1,0,0,2.0,"Bathtub,Hair dryer,Shampoo,Conditioner,Body soap,Outdoor shower,Hot water,Shower gel,Washer,Dryer,Essentials,Hangers,Bed linens,Extra pillows and blankets,Room-darkening shades,Iron,Drying rack for clothing,Clothing storage,TV,Exercise equipment,Ping pong table,Pool table,Arcade games,Books and reading material,Pack ’n play/Travel crib,Children’s books and toys,High chair,Children’s dinnerware,Board games,Outdoor playground,Air conditioning,Ceiling fan,Heating,Smoke alarm,Carbon monoxide alarm,Fire extinguisher,Wifi,Dedicated workspace,Kitchen,Refrigerator,Microwave,Cooking basics,Dishes and silverware,Freezer,Dishwasher,Stove,Oven,Hot water kettle,Coffee maker,Wine glasses,Toaster,Baking sheet,Blender,Trash compactor,Dining table,Coffee,Waterfront,Private entrance,Resort access,Patio or balcony,Outdoor furniture,Outdoor dining area,BBQ grill,Sun loungers,Free parking on premises,Free street parking,Pool,Hot tub,Gym,Luggage dropoff allowed,Long term stays allowed,Self check-in,Smart lock",143.0,0.0,65.0,256.0,4.75,4.7,4.9,4.8,9384.0,176.0,0.123,0.123,3.5,45.0,21.8,858.0,158.6,0.044,kissimmee,73,660.0,1,0,0,365
<br />We’re here to help — if anything needs attention or you have a question,Entire home,entire_home,28.30348,-81.46782,9.0,4,6.0,3.0,1,0,0,0,4.0,"Pool view,Bathtub,Hair dryer,Cleaning products,Shampoo,Conditioner,Body soap,Hot water,Shower gel,Washer,Dryer,Essentials,Hangers,Bed linens,Extra pillows and blankets,Iron,Drying rack for clothing,Safe,Clothing storage,TV,Pool table,Books and reading material,Crib,Pack ’n play/Travel crib,Children’s books and toys,High chair,Children’s dinnerware,Outdoor playground,Air conditioning,Ceiling fan,Portable fans,Heating,Smoke alarm,Carbon monoxide alarm,Fire extinguisher,First aid kit,Wifi,Dedicated workspace,Kitchen,Refrigerator,Microwave,Cooking basics,Dishes and silverware,Freezer,Dishwasher,Stove,Oven,Hot water kettle,Coffee maker,Wine glasses,Toaster,Baking sheet,Blender,Trash compactor,Barbecue utensils,Dining table,Coffee,Private entrance,Patio or balcony,Outdoor furniture,Outdoor dining area,BBQ grill,Sun loungers,Free parking on premises,Free street parking,Pool,Hot tub,Single level home,Pets allowed,Luggage dropoff allowed,Long term stays allowed,Self check-in,Keypad,Cleaning before checkout",320.0,0.0,63.0,92.0,4.57,4.6,4.8,4.6,30550.0,329.6,0.195,0.3,6.5,71.0,75.8,3470.0,308.0,0.1,kissimmee,74,1950.1333333333334,1,0,0,365
2097883,Entire townhouse,entire_home,28.3139,-81.4399,6.0,3,4.0,2.0,0,1,0,0,6.0,"Hair dryer,Shampoo,Hot water,Washer,Dryer,Essentials,Hangers,Iron,TV,Crib,Pack ’n play/Travel crib,Children’s dinnerware,Air conditioning,Heating,Smoke alarm,Carbon monoxide alarm,Fire extinguisher,Wifi,Kitchen,Refrigerator,Microwave,Cooking basics,Dishes and silverware,Freezer,Dishwasher,Stove,Oven,Coffee maker,Wine glasses,Toaster,Baking sheet,Dining table,Private entrance,Backyard,Free parking on premises,Free street parking,Pool,Hot tub,Gym,Pets allowed,Long term stays allowed,Self check-in,Lockbox",86.0,0.0,27.0,114.0,4.72,4.8,4.8,4.8,4960.0,122.8,0.101,0.126,9.3,37.0,12.6,642.0,110.8,0.067,kissimmee,43,378.63333333333327,1,0,0,365
2173594,Entire condo,entire_home,28.3376,-81.4861,5.0,2,3.0,1.0,0,0,0,1,3.0,"Garden view,Free parking on premises,Bathtub,Hair dryer,Shampoo,Body soap,Hot water,Washer,Dryer,Essentials,Hangers,Bed linens,Extra pillows and blankets,Iron,Clothing storage,Ethernet connection,TV,Exercise equipment,Mini golf,Crib,Pack ’n play/Travel crib,Children’s books and toys,High chair,Baby bath,Baby safety gates,Babysitter recommendations,Outdoor playground,Air conditioning,Ceiling fan,Heating,Exterior security cameras on property,Smoke alarm,Fire extinguisher,Wifi,Dedicated workspace,Kitchen,Refrigerator,Microwave,Cooking basics,Dishes and silverware,Freezer,Dishwasher,Stove,Oven,Hot water kettle,Coffee maker,Wine glasses,Toaster,Baking sheet,Blender,Dining table,Waterfront,Lake access,Private entrance,Resort access,Backyard,BBQ grill,Sun loungers,Free parking on premises,Free street parking,Pool,Hot tub,Gym,Long term stays allowed,Self check-in,Keypad",87.0,0.0,46.0,113.0,4.88,4.8,5.0,4.9,12692.0,130.5,0.247,0.549,4.7,90.0,31.0,4283.0,135.9,0.311,kissimmee,66,978.75,1,0,0,365
2565982,Entire rental unit,entire_home,28.32916,-81.48605,6.0,1,3.0,1.0,1,0,0,0,3.0,"Hair dryer,Shampoo,Washer,Dryer,Essentials,TV,Air conditioning,Indoor fireplace,Heating,Smoke alarm,Fire extinguisher,First aid kit,Wifi,Kitchen,Free parking on premises,Pool,Hot tub,Elevator,Gym,Doorman,Self check-in,Building staff",99.0,0.0,16.0,23.0,4.7,4.6,4.7,4.6,3562.0,131.9,0.066,0.076,2.7,24.0,8.7,423.0,131.2,0.033,kissimmee,22,263.8,1,0,0,365
<br />We’re here to help — if anything needs attention or you have a question,Entire home,entire_home,28.29987,-81.47015,8.0,4,5.0,3.0,1,0,1,0,3.0,"Pool view,Bathtub,Hair dryer,Cleaning products,Shampoo,Conditioner,Body soap,Hot water,Shower gel,Washer,Dryer,Essentials,Hangers,Bed linens,Extra pillows and blankets,Iron,Safe,Clothing storage,TV,Sound system,Game console,Pool table,Arcade games,Books and reading material,Theme room,Crib,Pack ’n play/Travel crib,Children’s books and toys,High chair,Children’s dinnerware,Board games,Outdoor playground,Air conditioning,Ceiling fan,Heating,Smoke alarm,Carbon monoxide alarm,Fire extinguisher,First aid kit,Wifi,Dedicated workspace,Kitchen,Refrigerator,Microwave,Cooking basics,Dishes and silverware,Freezer,Dishwasher,Stove,Oven,Hot water kettle,Coffee maker,Wine glasses,Toaster,Baking sheet,Blender,Trash compactor,Dining table,Coffee,Private entrance,Patio or balcony,Outdoor furniture,Outdoor dining area,BBQ grill,Sun loungers,Free parking on premises,Free street parking,Pool,Hot tub,Single level home,Pets allowed,Long term stays allowed,Self check-in,Keypad",310.0,0.0,56.0,78.0,4.72,4.7,4.9,4.8,95975.0,314.5,0.734,0.817,6.4,268.0,230.7,18142.0,332.8,0.5,kissimmee,74,7023.833333333333,1,0,0,365
3037977,Entire home,entire_home,28.30014,-81.47302,8.0,4,5.0,3.0,1,0,0,1,5.0,"Hair dryer,Shampoo,Hot water,Washer,Dryer,Essentials,Hangers,Bed linens,Extra pillows and blankets,Iron,TV,Air conditioning,Heating,Exterior security cameras on property,Smoke alarm,Carbon monoxide alarm,Fire extinguisher,Wifi,Kitchen,Refrigerator,Microwave,Cooking basics,Dishes and silverware,Dishwasher,Stove,Oven,Coffee maker,Private entrance,Patio or balcony,Backyard,Free parking on premises,Pool,Gym,Single level home,Long term stays allowed,Self check-in,Lockbox",175.0,0.0,35.0,31.0,4.87,4.9,4.9,4.9,15576.0,214.1,0.181,0.446,4.7,66.0,37.9,3343.0,220.6,0.144,kissimmee,37,1177.55,1,0,0,365
3432378,Entire home,entire_home,28.30323,-81.47313,8.0,4,5.0,2.5,0,0,0,0,5.0,"Bathtub,Hair dryer,Shampoo,Body soap,Hot water,Washer,Dryer,Essentials,Hangers,Bed linens,Extra pillows and blankets,Room-darkening shades,Iron,Ethernet connection,TV,Game console,Exercise equipment,Pool table,Pack ’n play/Travel crib,Children’s books and toys,Children's playroom,Outdoor playground,Air conditioning,Ceiling fan,Heating,Smoke alarm,Carbon monoxide alarm,Fire extinguisher,First aid kit,Wifi,Dedicated workspace,Kitchen,Refrigerator,Microwave,Cooking basics,Dishes and silverware,Dishwasher,Stove,Oven,Hot water kettle,Coffee maker,Wine glasses,Toaster,Baking sheet,Blender,Dining table,Private entrance,Patio or balcony,Backyard,Outdoor furniture,Outdoor dining area,Free parking on premises,Pool,Gym,Luggage dropoff allowed,Long term stays allowed,Self check-in,Keypad,Cleaning before checkout",215.0,0.0,33.0,41.0,4.68,4.8,4.8,4.7,4008.0,175.7,0.055,0.056,6.7,20.0,9.2,0.0,163.3,0.0,kissimmee,59,292.8333333333333,1,0,0,365
3499307,Entire townhouse,entire_home,28.2956,-81.4716,8.0,3,5.0,2.5,1,0,0,1,4.0,"Air conditioning,Bathtub,Hair dryer,Hot water,Washer,Dryer,Essentials,Hangers,Bed linens,Extra pillows and blankets,Room-darkening shades,Iron,Safe,Clothing storage,TV,Game console,Exercise equipment,Ping pong table,Arcade games,Mini golf,Crib,Pack ’n play/Travel crib,Outdoor playground,Air conditioning,Heating,Smoke alarm,Carbon monoxide alarm,Fire extinguisher,Wifi,Kitchen,Refrigerator,Microwave,Cooking basics,Dishes and silverware,Dishwasher,Stove,Oven,Hot water kettle,Coffee maker,Wine glasses,Toaster,Blender,Barbecue utensils,Dining table,Lake access,Private entrance,Resort access,Patio or balcony,Outdoor furniture,Outdoor dining area,BBQ grill,Free parking on premises,Free street parking,Pool,Hot tub,EV charger,Gym,Pets allowed,Long term stays allowed,Self check-in,Keypad,Cleaning before checkout",125.0,0.0,76.0,86.0,4.79,4.8,4.8,4.8,16771.0,139.5,0.299,0.345,7.3,109.0,41.2,2697.0,142.9,0.2,kissimmee,62,1267.125,1,0,0,365
3847405,Entire villa,entire_home,28.3216,-81.4607,13.0,6,9.0,5.0,1,0,0,0,3.0,"TV,Cable TV,Wifi,Air conditioning,Pool,Kitchen,Board games,Free parking on premises,Hot water kettle,Pool table,Doorman,Gym,Resort access,Free street parking,Outdoor furniture,Heating,Coffee,Clothing storage,Wine glasses,Washer,Dryer,Smoke alarm,Carbon monoxide alarm,Fire extinguisher,Essentials,Shampoo,Hangers,Hair dryer,Iron,Dedicated workspace,Self check-in,Outdoor dining area,Smart lock,Freezer,Private entrance,Bathtub,Baby bath,High chair,Children’s books and toys,Blender,Crib,Pack ’n play/Travel crib,Room-darkening shades,Children’s dinnerware,Game console,Hot water,Body soap,Bed linens,Extra pillows and blankets,Microwave,Coffee maker,Refrigerator,Dishwasher,Dishes and silverware,Cooking basics,Oven,Stove,BBQ grill,Shower gel,Patio or balcony,Backyard,Luggage dropoff allowed,Safe,Cleaning before checkout,Children's playroom,Dining table,Outdoor playground,Baking sheet,Barbecue utensils,Sun loungers,Toaster",225.0,0.0,124.0,233.0,4.72,4.8,4.9,4.7,22401.0,298.6,0.197,0.255,5.5,72.0,54.6,2853.0,319.3,0.111,kissimmee,71,1791.6000000000001,1,0,0,365
3900990,Entire townhouse,entire_home,28.31323,-81.44293,8.0,4,6.0,3.5,0,1,0,1,6.0,"Bathtub,Hair dryer,Cleaning products,Shampoo,Conditioner,Body soap,Bidet,Hot water,Shower gel,Washer,Dryer,Essentials,Hangers,Bed linens,Extra pillows and blankets,Iron,TV,Air conditioning,Heating,Smoke alarm,Fire extinguisher,Wifi,Kitchen,Refrigerator,Microwave,Cooking basics,Dishes and silverware,Dishwasher,Stove,Oven,Coffee maker,Lake access,Patio or balcony,Outdoor furniture,BBQ grill,Free parking on premises,Pool,Hot tub,Gym,Self check-in,Smart lock",151.0,0.0,79.0,28.0,4.89,5.0,4.8,4.8,26024.0,152.0,0.425,0.513,8.2,155.0,65.5,3180.0,142.1,0.233,kissimmee,41,1963.3333333333333,1,0,0,365
3907890,Entire home,entire_home,28.28352,-81.33788,6.0,4,7.0,2.5,0,0,0,0,2.0,"Garden view,Pool view,Bathtub,Hair dryer,Shampoo,Conditioner,Body soap,Hot water,Shower gel,Washer,Dryer,Essentials,Hangers,Bed linens,Extra pillows and blankets,Room-darkening shades,Iron,Ethernet connection,TV,Record player,Sound system,Game console,Exercise equipment,Crib,Pack ’n play/Travel crib,Children’s books and toys,High chair,Children’s dinnerware,Baby monitor,Fireplace guards,Baby safety gates,Children's playroom,Outdoor playground,Air conditioning,Indoor fireplace,Ceiling fan,Portable fans,Heating,Smoke alarm,Carbon monoxide alarm,Fire extinguisher,First aid kit,Wifi,Dedicated workspace,Kitchen,Refrigerator,Microwave,Cooking basics,Dishes and silverware,Freezer,Dishwasher,Stove,Oven,Hot water kettle,Coffee maker,Wine glasses,Toaster,Baking sheet,Blender,Barbecue utensils,Dining table,Coffee,Bread maker,Lake access,Private entrance,Resort access,Patio or balcony,Backyard,Fire pit,Outdoor furniture,Outdoor dining area,BBQ grill,Beach essentials,Bikes,Free parking on premises,Pool,Hot tub,Gym,Pets allowed,Luggage dropoff allowed,Smoking allowed,Long term stays allowed,Self check-in,Keypad",175.0,0.0,70.0,205.0,4.8,4.7,4.9,4.8,2872.0,226.7,0.03,0.067,11.0,11.0,7.4,2872.0,245.5,0.122,kissimmee,84,207.8083333333333,1,0,0,365
4355718,Entire townhouse,entire_home,28.297,-81.4673,10.0,4,7.0,3.5,0,1,0,0,1.0,"TV,Cable TV,Wifi,Air conditioning,Lake access,Pool,Kitchen,Free parking on premises,Hot water kettle,Ceiling fan,Gym,Resort access,Conditioner,Free street parking,Laundromat nearby,Outdoor furniture,Cleaning products,Heating,Clothing storage,Wine glasses,Washer,Dryer,Smoke alarm,Carbon monoxide alarm,First aid kit,Fire extinguisher,Essentials,Shampoo,Lock on bedroom door,Hangers,Hair dryer,Iron,Theme room,Self check-in,Outdoor dining area,Smart lock,Freezer,Private entrance,Bathtub,High chair,Baby safety gates,Blender,Babysitter recommendations,Pack ’n play/Travel crib,Room-darkening shades,Children’s dinnerware,Hot water,Bed linens,Extra pillows and blankets,Ethernet connection,Microwave,Coffee maker,Refrigerator,Dishwasher,Dishes and silverware,Cooking basics,Oven,Stove,BBQ grill,Exercise equipment,Shower gel,Patio or balcony,Backyard,Long term stays allowed,Safe,Dining table,Outdoor playground,Baking sheet,Barbecue utensils,Sun loungers,Toaster",160.0,0.0,149.0,532.0,4.73,4.7,4.8,4.8,9234.0,190.9,0.123,0.133,5.0,45.0,21.8,0.0,189.9,0.0,kissimmee,71,715.875,1,0,0,365
4512108,Entire villa,entire_home,28.3196,-81.46135,8.0,4,5.0,3.0,1,0,0,1,5.0,"Bathtub,Hair dryer,Shampoo,Hot water,Washer,Dryer,Essentials,Hangers,Iron,TV,Air conditioning,Heating,Smoke alarm,Carbon monoxide alarm,Fire extinguisher,Wifi,Kitchen,Refrigerator,Dishes and silverware,Coffee maker,Patio or balcony,Backyard,Free parking on premises,Pool,Hot tub,Gym,Long term stays allowed,Self check-in,Keypad",295.0,0.0,34.0,254.0,4.83,4.9,4.9,4.8,46883.0,181.1,0.605,0.699,8.5,221.0,108.2,3770.0,195.1,0.167,kissimmee,29,3335.258333333333,1,0,0,365
4686064,Entire villa,entire_home,28.01258,-81.45953,10.0,5,8.0,3.0,0,0,1,1,3.0,"Garden view,Bathtub,Hair dryer,Shampoo,Conditioner,Hot water,Washer,Dryer,Essentials,Hangers,Bed linens,Extra pillows and blankets,Room-darkening shades,Iron,Drying rack for clothing,Clothing storage,TV,Game console,Exercise equipment,Pool table,Books and reading material,Theme room,Mini golf,Pack ’n play/Travel crib,High chair,Children’s dinnerware,Outdoor playground,Air conditioning,Ceiling fan,Portable fans,Heating,Smoke alarm,Fire extinguisher,First aid kit,Wifi,Kitchen,Refrigerator,Microwave,Cooking basics,Dishes and silverware,Freezer,Dishwasher,Stove,Oven,Hot water kettle,Coffee maker,Wine glasses,Toaster,Baking sheet,Blender,Barbecue utensils,Dining table,Private entrance,Resort access,Patio or balcony,Outdoor furniture,Outdoor dining area,BBQ grill,Bikes,Sun loungers,Free parking on premises,Free street parking,Pool,Hot tub,Sauna,EV charger,Gym,Doorman,Single level home,Long term stays allowed,Self check-in,Keypad,Cleaning before checkout",108.0,0.0,69.0,12.0,4.75,4.8,4.9,4.8,19025.0,281.9,0.186,0.209,5.2,68.0,49.5,445.0,322.8,0.011,kissimmee,73,1597.4333333333332,1,0,0,365
4736497,Entire townhouse,entire_home,28.29196,-81.4691,6.0,3,4.0,2.5,1,0,0,0,4.0,"Bathtub,Hair dryer,Hot water,Washer,Dryer,Essentials,Hangers,Bed linens,Extra pillows and blankets,Iron,TV,Pack ’n play/Travel crib,Air conditioning,Heating,Smoke alarm,Fire extinguisher,First aid kit,Wifi,Kitchen,Refrigerator,Microwave,Cooking basics,Dishes and silverware,Dishwasher,Stove,Oven,Coffee maker,Patio or balcony,Backyard,Free parking on premises,Pool,Gym,Long term stays allowed,Self check-in,Keypad",387.0,0.0,18.0,164.0,4.76,4.7,4.9,4.8,16802.0,146.3,0.31,0.592,16.1,113.0,46.0,2995.0,171.4,0.189,kissimmee,35,1377.6583333333335,1,0,0,365
5051339,Entire home,entire_home,28.3443,-81.4891,8.0,3,4.0,2.5,0,1,0,0,4.0,"Garden view,Bathtub,Hair dryer,Shampoo,Hot water,Washer,Dryer,Essentials,Hangers,Room-darkening shades,Iron,TV,Exercise equipment,Crib,Pack ’n play/Travel crib,Baby bath,Children’s dinnerware,Children's playroom,Outdoor playground,Air conditioning,Heating,Smoke alarm,Carbon monoxide alarm,Fire extinguisher,First aid kit,Wifi,Kitchen,Refrigerator,Microwave,Cooking basics,Dishes and silverware,Dishwasher,Stove,Oven,Coffee maker,Lake access,Resort access,Patio or balcony,Backyard,Outdoor furniture,Hammock,Outdoor dining area,BBQ grill,Free parking on premises,Pool,Gym,Luggage dropoff allowed,Long term stays allowed,Self check-in,Smart lock",318.0,0.0,29.0,102.0,4.8,4.8,4.9,4.8,16048.0,204.4,0.156,0.218,5.2,57.0,34.4,4763.0,234.3,0.178,kissimmee,50,970.9000000000001,1,0,0,365
5315967,Entire villa,entire_home,28.28784,-81.46541,9.0,4,8.0,3.0,0,0,0,0,4.0,"Bathtub,Hair dryer,Body soap,Hot water,Washer,Dryer,Essentials,Hangers,Bed linens,Extra pillows and blankets,Room-darkening shades,Iron,Clothing storage,TV,Sound system,Game console,Books and reading material,Pack ’n play/Travel crib,Children’s books and toys,Air conditioning,Ceiling fan,Portable fans,Heating,Smoke alarm,Wifi,Kitchen,Refrigerator,Microwave,Cooking basics,Dishes and silverware,Freezer,Dishwasher,Stove,Oven,Hot water kettle,Coffee maker,Toaster,Blender,Private entrance,Outdoor furniture,Sun loungers,Free parking on premises,Free street parking,Pool,Self check-in,Lockbox",120.0,0.0,35.0,45.0,4.56,4.4,4.9,4.7,13561.0,148.4,0.233,0.373,6.5,85.0,34.5,2177.0,157.8,0.156,kissimmee,46,1051.1666666666667,1,0,0,365
5385913,Entire condo,entire_home,28.33716,-81.4869,4.0,1,1.0,1.0,1,0,0,1,2.0,"Hair dryer,Hot water,Washer,Dryer,Essentials,Hangers,Bed linens,Extra pillows and blankets,Room-darkening shades,Iron,Clothing storage,TV,Mini golf,Pack ’n play/Travel crib,Air conditioning,Ceiling fan,Heating,Smoke alarm,Fire extinguisher,Wifi,Kitchen,Refrigerator,Microwave,Cooking basics,Dishes and silverware,Freezer,Dishwasher,Stove,Oven,Hot water kettle,Coffee maker,Wine glasses,Toaster,Baking sheet,Blender,Dining table,Bread maker,Patio or balcony,Outdoor furniture,Outdoor dining area,Free parking on premises,Pool,Hot tub,Gym,Single level home,Long term stays allowed,Self check-in,Keypad",90.0,0.0,30.0,154.0,4.83,4.8,4.9,4.9,24223.0,116.7,0.529,0.601,8.8,193.0,61.4,4603.0,124.4,0.378,kissimmee,48,1876.9250000000002,1,0,0,365
5394508,Entire home,entire_home,28.31427,-81.4429,6.0,4,4.0,3.0,1,0,0,1,6.0,"Hot water,Washer,Dryer,Essentials,TV,Air conditioning,Heating,Smoke alarm,Fire extinguisher,Wifi,Kitchen,Refrigerator,Microwave,Cooking basics,Dishes and silverware,Dishwasher,Stove,Oven,Coffee maker,Outdoor dining area,BBQ grill,Free parking on premises,Pool,Hot tub,Gym,Self check-in,Keypad",143.0,0.0,5.0,68.0,4.76,4.7,4.9,4.9,7143.0,137.8,0.123,0.216,7.5,45.0,17.2,0.0,127.1,0.0,kissimmee,27,516.7500000000001,1,0,0,365
5430664,Entire villa,entire_home,28.2922,-81.45763,6.0,3,4.0,2.0,1,1,0,1,5.0,"Garden view,Free parking on premises,Pool view,Bathtub,Hair dryer,Cleaning products,Hot water,Washer,Dryer,Essentials,Hangers,Bed linens,Extra pillows and blankets,Room-darkening shades,Iron,Safe,Mosquito net,Clothing storage,TV,Books and reading material,Pack ’n play/Travel crib,Children’s books and toys,High chair,Board games,Air conditioning,Ceiling fan,Heating,Smoke alarm,Carbon monoxide alarm,Fire extinguisher,Wifi,Kitchen,Refrigerator,Microwave,Cooking basics,Dishes and silverware,Freezer,Dishwasher,Stove,Oven,Hot water kettle,Coffee maker,Wine glasses,Toaster,Baking sheet,Blender,Dining table,Waterfront,Patio or balcony,Backyard,Outdoor furniture,Outdoor dining area,Sun loungers,Free parking on premises,Free street parking,Pool,Single level home,Long term stays allowed,Self check-in,Keypad",116.0,0.0,5.0,161.0,4.79,4.7,4.9,4.9,29099.0,135.2,0.512,0.82,5.5,187.0,69.9,9394.0,139.3,0.644,kissimmee,60,2106.8666666666663,1,0,0,365
5581578,Entire guest suite,entire_home,28.23013,-81.48487,2.0,1,2.0,1.0,1,1,0,0,1.0,"Pool view,Bathtub,Hair dryer,Shampoo,Conditioner,Body soap,Hot water,Shower gel,Essentials,Hangers,Bed linens,Extra pillows and blankets,Room-darkening shades,Iron,Clothing storage,TV,Climbing wall,Books and reading material,Theme room,Mini golf,Pack ’n play/Travel crib,Air conditioning,Ceiling fan,Portable fans,Heating,Exterior security cameras on property,Smoke alarm,Carbon monoxide alarm,Fire extinguisher,Wifi,Microwave,Cooking basics,Dishes and silverware,Mini fridge,Freezer,Coffee maker,Wine glasses,Toaster,Barbecue utensils,Dining table,Coffee,Private entrance,Patio or balcony,Backyard,Fire pit,Outdoor furniture,Hammock,Outdoor dining area,BBQ grill,Beach essentials,Sun loungers,Free parking on premises,Free street parking,Pool,Single level home,Smoking allowed,Self check-in,Lockbox",45.0,0.0,61.0,679.0,4.85,4.8,4.8,4.9,14566.0,69.3,0.499,0.599,3.1,182.0,34.6,317.0,72.2,0.044,kissimmee,58,1051.05,1,0,0,365
5619904,Entire villa,entire_home,28.32696,-81.58807,6.0,2,3.0,2.0,1,0,0,1,3.0,"Bathtub,Hair dryer,Cleaning products,Hot water,Washer,Dryer,Essentials,Hangers,Bed linens,Iron,Safe,Clothing storage,TV,Exercise equipment,Pool table,Arcade games,High chair,Children’s dinnerware,Outlet covers,Baby safety gates,Outdoor playground,Air conditioning,Heating,Exterior security cameras on property,Smoke alarm,Carbon monoxide alarm,Fire extinguisher,First aid kit,Wifi,Kitchen,Refrigerator,Microwave,Cooking basics,Dishes and silverware,Dishwasher,Stove,Oven,Hot water kettle,Coffee maker,Wine glasses,Toaster,Baking sheet,Blender,Trash compactor,Dining table,Coffee,Private entrance,Laundromat nearby,Resort access,Patio or balcony,Free parking on premises,Free street parking,Pool,Gym,Long term stays allowed,Self check-in,Smart lock",160.0,0.0,80.0,84.0,4.92,4.9,5.0,4.9,41729.0,150.3,0.688,0.823,10.5,251.0,103.8,12412.0,160.4,0.778,kissimmee,57,3143.775,1,0,0,365
5807641,Entire home,entire_home,28.27426,-81.46975,12.0,6,7.0,5.5,0,0,0,0,7.0,"Outdoor shower,Hot water,Washer,Dryer,Essentials,Hangers,Bed linens,Iron,TV,Crib,Pack ’n play/Travel crib,Air conditioning,Ceiling fan,Heating,Smoke alarm,Fire extinguisher,Wifi,Dedicated workspace,Kitchen,Refrigerator,Microwave,Cooking basics,Dishes and silverware,Dishwasher,Stove,Oven,Hot water kettle,Coffee maker,Wine glasses,Barbecue utensils,Dining table,Lake access,Patio or balcony,BBQ grill,Free parking on premises,Free street parking,Pool,Hot tub,Long term stays allowed,Self check-in,Lockbox",175.0,0.0,24.0,3.0,4.33,4.7,5.0,5.0,4926.0,251.4,0.049,0.078,4.5,18.0,12.1,0.0,253.7,0.0,kissimmee,41,377.09999999999997,1,0,0,365
5900089,Entire townhouse,entire_home,28.33511,-81.48508,6.0,2,4.0,2.0,1,0,0,1,3.0,"Bathtub,Hair dryer,Cleaning products,Body soap,Hot water,Washer,Dryer,Essentials,Hangers,Bed linens,Extra pillows and blankets,Room-darkening shades,Iron,Drying rack for clothing,Mosquito net,Clothing storage,Ethernet connection,TV,Exercise equipment,Ping pong table,Pool table,Pack ’n play/Travel crib,Children’s books and toys,High chair,Children’s dinnerware,Board games,Baby safety gates,Air conditioning,Ceiling fan,Portable fans,Heating,Exterior security cameras on property,Smoke alarm,Fire extinguisher,Wifi,Kitchen,Refrigerator,Microwave,Cooking basics,Dishes and silverware,Freezer,Dishwasher,Stove,Oven,Hot water kettle,Coffee maker,Wine glasses,Toaster,Baking sheet,Blender,Trash compactor,Dining table,Private entrance,Resort access,Patio or balcony,Backyard,Fire pit,Outdoor furniture,Outdoor dining area,BBQ grill,Free parking on premises,Free street parking,Pool,Hot tub,Sauna,Gym,Luggage dropoff allowed,Long term stays allowed,Self check-in,Keypad,Cleaning before checkout",135.0,0.0,38.0,281.0,4.82,4.7,4.9,4.8,35705.0,166.8,0.518,0.554,4.7,189.0,84.5,4028.0,178.0,0.222,kissimmee,71,2627.1,1,0,0,365
6146531,Entire condo,entire_home,28.32801,-81.48859,6.0,3,4.0,2.0,0,0,0,0,3.0,"Bathtub,Hair dryer,Shampoo,Body soap,Hot water,Shower gel,Washer,Dryer,Essentials,Hangers,Bed linens,Iron,TV,Exercise equipment,Pack ’n play/Travel crib,Air conditioning,Ceiling fan,Heating,Smoke alarm,Carbon monoxide alarm,Fire extinguisher,Wifi,Kitchen,Refrigerator,Microwave,Cooking basics,Dishes and silverware,Freezer,Dishwasher,Stove,Oven,Coffee maker,Toaster,Blender,Dining table,Resort access,BBQ grill,Free parking on premises,Free street parking,Pool,Hot tub,Gym,Single level home,Long term stays allowed,Self check-in,Keypad",120.0,0.0,27.0,273.0,4.69,4.6,4.8,4.8,38525.0,142.1,0.636,0.643,4.7,232.0,91.4,8412.0,133.0,0.578,kissimmee,46,2747.2666666666664,1,0,0,365
6261326,Entire rental unit,entire_home,28.33014,-81.49229,8.0,4,6.0,2.0,0,0,0,0,3.0,"Washer,Dryer,Essentials,TV,Air conditioning,Heating,Smoke alarm,Carbon monoxide alarm,Fire extinguisher,First aid kit,Wifi,Kitchen,Free parking on premises,Pool,Hot tub,Elevator,Gym",100.0,0.0,15.0,134.0,4.7,4.7,4.9,4.8,1613.0,131.9,0.03,0.043,1.6,11.0,3.9,596.0,122.0,0.044,kissimmee,17,120.90833333333335,1,0,0,365
6360059,Entire villa,entire_home,28.27414,-81.46746,10.0,5,7.0,3.5,0,0,0,0,4.0,"Free parking on premises,Bathtub,Hair dryer,Shampoo,Body soap,Outdoor shower,Hot water,Washer,Dryer,Essentials,Hangers,Room-darkening shades,Iron,TV,Air conditioning,Ceiling fan,Heating,Smoke alarm,Carbon monoxide alarm,Fire extinguisher,First aid kit,Wifi,Dedicated workspace,Kitchen,Refrigerator,Microwave,Cooking basics,Dishes and silverware,Freezer,Dishwasher,Stove,Oven,Hot water kettle,Coffee maker,Wine glasses,Toaster,Baking sheet,Dining table,Waterfront,Lake access,Private entrance,Patio or balcony,Backyard,Outdoor furniture,Outdoor dining area,Free parking on premises,Pool,Hot tub,Long term stays allowed,Self check-in,Keypad",205.0,0.0,41.0,1.0,4.79,,,,3587.0,323.8,0.027,0.032,3.3,10.0,9.3,3278.0,345.0,0.1,kissimmee,51,269.8333333333333,1,0,0,365
6363356,Entire townhouse,entire_home,28.33604,-81.49795,8.0,3,4.0,2.0,0,0,0,0,2.0,"Bathtub,Hair dryer,Hot water,Washer,Dryer,Essentials,Hangers,Bed linens,Extra pillows and blankets,Room-darkening shades,Iron,Mosquito net,TV,Books and reading material,Crib,Children’s dinnerware,Air conditioning,Ceiling fan,Heating,Exterior security cameras on property,Smoke alarm,Fire extinguisher,Wifi,Dedicated workspace,Kitchen,Refrigerator,Microwave,Cooking basics,Dishes and silverware,Dishwasher,Stove,Oven,Hot water kettle,Coffee maker,Wine glasses,Toaster,Baking sheet,Blender,Dining table,Private entrance,BBQ grill,Beach essentials,Free parking on premises,Pool,Hot tub,EV charger,Gym,Luggage dropoff allowed,Long term stays allowed,Self check-in,Keypad",125.0,0.0,26.0,78.0,4.77,4.7,4.9,4.8,4117.0,185.4,0.063,0.103,5.8,23.0,9.9,0.0,239.7,0.0,kissimmee,51,355.34999999999997,1,0,0,365
6466345,Entire townhouse,entire_home,28.32511,-81.46651,8.0,4,5.0,3.0,1,0,0,1,3.0,"Bathtub,Hair dryer,Shampoo,Conditioner,Body soap,Hot water,Shower gel,Washer,Dryer,Hangers,Bed linens,Extra pillows and blankets,Room-darkening shades,Iron,Drying rack for clothing,Clothing storage,TV,Ping pong table,Pool table,Pack ’n play/Travel crib,Children’s books and toys,Children’s dinnerware,Baby safety gates,Outdoor playground,Air conditioning,Ceiling fan,Heating,Smoke alarm,Wifi,Dedicated workspace,Kitchen,Refrigerator,Microwave,Cooking basics,Dishes and silverware,Freezer,Dishwasher,Stove,Oven,Coffee maker,Wine glasses,Toaster,Lake access,Resort access,Patio or balcony,Backyard,BBQ grill,Free parking on premises,Free street parking,Pool,Hot tub,Gym,Long term stays allowed,Self check-in,Lockbox",150.0,0.0,34.0,132.0,4.85,4.9,4.9,4.9,3036.0,158.6,0.047,0.051,5.7,17.0,7.1,1766.0,164.2,0.1,kissimmee,55,224.6833333333333,1,0,0,365
6629005,Entire townhouse,entire_home,28.3355,-81.4857,6.0,2,3.0,2.0,0,1,0,0,3.0,"TV,Cable TV,Ping pong table,Wifi,Air conditioning,Pool,Kitchen,Free parking on premises,Hot water kettle,Ceiling fan,Gym,Resort access,Conditioner,Free street parking,Laundromat nearby,Outdoor furniture,Hot tub,Cleaning products,Heating,Clothing storage,Wine glasses,Washer,Dryer,Smoke alarm,Carbon monoxide alarm,First aid kit,Fire extinguisher,Essentials,Shampoo,Lock on bedroom door,Hangers,Hair dryer,Iron,Theme room,Self check-in,Outdoor dining area,Smart lock,Freezer,Batting cage,Private living room,Private entrance,Bathtub,High chair,Baby safety gates,Blender,Babysitter recommendations,Pack ’n play/Travel crib,Room-darkening shades,Children’s dinnerware,Hot water,Mosquito net,Bed linens,Extra pillows and blankets,Ethernet connection,Microwave,Coffee maker,Refrigerator,Fire pit,Dishwasher,Dishes and silverware,Cooking basics,Oven,Stove,EV charger,BBQ grill,Exercise equipment,Shower gel,Patio or balcony,Backyard,Luggage dropoff allowed,Dining table,Outdoor playground,Baking sheet,Barbecue utensils,Arcade games,Sun loungers,Toaster",130.0,0.0,69.0,533.0,4.8,4.8,4.9,4.8,12115.0,179.4,0.184,0.187,3.9,67.0,27.8,0.0,188.7,0.0,kissimmee,77,1001.6500000000001,1,0,0,365
6673970,Entire home,entire_home,28.28612,-81.46705,6.0,3,4.0,2.0,1,0,0,1,5.0,"Hair dryer,Shampoo,Hot water,Washer,Dryer,Essentials,Hangers,Bed linens,Iron,Clothing storage,TV,Air conditioning,Heating,Smoke alarm,Carbon monoxide alarm,Fire extinguisher,Wifi,Kitchen,Refrigerator,Microwave,Cooking basics,Dishes and silverware,Dishwasher,Stove,Oven,Coffee maker,Wine glasses,Toaster,Baking sheet,Blender,Barbecue utensils,Patio or balcony,Backyard,Sun loungers,Free parking on premises,Pool,Single level home,Self check-in,Smart lock",0.0,0.0,44.0,314.0,4.8,4.8,4.8,4.9,30488.0,133.2,0.647,0.726,8.7,236.0,83.5,5513.0,164.2,0.389,kissimmee,39,2619.6,1,0,0,365
6711443,Entire home,entire_home,28.33848,-81.48815,10.0,4,6.0,3.5,1,0,0,1,3.0,"Free parking on premises,Bathtub,Hair dryer,Hot water,Washer,Dryer,Essentials,Hangers,Bed linens,Iron,Clothing storage,Ethernet connection,TV,Crib,Pack ’n play/Travel crib,Air conditioning,Ceiling fan,Heating,Exterior security cameras on property,Smoke alarm,Carbon monoxide alarm,Fire extinguisher,Wifi,Kitchen,Refrigerator,Microwave,Dishes and silverware,Freezer,Dishwasher,Stove,Oven,Coffee maker,Wine glasses,Toaster,Baking sheet,Blender,Dining table,Lake access,BBQ grill,Free parking on premises,Pool,Long term stays allowed,Self check-in,Keypad",180.0,0.0,5.0,136.0,4.83,4.7,5.0,4.9,32802.0,193.3,0.4,0.564,7.0,146.0,79.5,10982.0,185.4,0.522,kissimmee,44,2351.816666666667,1,0,0,365
6748986,Entire rental unit,entire_home,28.32971,-81.49267,5.0,2,4.0,2.0,1,0,0,1,4.0,"Free parking on premises,Pool view,Hair dryer,Shampoo,Hot water,Washer,Dryer,Essentials,Hangers,TV,Exercise equipment,Crib,Air conditioning,Heating,Smoke alarm,First aid kit,Wifi,Dedicated workspace,Kitchen,Refrigerator,Microwave,Cooking basics,Dishes and silverware,Dishwasher,Stove,Oven,Coffee maker,Resort access,Patio or balcony,Backyard,Outdoor furniture,Free parking on premises,Free street parking,Pool,Elevator,Gym,Long term stays allowed,Self check-in,Keypad",90.0,0.0,57.0,173.0,4.9,4.9,4.9,4.9,21435.0,120.8,0.438,0.44,5.7,160.0,52.8,4938.0,130.1,0.367,kissimmee,39,1610.6666666666667,1,0,0,365
6955985,Entire townhouse,entire_home,28.33973,-81.48902,7.0,3,3.0,3.5,0,0,0,0,3.0,"Hair dryer,Shampoo,Hot water,Washer,Dryer,Essentials,Hangers,Iron,TV,Air conditioning,Heating,Smoke alarm,Carbon monoxide alarm,Wifi,Kitchen,Refrigerator,Microwave,Cooking basics,Dishes and silverware,Dishwasher,Stove,Oven,Coffee maker,Patio or balcony,Backyard,Free parking on premises,Pool",100.0,0.0,5.0,79.0,4.87,4.8,4.9,4.9,12223.0,188.1,0.162,0.217,7.4,59.0,31.6,2457.0,205.5,0.133,kissimmee,27,924.8249999999999,1,0,0,365
7253817,Entire villa,entire_home,28.26595,-81.58285,16.0,6,11.0,4.0,0,0,1,0,4.0,"Hair dryer,Washer,Dryer,Essentials,Hangers,Iron,TV,Pool table,Air conditioning,Heating,Smoke alarm,Fire extinguisher,Wifi,Kitchen,Refrigerator,Microwave,Dishes and silverware,Dishwasher,Stove,Oven,Coffee maker,Toaster,Free parking on premises,Pool,Hot tub,Self check-in,Keypad",492.0,0.0,5.0,4.0,4.0,3.2,4.2,3.8,18466.0,525.6,0.074,0.127,3.4,27.0,41.2,1364.0,417.9,0.022,kissimmee,27,1182.6000000000001,1,0,0,365
7378890,Entire home,entire_home,28.27553,-81.46581,12.0,6,10.0,4.0,1,1,0,1,5.0,"Hair dryer,Shampoo,Hot water,Washer,Dryer,Essentials,Hangers,Bed linens,Extra pillows and blankets,Iron,TV,Air conditioning,Heating,Smoke alarm,Carbon monoxide alarm,Fire extinguisher,Wifi,Dedicated workspace,Kitchen,Refrigerator,Microwave,Cooking basics,Dishes and silverware,Dishwasher,Stove,Oven,Coffee maker,Private entrance,Patio or balcony,Backyard,Free parking on premises,Pool,Hot tub,Long term stays allowed,Self check-in,Lockbox",225.0,0.0,34.0,59.0,4.81,4.8,4.9,4.8,32878.0,208.2,0.37,0.482,6.4,135.0,79.0,12287.0,228.2,0.5,kissimmee,36,2342.25,1,0,0,365
7402820,Entire condo,entire_home,28.328,-81.5875,4.0,2,3.0,2.0,0,0,0,0,5.0,"Stove,TV,Washer,Cable TV,Dryer,Smoke alarm,Wifi,Air conditioning,Pool,Fire extinguisher,Kitchen,Free parking on premises,Self check-in,Keypad,Microwave,Coffee maker,Dishwasher,Heating,Cooking basics,Oven",100.0,0.0,32.0,19.0,4.53,4.2,5.0,4.6,7180.0,143.6,0.121,0.142,4.9,44.0,17.2,1573.0,151.8,0.1,kissimmee,20,526.5333333333333,1,0,0,365
7697779,Entire home,entire_home,28.30193,-81.47179,9.0,4,6.0,3.0,1,1,0,1,3.0,"Hair dryer,Shampoo,Hot water,Washer,Dryer,Essentials,Hangers,Bed linens,Extra pillows and blankets,Iron,TV,Crib,Pack ’n play/Travel crib,Children’s books and toys,High chair,Air conditioning,Heating,Smoke alarm,Fire extinguisher,First aid kit,Wifi,Dedicated workspace,Kitchen,Refrigerator,Microwave,Cooking basics,Dishes and silverware,Dishwasher,Stove,Oven,Coffee maker,Resort access,Patio or balcony,Backyard,Outdoor furniture,BBQ grill,Free parking on premises,Pool,Hot tub,Gym,Single level home,Pets allowed,Long term stays allowed,Self check-in,Keypad",189.0,0.0,56.0,117.0,4.85,4.8,4.9,4.9,44477.0,189.1,0.537,0.781,4.4,196.0,101.7,15926.0,192.6,0.744,kissimmee,45,3088.633333333333,1,0,0,365
7732748,Entire townhouse,entire_home,28.3398,-81.4752,12.0,4,7.0,3.0,1,1,0,1,2.0,"Bathtub,Hair dryer,Cleaning products,Shampoo,Conditioner,Body soap,Hot water,Shower gel,Washer,Dryer,Essentials,Hangers,Bed linens,Extra pillows and blankets,Room-darkening shades,Iron,Clothing storage,Ethernet connection,TV,Exercise equipment,Ping pong table,Pool table,Mini golf,Crib,Pack ’n play/Travel crib,High chair,Children’s dinnerware,Outlet covers,Baby safety gates,Table corner guards,Outdoor playground,Air conditioning,Ceiling fan,Heating,Smoke alarm,Carbon monoxide alarm,Fire extinguisher,First aid kit,Wifi,Dedicated workspace,Kitchen,Refrigerator,Microwave,Cooking basics,Dishes and silverware,Freezer,Dishwasher,Stove,Oven,Hot water kettle,Coffee maker,Wine glasses,Toaster,Baking sheet,Blender,Barbecue utensils,Dining table,Coffee,Waterfront,Private entrance,Laundromat nearby,Resort access,Patio or balcony,Backyard,Outdoor furniture,Hammock,Outdoor dining area,BBQ grill,Kayak,Sun loungers,Free parking on premises,Pool,Hot tub,Gym,Luggage dropoff allowed,Long term stays allowed,Self check-in,Smart lock,Cleaning before checkout",185.0,0.0,69.0,491.0,4.85,4.7,4.9,4.9,77819.0,236.0,0.8,0.8,5.8,292.0,190.9,21240.0,214.0,0.956,kissimmee,79,5742.666666666667,1,0,0,365
7900668,Entire townhouse,entire_home,28.3384,-81.4883,11.0,4,10.0,3.5,0,1,0,0,2.0,"Free parking on premises,Bathtub,Hair dryer,Hot water,Washer,Dryer,Essentials,Hangers,Bed linens,Extra pillows and blankets,Room-darkening shades,Iron,Drying rack for clothing,Safe,Mosquito net,Clothing storage,Ethernet connection,TV,Sound system,Ping pong table,High chair,Children’s dinnerware,Window guards,Baby safety gates,Children's playroom,Outdoor playground,Air conditioning,Ceiling fan,Heating,Smoke alarm,Carbon monoxide alarm,Fire extinguisher,First aid kit,Wifi,Kitchen,Refrigerator,Microwave,Cooking basics,Dishes and silverware,Freezer,Dishwasher,Stove,Oven,Hot water kettle,Coffee maker,Wine glasses,Toaster,Baking sheet,Barbecue utensils,Dining table,Lake access,Private entrance,Laundromat nearby,Patio or balcony,Backyard,Outdoor furniture,BBQ grill,Bikes,Free parking on premises,Free street parking,Pool,Hot tub,Pets allowed,Long term stays allowed,Self check-in,Keypad,Cleaning before checkout",251.0,0.0,34.0,239.0,4.49,4.4,4.8,4.6,11193.0,221.6,0.121,0.201,11.0,44.0,27.9,6519.0,246.1,0.278,kissimmee,67,812.5333333333333,1,0,0,365
7988368,Entire villa,entire_home,28.29286,-81.47351,12.0,6,8.0,5.0,0,0,1,0,2.0,"Hair dryer,Washer,Dryer,Essentials,Hangers,Bed linens,Extra pillows and blankets,Iron,TV,Exercise equipment,Pool table,Crib,Pack ’n play/Travel crib,High chair,Air conditioning,Ceiling fan,Heating,Smoke alarm,Fire extinguisher,Wifi,Dedicated workspace,Kitchen,Refrigerator,Microwave,Cooking basics,Dishes and silverware,Freezer,Dishwasher,Stove,Oven,Hot water kettle,Coffee maker,Wine glasses,Toaster,Dining table,Waterfront,Patio or balcony,Free parking on premises,Free street parking,Pool,Hot tub,EV charger,Gym,Single level home,Pets allowed,Self check-in,Smart lock",190.0,0.0,42.0,44.0,4.27,4.3,4.9,4.3,42067.0,319.1,0.334,0.407,6.4,122.0,105.9,6856.0,396.4,0.211,kissimmee,47,3244.183333333334,1,0,0,365
8016493,Entire home,entire_home,28.27236,-81.46706,10.0,5,7.0,4.0,0,1,1,0,2.0,"Hair dryer,Hot water,Washer,Dryer,Essentials,Hangers,Bed linens,Extra pillows and blankets,Iron,TV,Air conditioning,Ceiling fan,Heating,Smoke alarm,Fire extinguisher,Wifi,Dedicated workspace,Kitchen,Refrigerator,Microwave,Cooking basics,Dishes and silverware,Freezer,Dishwasher,Stove,Oven,Hot water kettle,Coffee maker,Wine glasses,Toaster,Dining table,Waterfront,Patio or balcony,Free parking on premises,Pool,Pets allowed,Self check-in,Smart lock",180.0,0.0,5.0,50.0,4.64,4.7,4.9,4.6,19354.0,252.7,0.162,0.25,3.9,59.0,46.1,7954.0,299.3,0.222,kissimmee,38,1242.4416666666666,1,0,0,365
8028861,Entire townhouse,entire_home,28.2979,-81.4668,8.0,3,4.0,2.5,1,0,0,0,4.0,"Bathtub,Hair dryer,Hot water,Washer,Dryer,Essentials,Hangers,Bed linens,Extra pillows and blankets,Iron,Clothing storage,TV,Crib,Pack ’n play/Travel crib,Window guards,Outdoor playground,Air conditioning,Portable fans,Heating,Smoke alarm,Carbon monoxide alarm,Fire extinguisher,Wifi,Kitchen,Refrigerator,Microwave,Dishes and silverware,Mini fridge,Freezer,Dishwasher,Stove,Oven,Coffee maker,Wine glasses,Toaster,Baking sheet,Blender,Dining table,Lake access,Resort access,Patio or balcony,Backyard,Outdoor furniture,Free parking on premises,Free street parking,Pool,Gym,Self check-in,Lockbox",130.0,0.0,74.0,48.0,4.85,4.6,4.9,4.8,2812.0,142.8,0.047,0.089,3.4,17.0,7.0,1593.0,147.2,0.111,kissimmee,49,202.30000000000004,1,0,0,365
8294464,Entire home,entire_home,28.28308,-81.46954,8.0,3,5.0,2.0,0,1,1,0,8.0,"TV,Cable TV,Wifi,Waterfront,Air conditioning,Pool,Kitchen,Free parking on premises,Room-darkening shades,Hot water kettle,Ceiling fan,Pets allowed,Hot water,Bed linens,Extra pillows and blankets,Free street parking,Outdoor furniture,Microwave,Coffee maker,Refrigerator,Dishwasher,Dishes and silverware,Heating,Cooking basics,Oven,Stove,Wine glasses,Washer,Dryer,Single level home,Smoke alarm,Patio or balcony,Fire extinguisher,Essentials,Hangers,Dining table,Hair dryer,Iron,Dedicated workspace,Self check-in,Smart lock,Freezer,Toaster",140.0,0.0,30.0,108.0,4.58,4.7,4.8,4.8,8345.0,934.0,0.121,0.129,8.8,44.0,20.9,0.0,1407.4,0.0,kissimmee,43,3424.6666666666665,1,0,0,365
8317828,Entire home,entire_home,28.2788,-81.589,8.0,3,4.0,2.5,0,0,1,0,3.0,"Hair dryer,Shampoo,Washer,Dryer,Essentials,Hangers,Iron,TV,Air conditioning,Heating,Smoke alarm,Fire extinguisher,First aid kit,Wifi,Dedicated workspace,Kitchen,Refrigerator,Microwave,Dishes and silverware,Dishwasher,Stove,Oven,Coffee maker,Toaster,Private entrance,Free parking on premises,Free street parking,Pool,Gym,Self check-in,Keypad",250.0,0.0,12.0,11.0,4.64,4.7,4.6,4.6,19382.0,137.6,0.279,0.295,7.3,102.0,43.5,403.0,122.2,0.033,kissimmee,31,1169.6,1,0,0,365
8350984,Entire home,entire_home,28.28069,-81.47139,8.0,4,6.0,2.0,0,0,0,1,7.0,"Free parking on premises,Bathtub,Hair dryer,Hot water,Washer,Dryer,Essentials,Hangers,Bed linens,Extra pillows and blankets,Iron,Drying rack for clothing,Clothing storage,TV,Sound system,Books and reading material,Pack ’n play/Travel crib,Children’s books and toys,High chair,Children’s dinnerware,Board games,Air conditioning,Ceiling fan,Heating,Exterior security cameras on property,Smoke alarm,Fire extinguisher,Wifi,Dedicated workspace,Kitchen,Refrigerator,Microwave,Cooking basics,Dishes and silverware,Dishwasher,Stove,Oven,Hot water kettle,Coffee maker,Wine glasses,Toaster,Baking sheet,Blender,Barbecue utensils,Dining table,Patio or balcony,Backyard,Outdoor furniture,Outdoor dining area,BBQ grill,Sun loungers,Free parking on premises,Pool,Single level home,Long term stays allowed,Self check-in,Keypad",151.0,0.0,34.0,57.0,4.79,4.8,4.7,4.8,6709.0,179.2,0.088,0.302,4.0,32.0,15.5,3457.0,178.6,0.178,kissimmee,57,477.8666666666666,1,0,0,365
8460386,Entire home,entire_home,28.2948,-81.47212,6.0,3,4.0,2.5,1,0,1,1,3.0,"Bathtub,Hair dryer,Shampoo,Conditioner,Hot water,Shower gel,Washer,Dryer,Hangers,Bed linens,Extra pillows and blankets,Iron,Drying rack for clothing,Clothing storage,TV,Books and reading material,Pack ’n play/Travel crib,Baby safety gates,Air conditioning,Ceiling fan,Heating,Exterior security cameras on property,Smoke alarm,Carbon monoxide alarm,Fire extinguisher,First aid kit,Wifi,Kitchen,Refrigerator,Microwave,Cooking basics,Dishes and silverware,Freezer,Dishwasher,Stove,Oven,Coffee maker,Wine glasses,Toaster,Blender,Dining table,Waterfront,Private entrance,Resort access,Patio or balcony,Outdoor furniture,Free parking on premises,Pool,Sauna,EV charger,Gym,Luggage dropoff allowed,Long term stays allowed,Self check-in,Lockbox",151.0,0.0,14.0,12.0,4.92,5.0,5.0,5.0,34000.0,147.1,0.573,0.601,6.7,209.0,85.7,10413.0,143.4,0.722,kissimmee,55,2561.9916666666663,1,0,0,365
8474251,Entire condo,entire_home,28.32685,-81.48937,6.0,3,4.0,2.0,1,0,0,0,3.0,"TV,Wifi,Air conditioning,Pool,Kitchen,Board games,Free parking on premises,Hot water kettle,Portable fans,Ceiling fan,Gym,Outdoor furniture,Hot tub,Cleaning products,Heating,Clothing storage,Wine glasses,Washer,Dryer,Smoke alarm,Fire extinguisher,Essentials,Hangers,Hair dryer,Self check-in,Outdoor dining area,Freezer,Keypad,Private entrance,Bathtub,Blender,Crib,Pack ’n play/Travel crib,Room-darkening shades,Children’s dinnerware,Hot water,Body soap,Bed linens,Microwave,Coffee maker,Refrigerator,Dishwasher,Dishes and silverware,Cooking basics,Oven,Sauna,Stove,Single level home,BBQ grill,Exercise equipment,Shower gel,Dining table,Baking sheet,Toaster",0.0,,43.0,201.0,4.79,4.7,4.8,4.8,3332.0,110.8,0.071,0.075,8.7,26.0,9.1,0.0,101.4,0.0,kissimmee,54,240.06666666666663,1,0,0,365
8577258,Entire townhouse,entire_home,28.33749,-81.49909,10.0,4,6.0,3.0,1,1,0,1,2.0,"Bathtub,Hair dryer,Cleaning products,Shampoo,Conditioner,Body soap,Hot water,Washer,Dryer,Essentials,Hangers,Bed linens,Extra pillows and blankets,Room-darkening shades,Iron,Clothing storage,TV,Crib,High chair,Air conditioning,Heating,Exterior security cameras on property,Smoke alarm,Fire extinguisher,Wifi,Kitchen,Refrigerator,Microwave,Cooking basics,Dishes and silverware,Freezer,Dishwasher,Stove,Oven,Hot water kettle,Coffee maker,Wine glasses,Toaster,Baking sheet,Blender,Dining table,Lake access,Private entrance,Resort access,Patio or balcony,Backyard,BBQ grill,Free parking on premises,Free street parking,Pool,Hot tub,Gym,Doorman,Long term stays allowed,Self check-in,Smart lock",201.0,0.0,97.0,75.0,4.79,4.7,4.9,4.8,5473.0,195.4,0.058,0.065,5.3,21.0,13.3,0.0,155.5,0.0,kissimmee,56,341.95000000000005,1,0,0,365
8578705,Entire townhouse,entire_home,28.336,-81.49821,8.0,3,4.0,2.0,1,1,0,1,2.0,"Bathtub,Hair dryer,Cleaning products,Shampoo,Conditioner,Body soap,Hot water,Washer,Dryer,Essentials,Hangers,Bed linens,Extra pillows and blankets,Room-darkening shades,Iron,Clothing storage,TV,Crib,Pack ’n play/Travel crib,High chair,Air conditioning,Heating,Exterior security cameras on property,Smoke alarm,Fire extinguisher,Wifi,Kitchen,Refrigerator,Microwave,Cooking basics,Dishes and silverware,Freezer,Dishwasher,Stove,Oven,Hot water kettle,Coffee maker,Wine glasses,Toaster,Baking sheet,Blender,Dining table,Lake access,Private entrance,Resort access,Patio or balcony,Backyard,Free parking on premises,Free street parking,Pool,Hot tub,Gym,Doorman,Long term stays allowed,Self check-in,Smart lock",191.0,0.0,86.0,65.0,4.82,4.8,5.0,4.8,12327.0,191.2,0.145,0.161,7.6,53.0,30.1,0.0,132.1,0.0,kissimmee,56,844.4666666666666,1,0,0,365
8608361,Entire townhouse,entire_home,28.3364,-81.4864,6.0,2,3.0,2.0,0,1,0,0,3.0,"TV,Cable TV,Ping pong table,Wifi,Air conditioning,Pool,Kitchen,Free parking on premises,Hot water kettle,Pool table,Ceiling fan,Gym,Resort access,Free street parking,Laundromat nearby,Outdoor furniture,Hot tub,Cleaning products,Heating,Clothing storage,Wine glasses,Washer,Dryer,Smoke alarm,Carbon monoxide alarm,First aid kit,Fire extinguisher,Essentials,Shampoo,Lock on bedroom door,Hangers,Hair dryer,Iron,Theme room,Self check-in,Outdoor dining area,Smart lock,Freezer,Batting cage,Private living room,Private entrance,Bathtub,High chair,Baby safety gates,Blender,Babysitter recommendations,Pack ’n play/Travel crib,Room-darkening shades,Children’s dinnerware,Hot water,Body soap,Mosquito net,Bed linens,Extra pillows and blankets,Ethernet connection,Microwave,Coffee maker,Refrigerator,Fire pit,Dishwasher,Dishes and silverware,Cooking basics,Oven,Stove,EV charger,BBQ grill,Exercise equipment,Shower gel,Patio or balcony,Backyard,Luggage dropoff allowed,Dining table,Outdoor playground,Baking sheet,Arcade games,Sun loungers,Toaster",150.0,0.0,72.0,479.0,4.71,4.7,4.9,4.7,14189.0,180.4,0.192,0.201,3.3,70.0,31.1,0.0,177.6,0.0,kissimmee,77,1052.3333333333333,1,0,0,365
8823676,Entire townhouse,entire_home,28.3371,-81.4963,8.0,3,4.0,2.0,1,0,1,0,3.0,"Bathtub,Hair dryer,Shampoo,Hot water,Shower gel,Washer,Dryer,Essentials,Hangers,Iron,Clothing storage,Ethernet connection,TV,Pack ’n play/Travel crib,High chair,Air conditioning,Ceiling fan,Heating,Smoke alarm,Fire extinguisher,Wifi,Dedicated workspace,Kitchen,Refrigerator,Microwave,Cooking basics,Dishes and silverware,Dishwasher,Stove,Oven,Coffee maker,Wine glasses,Toaster,Dining table,Coffee,Lake access,BBQ grill,Free parking on premises,Free street parking,Pool,Hot tub,EV charger,Self check-in,Smart lock",160.0,0.0,45.0,116.0,4.91,4.8,5.0,4.9,21020.0,179.1,0.271,0.396,9.0,99.0,53.2,1440.0,175.2,0.089,kissimmee,44,1477.5749999999998,1,0,0,365
8838293,Entire condo,entire_home,28.34313,-81.47349,5.0,2,4.0,2.0,1,0,0,0,1.0,"Hair dryer,Shampoo,Conditioner,Body soap,Hot water,Shower gel,Washer,Dryer,Essentials,Hangers,Bed linens,Extra pillows and blankets,Room-darkening shades,Iron,Clothing storage,TV,Exercise equipment,Crib,Pack ’n play/Travel crib,High chair,Air conditioning,Heating,Exterior security cameras on property,Smoke alarm,Carbon monoxide alarm,Fire extinguisher,First aid kit,Wifi,Dedicated workspace,Kitchen,Refrigerator,Microwave,Cooking basics,Dishes and silverware,Freezer,Dishwasher,Stove,Oven,Hot water kettle,Coffee maker,Wine glasses,Toaster,Baking sheet,Blender,Dining table,Coffee,Resort access,Patio or balcony,Outdoor furniture,Hammock,Free parking on premises,Free street parking,Pool,Hot tub,Elevator,Gym,Long term stays allowed,Self check-in,Keypad",125.0,0.0,73.0,103.0,4.85,4.9,5.0,4.8,58745.0,197.6,0.71,0.73,3.9,259.0,140.4,10114.0,202.5,0.489,kissimmee,59,4264.866666666667,1,0,0,365
8916914,Entire home,entire_home,28.29905,-81.4677,8.0,4,4.0,3.5,0,0,0,0,5.0,"Bathtub,Hair dryer,Hot water,Washer,Dryer,Essentials,Hangers,Bed linens,Extra pillows and blankets,Iron,Clothing storage,TV,Exercise equipment,Pack ’n play/Travel crib,Air conditioning,Ceiling fan,Heating,Exterior security cameras on property,Smoke alarm,Fire extinguisher,Wifi,Dedicated workspace,Kitchen,Refrigerator,Microwave,Cooking basics,Dishes and silverware,Dishwasher,Stove,Oven,Coffee maker,Wine glasses,Toaster,Baking sheet,Blender,Dining table,Coffee,Lake access,Private entrance,Patio or balcony,Backyard,Free parking on premises,Pool,Gym,Self check-in,Keypad",110.0,0.0,32.0,23.0,4.52,4.4,4.8,4.7,9668.0,134.7,0.173,0.178,5.7,63.0,23.5,918.0,133.0,0.067,kissimmee,46,707.1749999999998,1,0,0,365
9033247,Entire villa,entire_home,28.27297,-81.47125,14.0,6,21.0,6.0,0,0,0,0,7.0,"Bathtub,Hair dryer,Cleaning products,Outdoor shower,Hot water,Washer,Dryer,Essentials,Hangers,Bed linens,Extra pillows and blankets,Room-darkening shades,Iron,Drying rack for clothing,Mosquito net,Clothing storage,Ethernet connection,TV,Game console,Pool table,Theme room,Pack ’n play/Travel crib,Children’s books and toys,High chair,Children’s dinnerware,Outlet covers,Board games,Baby safety gates,Table corner guards,Air conditioning,Ceiling fan,Portable fans,Heating,Smoke alarm,Carbon monoxide alarm,Fire extinguisher,First aid kit,Wifi,Kitchen,Refrigerator,Microwave,Cooking basics,Dishes and silverware,Freezer,Dishwasher,Stove,Oven,Hot water kettle,Coffee maker,Wine glasses,Toaster,Blender,Barbecue utensils,Dining table,Waterfront,Private entrance,Patio or balcony,Backyard,Outdoor furniture,Outdoor dining area,BBQ grill,Sun loungers,Free parking on premises,Free street parking,Pool,Hot tub,Long term stays allowed,Self check-in,Lockbox",129.0,0.0,40.0,1.0,4.79,,,,14768.0,361.6,0.107,0.161,4.3,39.0,37.3,8758.0,342.9,0.267,kissimmee,69,1175.2,1,0,0,365
9272571,Entire townhouse,entire_home,28.3367,-81.4968,8.0,3,4.0,2.0,1,0,0,1,2.0,"Bathtub,Hair dryer,Cleaning products,Shampoo,Body soap,Hot water,Washer,Dryer,Essentials,Hangers,Bed linens,Extra pillows and blankets,Room-darkening shades,Iron,Drying rack for clothing,TV,Air conditioning,Heating,Smoke alarm,Carbon monoxide alarm,Fire extinguisher,First aid kit,Wifi,Kitchen,Refrigerator,Microwave,Cooking basics,Dishes and silverware,Dishwasher,Stove,Oven,Coffee maker,Wine glasses,Toaster,Blender,Trash compactor,Dining table,Resort access,Free parking on premises,Free street parking,Pool,Hot tub,EV charger,Gym,Self check-in,Keypad",100.0,0.0,19.0,329.0,4.87,4.9,5.0,4.8,28087.0,163.8,0.403,0.425,3.7,147.0,66.5,5736.0,158.0,0.356,kissimmee,46,2006.5500000000002,1,0,0,365
9339603,Entire home,entire_home,28.30167,-81.47165,9.0,4,6.0,3.0,1,1,0,0,3.0,"Hair dryer,Shampoo,Hot water,Washer,Dryer,Essentials,Hangers,Iron,TV,Crib,Pack ’n play/Travel crib,Children’s books and toys,High chair,Air conditioning,Heating,Smoke alarm,Fire extinguisher,First aid kit,Wifi,Kitchen,Refrigerator,Microwave,Cooking basics,Dishes and silverware,Stove,Oven,Coffee maker,Resort access,Patio or balcony,Outdoor furniture,Outdoor dining area,BBQ grill,Free parking on premises,Pool,Gym,Pets allowed,Long term stays allowed,Self check-in,Keypad",155.0,0.0,58.0,25.0,4.84,4.8,5.0,4.9,4469.0,181.4,0.06,0.222,5.5,22.0,10.5,3426.0,173.0,0.189,kissimmee,39,332.56666666666666,1,0,0,365
9454113,Entire villa,entire_home,28.2965,-81.4658,8.0,4,6.0,3.0,0,0,0,1,4.0,"Hair dryer,Shampoo,Hot water,Washer,Dryer,Essentials,Hangers,Iron,TV,Air conditioning,Heating,Wifi,Kitchen,Refrigerator,Microwave,Cooking basics,Dishes and silverware,Dishwasher,Stove,Oven,Coffee maker,Patio or balcony,Free parking on premises,Pool,Gym,Doorman",52.0,0.0,16.0,34.0,4.74,4.7,4.9,4.9,9552.0,157.1,0.159,0.246,8.3,58.0,25.5,3932.0,162.1,0.256,kissimmee,26,759.3166666666666,1,0,0,365
9494269,Entire home,entire_home,28.2945,-81.4729,10.0,4,5.0,2.0,1,1,0,1,4.0,"Bathtub,Hair dryer,Cleaning products,Hot water,Washer,Dryer,Essentials,Hangers,Bed linens,Iron,Mosquito net,Clothing storage,Ethernet connection,TV,Game console,Pool table,Crib,High chair,Air conditioning,Ceiling fan,Heating,Exterior security cameras on property,Smoke alarm,Fire extinguisher,Wifi,Kitchen,Refrigerator,Microwave,Cooking basics,Dishes and silverware,Freezer,Dishwasher,Stove,Oven,Hot water kettle,Coffee maker,Wine glasses,Toaster,Baking sheet,Trash compactor,Barbecue utensils,Dining table,Patio or balcony,Backyard,Outdoor furniture,Outdoor dining area,BBQ grill,Free parking on premises,Pool,Hot tub,Sauna,Gym,Single level home,Long term stays allowed,Self check-in,Keypad",125.0,0.0,45.0,90.0,4.82,4.9,4.9,4.9,31807.0,204.9,0.356,0.38,6.2,130.0,80.6,9790.0,212.7,0.444,kissimmee,56,2219.75,1,0,0,365
9529136,Entire townhouse,entire_home,28.33674,-81.58516,8.0,4,6.0,4.5,1,0,0,1,3.0,"Bathtub,Hair dryer,Cleaning products,Shampoo,Conditioner,Body soap,Hot water,Shower gel,Washer,Dryer,Essentials,Hangers,Bed linens,Extra pillows and blankets,Iron,Safe,Clothing storage,TV,Crib,Pack ’n play/Travel crib,High chair,Air conditioning,Indoor fireplace,Heating,Exterior security cameras on property,Smoke alarm,Carbon monoxide alarm,Fire extinguisher,Wifi,Dedicated workspace,Kitchen,Refrigerator,Microwave,Cooking basics,Dishes and silverware,Freezer,Dishwasher,Stove,Oven,Hot water kettle,Coffee maker,Wine glasses,Toaster,Baking sheet,Blender,Trash compactor,Barbecue utensils,Dining table,Coffee,Private entrance,Resort access,Patio or balcony,Backyard,Outdoor furniture,Outdoor dining area,BBQ grill,Free parking on premises,Free street parking,Pool,Hot tub,Gym,Self check-in,Keypad,Cleaning before checkout",240.0,0.0,31.0,71.0,4.97,5.0,4.9,5.0,60697.0,256.1,0.553,0.62,5.6,202.0,147.9,5526.0,229.6,0.222,kissimmee,64,4311.016666666667,1,0,0,365
9646434,Entire home,entire_home,28.27817,-81.4672,6.0,3,4.0,2.0,0,0,0,0,4.0,"Hair dryer,Hot water,Washer,Dryer,Essentials,Hangers,Bed linens,Extra pillows and blankets,Iron,TV,Air conditioning,Heating,Smoke alarm,Fire extinguisher,First aid kit,Wifi,Kitchen,Cooking basics,Coffee maker,Private entrance,Free parking on premises,Pool,Long term stays allowed,Self check-in,Lockbox",121.0,0.0,19.0,79.0,4.54,4.7,4.9,4.7,4935.0,142.7,0.088,0.092,8.0,32.0,12.2,1041.0,154.6,0.067,kissimmee,25,380.5333333333333,1,0,0,365
9752848,Entire home,entire_home,28.3226,-81.461,6.0,4,6.0,3.0,1,0,0,1,4.0,"Bathtub,Hair dryer,Shampoo,Body soap,Outdoor shower,Hot water,Washer,Dryer,Essentials,Hangers,Bed linens,Extra pillows and blankets,Room-darkening shades,Iron,Drying rack for clothing,Safe,Clothing storage,TV,Sound system,Game console,Books and reading material,Baby bath,Air conditioning,Heating,Exterior security cameras on property,Smoke alarm,Carbon monoxide alarm,Wifi,Dedicated workspace,Kitchen,Refrigerator,Microwave,Cooking basics,Dishes and silverware,Freezer,Dishwasher,Stove,Oven,Hot water kettle,Coffee maker,Wine glasses,Toaster,Baking sheet,Blender,Barbecue utensils,Dining table,Lake access,Laundromat nearby,Resort access,Patio or balcony,Backyard,Outdoor furniture,Outdoor dining area,BBQ grill,Sun loungers,Free parking on premises,Pool,Hot tub,Gym,Single level home,Self check-in,Keypad",210.0,0.0,58.0,181.0,4.9,4.9,4.9,4.9,47859.0,202.8,0.584,0.807,6.1,213.0,117.3,9202.0,245.1,0.367,kissimmee,62,3599.7000000000003,1,0,0,365
9853746,Entire condo,entire_home,28.3125,-81.4459,6.0,2,2.0,2.0,0,0,0,1,5.0,"Shampoo,Hot water,Washer,Dryer,Essentials,Hangers,TV,Crib,Air conditioning,Heating,Smoke alarm,Carbon monoxide alarm,Fire extinguisher,Wifi,Kitchen,Refrigerator,Microwave,Cooking basics,Dishes and silverware,Dishwasher,Stove,Oven,Coffee maker,Resort access,Free parking on premises,Free street parking,Pool,Hot tub,Gym,Self check-in,Lockbox",117.0,0.0,37.0,230.0,4.74,4.7,4.8,4.8,21946.0,96.5,0.518,0.519,5.9,189.0,50.2,6315.0,97.7,0.6,kissimmee,31,1519.875,1,0,0,365
9859984,Entire home,entire_home,28.31492,-81.48301,10.0,5,7.0,4.5,0,0,0,0,4.0,"Hair dryer,Hot water,Washer,Dryer,Essentials,Hangers,Bed linens,Extra pillows and blankets,Iron,Ethernet connection,TV,Babysitter recommendations,Air conditioning,Heating,Smoke alarm,Fire extinguisher,First aid kit,Wifi,Pocket wifi,Kitchen,Refrigerator,Microwave,Cooking basics,Dishes and silverware,Dishwasher,Stove,Oven,Coffee maker,Lake access,Patio or balcony,Free parking on premises,Pool,Self check-in,Keypad",120.0,0.0,29.0,116.0,4.55,4.4,4.9,4.7,41490.0,155.5,0.649,0.679,4.2,237.0,102.5,10424.0,172.1,0.611,kissimmee,34,3071.125,1,0,0,365
9877959,Entire home,entire_home,28.28922,-81.4677,10.0,4,7.0,3.0,1,0,0,0,3.0,"Bathtub,Hair dryer,Hot water,Washer,Dryer,Essentials,Hangers,Bed linens,Extra pillows and blankets,Iron,Safe,TV,Crib,High chair,Window guards,Baby safety gates,Outdoor playground,Air conditioning,Ceiling fan,Heating,Smoke alarm,Carbon monoxide alarm,Fire extinguisher,First aid kit,Wifi,Dedicated workspace,Kitchen,Refrigerator,Microwave,Dishes and silverware,Freezer,Dishwasher,Stove,Oven,Hot water kettle,Coffee maker,Wine glasses,Toaster,Baking sheet,Blender,Barbecue utensils,Dining table,Private entrance,Laundromat nearby,Resort access,Patio or balcony,Backyard,Outdoor furniture,Outdoor dining area,BBQ grill,Free parking on premises,Free street parking,Pool,Hot tub,Sauna,Gym,Single level home,Pets allowed,Long term stays allowed,Self check-in,Keypad",220.0,0.0,18.0,219.0,4.57,4.5,4.8,4.7,37734.0,230.4,0.381,0.433,7.0,139.0,92.5,2832.0,192.4,0.122,kissimmee,61,2668.8,1,0,0,365
16545,Entire rental unit,entire_home,25.68379,-80.39851,5.0,2,4.0,2.5,0,0,0,0,2.0,"Bathtub,Hair dryer,Shampoo,Conditioner,Hot water,Washer,Dryer,Essentials,Hangers,Bed linens,Iron,TV,Crib,Pack ’n play/Travel crib,Air conditioning,Portable fans,Smoke alarm,Carbon monoxide alarm,Fire extinguisher,First aid kit,Wifi,Kitchen,Refrigerator,Microwave,Cooking basics,Dishes and silverware,Freezer,Dishwasher,Stove,Oven,Hot water kettle,Coffee maker,Toaster,Baking sheet,Blender,Trash compactor,Dining table,Free parking on premises,Pool,Long term stays allowed,Self check-in,Lockbox",150.0,0.0,5.0,132.0,4.6,4.7,4.8,4.6,38404.0,191.7,0.496,0.496,5.8,181.0,94.5,8281.0,181.0,0.456,miami,42,2891.475,1,0,0,365
222181,Entire home,entire_home,25.84454,-80.18748,5.0,2,3.0,2.0,0,0,0,1,5.0,"Bathtub,Hair dryer,Cleaning products,Shampoo,Conditioner,Body soap,Hot water,Washer,Dryer,Essentials,Hangers,Bed linens,Iron,Drying rack for clothing,Clothing storage,TV,Record player,Books and reading material,Children’s books and toys,Board games,Air conditioning,Ceiling fan,Heating,Exterior security cameras on property,Smoke alarm,First aid kit,Wifi,Kitchen,Refrigerator,Cooking basics,Dishes and silverware,Freezer,Dishwasher,Stove,Oven,Coffee maker,Wine glasses,Toaster,Dining table,Patio or balcony,Outdoor furniture,Outdoor dining area,BBQ grill,Free parking on premises,Free street parking,Pool,Single level home,Self check-in,Keypad",150.0,0.0,27.0,35.0,4.86,4.7,4.8,4.7,30373.0,307.4,0.26,0.286,7.3,95.0,79.1,2073.0,339.9,0.056,miami,49,2433.583333333333,1,0,0,365
281500,Entire rental unit,entire_home,25.7772,-80.1901,4.0,2,4.0,2.0,0,0,0,0,11.0,"Bathtub,Hair dryer,Shampoo,Hot water,Washer,Dryer,Essentials,Hangers,Bed linens,Extra pillows and blankets,Iron,TV,High chair,Air conditioning,Heating,Smoke alarm,Carbon monoxide alarm,Wifi,Dedicated workspace,Kitchen,Refrigerator,Microwave,Cooking basics,Dishes and silverware,Freezer,Dishwasher,Coffee maker,Dining table,Free parking on premises,Pool,Hot tub,Elevator,Gym,Host greets you",101.0,50.0,84.0,42.0,4.61,4.4,4.8,4.5,8621.0,368.2,0.058,0.138,7.0,21.0,22.8,0.0,307.8,0.0,miami,34,644.35,1,0,0,365
346667,Entire rental unit,entire_home,25.76003,-80.22217,4.0,2,3.0,1.0,1,0,0,1,3.0,"Hair dryer,Shampoo,Conditioner,Body soap,Hot water,Shower gel,Washer,Dryer,Essentials,Hangers,Bed linens,Extra pillows and blankets,Room-darkening shades,Iron,Drying rack for clothing,TV,Books and reading material,Pack ’n play/Travel crib,Children’s dinnerware,Air conditioning,Ceiling fan,Heating,Smoke alarm,Carbon monoxide alarm,Fire extinguisher,Wifi,Dedicated workspace,Kitchen,Refrigerator,Microwave,Cooking basics,Dishes and silverware,Stove,Oven,Hot water kettle,Coffee maker,Wine glasses,Toaster,Blender,Dining table,Private entrance,Laundromat nearby,Backyard,Outdoor furniture,BBQ grill,Free parking on premises,Free street parking,Long term stays allowed,Self check-in,Lockbox",283.0,0.0,39.0,191.0,4.92,4.9,4.8,4.8,28003.0,185.1,0.34,0.471,6.2,124.0,62.8,771.0,201.3,0.033,miami,50,1912.6999999999998,1,0,0,365
688025,Entire bungalow,entire_home,25.7138,-80.3735,4.0,2,3.0,1.0,0,0,0,0,29.0,"Hair dryer,Body soap,Hot water,Washer,Dryer,Essentials,Hangers,Bed linens,Extra pillows and blankets,Room-darkening shades,Iron,Drying rack for clothing,Safe,Clothing storage,TV,Books and reading material,Pack ’n play/Travel crib,Children’s dinnerware,Window guards,Outlet covers,Air conditioning,Exterior security cameras on property,Smoke alarm,Carbon monoxide alarm,Fire extinguisher,First aid kit,Wifi,Dedicated workspace,Kitchen,Refrigerator,Microwave,Cooking basics,Dishes and silverware,Freezer,Dishwasher,Stove,Oven,Hot water kettle,Coffee maker,Wine glasses,Toaster,Baking sheet,Blender,Dining table,Private entrance,Patio or balcony,Backyard,Free parking on premises,Free street parking,Single level home,Pets allowed,Luggage dropoff allowed,Long term stays allowed,Self check-in,Smart lock",250.0,,150.0,123.0,4.45,4.6,4.4,4.5,13051.0,123.9,0.293,0.554,17.8,107.0,35.8,817.0,122.6,0.078,miami,55,1104.775,1,0,0,365
864229,Entire guesthouse,entire_home,25.76926,-80.27015,2.0,1,1.0,1.0,0,0,0,1,2.0,"Garden view,Hair dryer,Shampoo,Conditioner,Body soap,Hot water,Shower gel,Essentials,Hangers,Bed linens,Extra pillows and blankets,Room-darkening shades,Iron,Drying rack for clothing,Clothing storage,TV,Window guards,Air conditioning,Ceiling fan,Heating,Smoke alarm,Carbon monoxide alarm,Fire extinguisher,Wifi,Kitchen,Refrigerator,Microwave,Dishes and silverware,Mini fridge,Hot water kettle,Coffee maker,Toaster,Trash compactor,Dining table,Coffee,Private entrance,Laundromat nearby,Patio or balcony,Backyard,Fire pit,Outdoor furniture,Hammock,Outdoor dining area,Beach essentials,Free parking on premises,Single level home,Luggage dropoff allowed,Long term stays allowed,Cleaning before checkout,Host greets you",75.0,15.0,19.0,228.0,4.94,5.0,4.9,4.9,7933.0,96.8,0.2,0.208,4.3,73.0,18.9,956.0,107.9,0.078,miami,50,588.8666666666667,1,0,0,365
1269917,Entire guest suite,entire_home,25.7149,-80.3747,4.0,2,2.0,1.0,0,0,0,0,30.0,"Hair dryer,Cleaning products,Shampoo,Hot water,Washer,Dryer,Essentials,Hangers,Bed linens,Extra pillows and blankets,Room-darkening shades,Iron,Drying rack for clothing,Safe,Clothing storage,TV,Books and reading material,Board games,Air conditioning,Air conditioning,Air conditioning,Ceiling fan,Exterior security cameras on property,Smoke alarm,Carbon monoxide alarm,Fire extinguisher,First aid kit,Wifi,Dedicated workspace,Refrigerator,Microwave,Dishes and silverware,Freezer,Stove,Hot water kettle,Coffee maker,Wine glasses,Dining table,Private entrance,Laundromat nearby,Backyard,Free parking on premises,Free street parking,Single level home,Pets allowed,Long term stays allowed,Self check-in,Keypad",3280.0,,5.0,76.0,4.45,4.8,4.7,4.5,4238.0,91.0,0.126,0.202,11.5,46.0,11.6,0.0,97.8,0.0,miami,48,348.8333333333333,1,0,0,365
1670790,Entire home,entire_home,25.7494,-80.2187,7.0,3,3.0,3.5,1,0,0,1,6.0,"Pool view,Bathtub,Hair dryer,Cleaning products,Shampoo,Body soap,Outdoor shower,Hot water,Shower gel,Washer,Dryer,Essentials,Hangers,Bed linens,Extra pillows and blankets,Room-darkening shades,Iron,Ethernet connection,TV,Crib,Babysitter recommendations,Air conditioning,Ceiling fan,Heating,Smoke alarm,Carbon monoxide alarm,Fire extinguisher,First aid kit,Wifi,Dedicated workspace,Kitchen,Refrigerator,Microwave,Cooking basics,Dishes and silverware,Freezer,Dishwasher,Stove,Oven,Hot water kettle,Coffee maker,Toaster,Blender,Rice maker,Dining table,Patio or balcony,Backyard,Outdoor furniture,Hammock,Outdoor dining area,BBQ grill,Free parking on premises,Free street parking,Pool,Luggage dropoff allowed,Long term stays allowed,Self check-in,Lockbox",175.0,0.0,24.0,108.0,4.89,4.8,4.9,4.8,35017.0,382.7,0.252,0.532,11.5,92.0,92.6,918.0,422.5,0.022,miami,58,2934.0333333333333,1,0,0,365
1871315,Tiny home,entire_home,25.84601,-80.1949,2.0,1,1.0,0.0,1,0,0,0,2.0,"Shampoo,Body soap,Washer,Dryer,Essentials,Bed linens,Extra pillows and blankets,Air conditioning,Ceiling fan,Smoke alarm,Wifi,Kitchen,Refrigerator,Cooking basics,Dishes and silverware,Coffee maker,Toaster,Coffee,Patio or balcony,Backyard,Fire pit,Free parking on premises,Free street parking",30.0,0.0,31.0,231.0,4.8,4.6,4.5,4.8,4835.0,87.7,0.148,0.178,3.8,54.0,12.7,1210.0,90.1,0.133,miami,23,394.65000000000003,1,0,0,365
2248778,Entire rental unit,entire_home,25.76507,-80.26899,2.0,1,2.0,1.0,1,0,0,1,1.0,"Garden view,Hair dryer,Shampoo,Conditioner,Body soap,Hot water,Shower gel,Washer,Dryer,Essentials,Hangers,Bed linens,Extra pillows and blankets,Room-darkening shades,Iron,Drying rack for clothing,Clothing storage,TV,Air conditioning,Portable fans,Heating,Exterior security cameras on property,Smoke alarm,Carbon monoxide alarm,Fire extinguisher,First aid kit,Wifi,Dedicated workspace,Kitchen,Refrigerator,Microwave,Cooking basics,Dishes and silverware,Stove,Coffee maker,Wine glasses,Toaster,Blender,Dining table,Coffee,Private entrance,Laundromat nearby,Backyard,Outdoor furniture,Outdoor dining area,Free parking on premises,Single level home,Luggage dropoff allowed,Long term stays allowed,Self check-in,Keypad",50.0,0.0,34.0,396.0,4.96,5.0,4.9,4.9,32821.0,113.3,0.71,0.875,2.9,259.0,81.7,1736.0,109.0,0.144,miami,51,2445.391666666667,1,0,0,365
2266879,Entire condo,entire_home,25.78954,-80.18918,4.0,1,3.0,1.5,0,0,0,0,29.0,"Bathtub,Hot water,Washer,Dryer,Essentials,Hangers,Iron,TV,Air conditioning,Heating,Smoke alarm,Wifi,Dedicated workspace,Kitchen,Refrigerator,Microwave,Cooking basics,Dishes and silverware,Dishwasher,Stove,Oven,Coffee maker,Waterfront,Patio or balcony,Pool,Hot tub,Elevator,Gym,Single level home,Long term stays allowed",0.0,,102.0,45.0,4.31,4.3,4.8,4.4,15205.0,137.1,0.307,0.566,22.4,112.0,41.7,180.0,164.7,0.011,miami,30,1279.6,1,0,0,365
2269201,Entire rental unit,entire_home,25.73487,-80.30202,1.0,1,1.0,1.0,0,0,0,0,30.0,"Bathtub,Hair dryer,Cleaning products,Shampoo,Body soap,Hot water,Shower gel,Essentials,Hangers,Bed linens,Extra pillows and blankets,Iron,Ethernet connection,TV,Air conditioning,Ceiling fan,Heating,Smoke alarm,Fire extinguisher,First aid kit,Wifi,Dedicated workspace,Kitchen,Refrigerator,Microwave,Cooking basics,Dishes and silverware,Freezer,Stove,Oven,Hot water kettle,Coffee maker,Wine glasses,Toaster,Baking sheet,Rice maker,Dining table,Private entrance,Laundromat nearby,Patio or balcony,Backyard,Outdoor furniture,Free parking on premises,Single level home,Pets allowed,Luggage dropoff allowed,Long term stays allowed",0.0,,9.0,22.0,4.73,4.7,4.8,4.5,914.0,81.5,0.036,0.05,13.0,13.0,2.5,0.0,91.6,0.0,miami,47,88.29166666666667,1,0,0,365
2274498,Entire cottage,entire_home,25.7239,-80.2503,2.0,1,1.0,1.0,1,0,0,1,1.0,"Garden view,Air conditioning,Bathtub,Hair dryer,Cleaning products,Shampoo,Conditioner,Body soap,Hot water,Shower gel,Washer,Dryer,Essentials,Hangers,Bed linens,Extra pillows and blankets,Room-darkening shades,Iron,Drying rack for clothing,Safe,Clothing storage,Ethernet connection,TV,Sound system,Exercise equipment,Books and reading material,Pack ’n play/Travel crib,Children’s books and toys,Children’s dinnerware,Table corner guards,Babysitter recommendations,Air conditioning,Portable fans,Heating,Exterior security cameras on property,Smoke alarm,Carbon monoxide alarm,Fire extinguisher,First aid kit,Wifi,Dedicated workspace,Kitchen,Refrigerator,Microwave,Cooking basics,Dishes and silverware,Freezer,Stove,Oven,Hot water kettle,Coffee maker,Wine glasses,Toaster,Baking sheet,Blender,Rice maker,Barbecue utensils,Dining table,Coffee,Beach access,Private entrance,Laundromat nearby,Patio or balcony,Backyard,Fire pit,Outdoor furniture,Hammock,Outdoor dining area,BBQ grill,Beach essentials,Free parking on premises,Free street parking,EV charger,Paid parking off premises,Paid parking on premises,Single level home,Pets allowed,Long term stays allowed,Self check-in,Keypad",75.0,0.0,58.0,400.0,4.9,5.0,4.9,4.8,62773.0,277.2,0.575,0.612,3.4,210.0,162.7,8063.0,273.4,0.311,miami,80,4851.0,1,0,0,365
2456272,Entire home,entire_home,25.73533,-80.23332,6.0,3,4.0,2.0,0,0,0,1,3.0,"Hair dryer,Cleaning products,Shampoo,Conditioner,Body soap,Hot water,Shower gel,Washer,Dryer,Essentials,Hangers,Bed linens,Extra pillows and blankets,Room-darkening shades,Iron,Drying rack for clothing,Clothing storage,Ethernet connection,TV,Books and reading material,Pack ’n play/Travel crib,Children’s books and toys,High chair,Children’s dinnerware,Air conditioning,Ceiling fan,Heating,Smoke alarm,Carbon monoxide alarm,Fire extinguisher,First aid kit,Wifi,Dedicated workspace,Kitchen,Refrigerator,Microwave,Cooking basics,Dishes and silverware,Freezer,Dishwasher,Stove,Oven,Hot water kettle,Coffee maker,Wine glasses,Toaster,Baking sheet,Blender,Barbecue utensils,Dining table,Coffee,Private entrance,Patio or balcony,Backyard,Outdoor furniture,Hammock,Outdoor dining area,BBQ grill,Free parking on premises,Free street parking,Luggage dropoff allowed,Long term stays allowed,Self check-in,Lockbox,Cleaning before checkout,Host greets you",130.0,0.0,33.0,57.0,4.82,4.9,4.8,4.6,81664.0,697.5,0.315,0.355,7.7,115.0,219.5,5215.0,719.5,0.078,miami,66,6684.375,1,0,0,365
2642984,Entire rental unit,entire_home,25.72816,-80.24637,4.0,1,2.0,2.0,1,0,0,0,1.0,"Hair dryer,Shampoo,Hot water,Washer,Dryer,Essentials,Hangers,Iron,TV,Crib,Air conditioning,Indoor fireplace,Heating,Smoke alarm,Carbon monoxide alarm,Fire extinguisher,Wifi,Dedicated workspace,Kitchen,Refrigerator,Microwave,Cooking basics,Dishes and silverware,Dishwasher,Stove,Oven,Coffee maker,Patio or balcony,Free parking on premises,Free street parking,Pool,Elevator,Pets allowed,Luggage dropoff allowed,Long term stays allowed,Self check-in,Lockbox",160.0,0.0,5.0,91.0,4.81,4.7,4.8,4.7,38189.0,369.5,0.279,0.318,17.0,102.0,102.0,1985.0,368.8,0.056,miami,37,3140.75,1,0,0,365
2931425,Entire home,entire_home,25.73227,-80.23934,6.0,3,4.0,2.0,0,0,0,0,4.0,"Garden view,Bathtub,Hair dryer,Cleaning products,Body soap,Outdoor shower,Hot water,Washer,Dryer,Essentials,Hangers,Bed linens,Extra pillows and blankets,Room-darkening shades,Iron,Safe,Clothing storage,TV,Sound system,Exercise equipment,Books and reading material,Board games,Babysitter recommendations,Air conditioning,Indoor fireplace,Ceiling fan,Heating,Smoke alarm,Carbon monoxide alarm,Fire extinguisher,First aid kit,Wifi,Dedicated workspace,Kitchen,Refrigerator,Microwave,Cooking basics,Dishes and silverware,Freezer,Dishwasher,Stove,Oven,Hot water kettle,Coffee maker,Wine glasses,Baking sheet,Dining table,Coffee,Private entrance,Patio or balcony,Backyard,Outdoor furniture,Hammock,Outdoor dining area,Free parking on premises,Pets allowed,Long term stays allowed,Self check-in,Lockbox,Cleaning before checkout",251.0,0.0,49.0,91.0,4.86,4.8,5.0,4.7,175981.0,826.8,0.553,0.553,8.4,202.0,466.3,25731.0,1001.2,0.333,miami,60,13917.799999999997,1,0,0,365
3005959,Entire home,entire_home,25.841522,-80.177301,10.0,4,7.0,3.5,0,0,0,0,4.0,"Hair dryer,Hot water,Washer,Dryer,Essentials,TV,Sound system,Pool table,Books and reading material,Air conditioning,Heating,Smoke alarm,Wifi,Dedicated workspace,Kitchen,Refrigerator,Microwave,Cooking basics,Dishes and silverware,Freezer,Dishwasher,Stove,Oven,Hot water kettle,Coffee maker,Wine glasses,Toaster,Baking sheet,Blender,Barbecue utensils,Backyard,Outdoor dining area,BBQ grill,Free parking on premises,Pool,Pets allowed,Self check-in,Lockbox",752.0,0.0,29.0,2.0,4.83,,,,22928.0,682.6,0.079,0.084,3.6,29.0,56.6,821.0,710.8,0.011,miami,38,1649.6166666666668,1,0,0,365
3052119,Entire rental unit,entire_home,25.7691,-80.1886,4.0,1,2.0,1.0,1,0,1,1,2.0,"Wifi,Hair dryer,Cleaning products,Shampoo,Conditioner,Body soap,Hot water,Shower gel,Washer,Dryer,Essentials,Hangers,Bed linens,Extra pillows and blankets,Room-darkening shades,Iron,Safe,Clothing storage,TV,Pack ’n play/Travel crib,High chair,Air conditioning,Smoke alarm,Carbon monoxide alarm,Fire extinguisher,First aid kit,Wifi,Dedicated workspace,Kitchen,Refrigerator,Microwave,Cooking basics,Dishes and silverware,Freezer,Dishwasher,Stove,Oven,Hot water kettle,Coffee maker,Wine glasses,Toaster,Blender,Dining table,Coffee,Waterfront,Patio or balcony,Pool,Hot tub,Sauna,Elevator,Gym,Paid parking off premises,Paid parking on premises,Single level home,Pets allowed,Long term stays allowed,Host greets you",208.0,0.0,27.0,,4.83,,,,43027.0,395.0,0.315,0.34,4.6,115.0,104.8,2230.0,623.6,0.056,miami,57,3785.4166666666665,1,0,0,365
3129806,Entire guest suite,entire_home,25.73708,-80.28843,2.0,1,1.0,1.0,1,0,0,1,6.0,"Shampoo,Hot water,Washer,Dryer,Essentials,Hangers,Bed linens,Extra pillows and blankets,Room-darkening shades,Clothing storage,TV,Air conditioning,Heating,Exterior security cameras on property,Smoke alarm,Carbon monoxide alarm,Wifi,Refrigerator,Microwave,Freezer,Coffee maker,Toaster,Coffee,Private entrance,Free parking on premises,Pets allowed,Luggage dropoff allowed,Long term stays allowed,Host greets you",158.0,0.0,14.0,25.0,4.96,5.0,5.0,4.9,9169.0,112.3,0.214,0.361,8.7,78.0,21.2,3129.0,139.0,0.333,miami,29,729.9499999999999,1,0,0,365
3174898,Entire serviced apartment,entire_home,25.7587,-80.1922,2.0,1,1.0,1.0,1,0,0,1,2.0,"Hair dryer,Shampoo,Hot water,Washer,Dryer,Essentials,Hangers,Iron,TV,Crib,Air conditioning,Smoke alarm,Carbon monoxide alarm,Wifi,Kitchen,Refrigerator,Microwave,Cooking basics,Dishes and silverware,Stove,Coffee maker,Free parking on premises,Pool,Hot tub,Elevator,Gym,Doorman,Luggage dropoff allowed,Long term stays allowed,Self check-in,Building staff",145.0,0.0,17.0,256.0,4.93,4.9,5.0,4.8,71570.0,464.6,0.4,0.404,4.4,146.0,183.8,8006.0,585.0,0.156,miami,31,5652.633333333334,1,0,0,365
3531480,Entire guesthouse,entire_home,25.71949,-80.25502,2.0,1,1.0,1.0,0,0,0,1,3.0,"Hair dryer,Shampoo,Hot water,Essentials,Hangers,Iron,TV,Pack ’n play/Travel crib,Air conditioning,Heating,Smoke alarm,Carbon monoxide alarm,Wifi,Kitchen,Refrigerator,Microwave,Cooking basics,Dishes and silverware,Stove,Oven,Coffee maker,Patio or balcony,Backyard,Free parking on premises,Luggage dropoff allowed",75.0,0.0,9.0,285.0,4.84,4.9,4.8,4.8,34548.0,118.4,0.748,0.748,5.0,273.0,86.8,8249.0,144.7,0.567,miami,25,2693.6,1,0,0,365
3583712,Entire rental unit,entire_home,25.75789,-80.42505,3.0,1,2.0,1.0,0,1,0,0,2.0,"TV,Wifi,Air conditioning,Crib,Kitchen,Pack ’n play/Travel crib,Free parking on premises,Books and reading material,Ceiling fan,Hot water,Body soap,Conditioner,Pool view,Bed linens,Laundromat nearby,Outdoor furniture,Microwave,Coffee maker,Refrigerator,Dishes and silverware,Heating,Cooking basics,Oven,Clothing storage,Stove,Single level home,Smoke alarm,Shower gel,Carbon monoxide alarm,Patio or balcony,First aid kit,Backyard,Beach essentials,Luggage dropoff allowed,Essentials,Shampoo,Lock on bedroom door,Hangers,Hair dryer,Iron,Self check-in,Outdoor dining area,Keypad,Private living room,Private entrance",60.0,0.0,44.0,559.0,4.79,4.9,4.8,4.8,971.0,92.5,0.03,0.03,11.0,11.0,2.5,0.0,98.7,0.0,miami,45,84.79166666666667,1,0,0,365
3622246,Entire home,entire_home,25.75805,-80.31074,10.0,3,6.0,2.0,1,0,1,0,2.0,"Hair dryer,Cleaning products,Hot water,Washer,Dryer,Essentials,Hangers,Bed linens,Extra pillows and blankets,Room-darkening shades,Iron,Clothing storage,TV,Books and reading material,Crib,Pack ’n play/Travel crib,Children’s books and toys,High chair,Children’s dinnerware,Table corner guards,Outdoor playground,Air conditioning,Indoor fireplace,Heating,Exterior security cameras on property,Smoke alarm,Carbon monoxide alarm,Fire extinguisher,First aid kit,Wifi,Dedicated workspace,Kitchen,Refrigerator,Microwave,Cooking basics,Dishes and silverware,Freezer,Dishwasher,Stove,Oven,Coffee maker,Wine glasses,Rice maker,Barbecue utensils,Dining table,Coffee,Private entrance,Backyard,Fire pit,Outdoor furniture,Outdoor dining area,BBQ grill,Free parking on premises,Smoking allowed,Self check-in,Smart lock",180.0,0.0,38.0,77.0,4.73,4.6,4.6,4.6,82493.0,290.0,0.699,0.699,4.3,255.0,205.3,18334.0,333.5,0.556,miami,56,6162.5,1,0,0,365
3634097,Entire rental unit,entire_home,25.7687,-80.1887,4.0,1,2.0,1.0,1,0,1,1,2.0,"Wifi,Hair dryer,Cleaning products,Shampoo,Conditioner,Body soap,Hot water,Shower gel,Washer,Dryer,Essentials,Hangers,Bed linens,Extra pillows and blankets,Room-darkening shades,Iron,Safe,Clothing storage,TV,Pack ’n play/Travel crib,High chair,Air conditioning,Smoke alarm,Carbon monoxide alarm,Fire extinguisher,First aid kit,Wifi,Dedicated workspace,Kitchen,Refrigerator,Microwave,Cooking basics,Dishes and silverware,Freezer,Dishwasher,Stove,Oven,Hot water kettle,Coffee maker,Wine glasses,Toaster,Blender,Dining table,Coffee,Waterfront,Patio or balcony,Pool,Hot tub,Sauna,Elevator,Gym,Paid parking off premises,Paid parking on premises,Single level home,Pets allowed,Long term stays allowed,Host greets you",208.0,0.0,27.0,117.0,4.83,4.8,4.9,4.7,40020.0,392.3,0.31,0.314,4.2,113.0,95.4,0.0,611.4,0.0,miami,57,3694.1583333333333,1,0,0,365
3697435,Entire guest suite,entire_home,25.76975,-80.27009,2.0,1,1.0,1.0,0,0,0,0,2.0,"Air conditioning,Garden view,Hair dryer,Shampoo,Conditioner,Hot water,Shower gel,Essentials,Hangers,Bed linens,Extra pillows and blankets,Iron,Ethernet connection,TV,Air conditioning,Smoke alarm,Carbon monoxide alarm,Wifi,Dedicated workspace,Kitchen,Refrigerator,Microwave,Cooking basics,Dishes and silverware,Stove,Oven,Hot water kettle,Coffee maker,Wine glasses,Toaster,Blender,Rice maker,Coffee,Resort access,Patio or balcony,Backyard,Fire pit,Outdoor furniture,Outdoor dining area,BBQ grill,Free parking on premises,Luggage dropoff allowed,Smoking allowed,Host greets you",80.0,15.0,65.0,355.0,4.85,4.9,4.7,4.8,24078.0,112.0,0.521,0.625,4.2,190.0,59.4,2744.0,115.4,0.244,miami,44,1773.3333333333333,1,0,0,365
3979892,Entire guesthouse,entire_home,25.84326,-80.18843,2.0,1,2.0,1.0,0,0,0,0,3.0,"Garden view,Hair dryer,Shampoo,Hot water,Essentials,Hangers,Bed linens,Extra pillows and blankets,Iron,Ethernet connection,TV,Air conditioning,Heating,Smoke alarm,Carbon monoxide alarm,Fire extinguisher,First aid kit,Wifi,Kitchen,Refrigerator,Microwave,Cooking basics,Dishes and silverware,Coffee maker,Patio or balcony,Backyard,Beach essentials,Free street parking,Pool,Pets allowed,Luggage dropoff allowed,Smoking allowed",20.0,0.0,11.0,499.0,4.96,5.0,4.8,4.9,1508.0,131.1,0.03,0.085,1.6,11.0,4.0,134.0,130.7,0.011,miami,32,120.175,1,0,0,365
3984702,Entire rental unit,entire_home,25.7274,-80.2406,4.0,1,2.0,1.0,1,0,0,0,2.0,"TV,Cable TV,Wifi,Air conditioning,Pool,Kitchen,Free parking on premises,Hot water,Doorman,Gym,Mini fridge,Elevator,Bed linens,Extra pillows and blankets,Hot tub,Microwave,Coffee maker,Refrigerator,Dishes and silverware,Heating,Cooking basics,Clothing storage,Stove,Patio or balcony,Essentials,Shampoo,Hangers,Hair dryer,Iron,Dedicated workspace,Self check-in,Building staff,Private entrance,Bathtub",95.0,0.0,32.0,11.0,4.64,4.8,5.0,4.6,18533.0,255.8,0.184,0.184,3.4,67.0,46.1,869.0,265.8,0.033,miami,34,1428.216666666667,1,0,0,365
4103028,Entire rental unit,entire_home,25.77213,-80.30594,4.0,1,2.0,1.0,1,0,0,1,3.0,"Hair dryer,Shampoo,Conditioner,Body soap,Hot water,Shower gel,Essentials,Hangers,Bed linens,TV,Air conditioning,Heating,Smoke alarm,Carbon monoxide alarm,Fire extinguisher,Wifi,Kitchen,Refrigerator,Microwave,Cooking basics,Dishes and silverware,Stove,Hot water kettle,Coffee maker,Blender,Patio or balcony,Backyard,BBQ grill,Sun loungers,Free parking on premises,Pool,Smoking allowed",0.0,20.0,11.0,161.0,4.83,4.9,4.8,4.8,3358.0,110.4,0.085,0.221,4.4,31.0,9.2,1389.0,117.2,0.133,miami,32,285.2,1,0,0,365
4118279,Entire condo,entire_home,25.7274,-80.2406,3.0,1,2.0,1.0,1,0,1,1,2.0,"Bathtub,Hair dryer,Shampoo,Hot water,Washer,Dryer,Essentials,Hangers,Bed linens,Extra pillows and blankets,Room-darkening shades,Iron,TV,Pack ’n play/Travel crib,Air conditioning,Smoke alarm,Carbon monoxide alarm,Fire extinguisher,First aid kit,Wifi,Dedicated workspace,Kitchen,Microwave,Cooking basics,Dishes and silverware,Mini fridge,Stove,Hot water kettle,Coffee maker,Toaster,Private entrance,Laundromat nearby,Patio or balcony,Pool,Hot tub,Sauna,Elevator,Gym,Paid parking off premises,Single level home,Luggage dropoff allowed,Long term stays allowed,Self check-in,Building staff",125.0,0.0,23.0,378.0,4.92,4.9,4.9,4.9,63655.0,230.9,0.644,0.786,3.2,235.0,152.8,8015.0,215.4,0.433,miami,44,4521.791666666667,1,0,0,365
4118349,Entire condo,entire_home,25.765,-80.1901,10.0,4,6.0,2.5,0,0,0,0,30.0,"Hair dryer,Washer,Dryer,Essentials,Iron,TV,Air conditioning,Heating,Smoke alarm,Wifi,Kitchen,Free parking on premises,Pool,Hot tub,Elevator,Gym",791.0,,24.0,3.0,4.67,5.0,5.0,4.7,44436.0,562.8,0.203,0.208,18.5,74.0,113.1,3074.0,694.1,0.044,miami,16,3470.6,1,0,0,365
4132828,Entire condo,entire_home,25.7274,-80.2406,2.0,1,1.0,1.0,1,0,1,1,3.0,"Hair dryer,Shampoo,Body soap,Hot water,Shower gel,Washer,Dryer,Essentials,Hangers,Bed linens,Extra pillows and blankets,Room-darkening shades,Iron,Safe,TV,Air conditioning,Smoke alarm,Carbon monoxide alarm,Fire extinguisher,Wifi,Dedicated workspace,Kitchen,Refrigerator,Microwave,Cooking basics,Dishes and silverware,Stove,Hot water kettle,Coffee maker,Wine glasses,Toaster,Waterfront,Patio or balcony,Pool,Hot tub,Sauna,Elevator,Gym,Paid parking off premises,Luggage dropoff allowed,Long term stays allowed,Self check-in,Building staff",114.0,0.0,49.0,405.0,4.8,4.8,4.9,4.8,41935.0,359.4,0.337,0.477,3.8,123.0,105.8,9653.0,445.2,0.178,miami,43,3683.85,1,0,0,365
4223809,Entire townhouse,entire_home,25.78286,-80.21291,8.0,3,3.0,2.5,1,1,0,1,2.0,"River view,Bathtub,Hair dryer,Shampoo,Conditioner,Body soap,Hot water,Shower gel,Washer,Dryer,Hangers,Bed linens,Extra pillows and blankets,Room-darkening shades,Iron,Clothing storage,TV,Sound system,Books and reading material,Children’s books and toys,Babysitter recommendations,Air conditioning,Heating,Smoke alarm,Carbon monoxide alarm,Fire extinguisher,First aid kit,Wifi,Dedicated workspace,Kitchen,Refrigerator,Microwave,Cooking basics,Dishes and silverware,Freezer,Dishwasher,Stove,Oven,Hot water kettle,Coffee maker,Toaster,Baking sheet,Blender,Barbecue utensils,Dining table,Coffee,Bread maker,Private entrance,Patio or balcony,Backyard,BBQ grill,Free parking on premises,Pets allowed,Breakfast,Self check-in,Keypad",258.0,0.0,31.0,112.0,4.92,4.9,4.8,4.8,71094.0,464.5,0.381,0.437,7.7,139.0,182.8,14253.0,488.2,0.289,miami,56,5380.458333333333,1,0,0,365
4615269,Entire guesthouse,entire_home,25.76339,-80.21085,2.0,1,2.0,1.0,1,0,0,1,19.0,"Garden view,Hair dryer,Cleaning products,Hot water,Washer,Dryer,Essentials,Hangers,Bed linens,Extra pillows and blankets,Room-darkening shades,Iron,Clothing storage,TV,Air conditioning,Ceiling fan,Heating,Smoke alarm,Fire extinguisher,First aid kit,Wifi,Dedicated workspace,Kitchen,Refrigerator,Microwave,Cooking basics,Dishes and silverware,Freezer,Stove,Oven,Coffee maker,Wine glasses,Baking sheet,Blender,Dining table,Coffee,Private entrance,Laundromat nearby,Patio or balcony,Backyard,Outdoor furniture,Free parking on premises,Free street parking,Single level home,Luggage dropoff allowed,Self check-in,Lockbox",95.0,0.0,22.0,100.0,4.95,5.0,4.8,4.9,23848.0,133.1,0.449,0.543,6.3,164.0,59.4,1814.0,135.6,0.122,miami,47,1819.033333333333,1,0,0,365
4694687,Entire condo,entire_home,25.76129,-80.18982,4.0,1,1.0,1.0,1,0,0,0,5.0,"Kitchen,TV,Wifi,Hair dryer,Hot water,Washer,Dryer,Essentials,Hangers,Iron,TV,Air conditioning,Heating,Smoke alarm,Wifi,Kitchen,Refrigerator,Free parking on premises,Pool,Hot tub,Elevator,Gym,Long term stays allowed,Self check-in,Building staff",145.0,0.0,27.0,92.0,4.78,4.5,5.0,4.7,20217.0,199.0,0.249,0.363,7.0,91.0,50.2,3439.0,223.4,0.189,miami,25,1509.0833333333333,1,0,0,365
4701225,Entire home,entire_home,25.85509,-80.18358,5.0,3,3.0,2.0,0,0,0,0,1.0,"Garden view,Bathtub,Hair dryer,Cleaning products,Shampoo,Conditioner,Body soap,Outdoor shower,Hot water,Shower gel,Washer,Dryer,Essentials,Hangers,Bed linens,Extra pillows and blankets,Iron,Drying rack for clothing,Safe,Clothing storage,TV,Crib,Pack ’n play/Travel crib,High chair,Fireplace guards,Board games,Air conditioning,Indoor fireplace,Ceiling fan,Portable fans,Heating,Exterior security cameras on property,Smoke alarm,Carbon monoxide alarm,Fire extinguisher,First aid kit,Wifi,Dedicated workspace,Kitchen,Refrigerator,Microwave,Cooking basics,Dishes and silverware,Freezer,Dishwasher,Stove,Oven,Hot water kettle,Coffee maker,Wine glasses,Toaster,Baking sheet,Blender,Barbecue utensils,Dining table,Coffee,Beach access,Private entrance,Patio or balcony,Backyard,Fire pit,Outdoor furniture,Hammock,Outdoor dining area,BBQ grill,Beach essentials,Free parking on premises,Free street parking,Hot tub,Single level home,Long term stays allowed,Self check-in,Keypad,Host greets you",98.0,0.0,57.0,184.0,4.73,4.6,4.7,4.7,30157.0,329.1,0.238,0.251,3.6,87.0,76.7,7252.0,337.1,0.222,miami,74,2385.975,1,0,0,365
4757862,Entire serviced apartment,entire_home,25.7625,-80.1912,6.0,2,3.0,2.5,0,0,0,0,3.0,"TV,Pool view,Wifi,Gym,Bathtub,Hair dryer,Cleaning products,Shampoo,Conditioner,Body soap,Bidet,Hot water,Shower gel,Washer,Dryer,Essentials,Hangers,Bed linens,Extra pillows and blankets,Room-darkening shades,Iron,Safe,Clothing storage,Ethernet connection,TV,Sound system,Game console,Exercise equipment,Pool table,Books and reading material,Crib,Pack ’n play/Travel crib,Board games,Outdoor playground,Air conditioning,Heating,Smoke alarm,Carbon monoxide alarm,Fire extinguisher,First aid kit,Wifi,Dedicated workspace,Pocket wifi,Kitchen,Refrigerator,Microwave,Cooking basics,Dishes and silverware,Freezer,Dishwasher,Stove,Oven,Hot water kettle,Coffee maker,Wine glasses,Toaster,Baking sheet,Blender,Dining table,Coffee,Private entrance,Laundromat nearby,Resort access,Outdoor furniture,Hammock,Outdoor dining area,Bikes,Sun loungers,Free parking on premises,Free street parking,Pool,Hot tub,Elevator,EV charger,Gym,Pets allowed,Luggage dropoff allowed,Long term stays allowed,Self check-in,Building staff,Cleaning before checkout",300.0,0.0,66.0,26.0,4.92,4.6,5.0,5.0,31626.0,1396.5,0.047,0.047,4.3,17.0,85.0,24943.0,2109.0,0.122,miami,81,1978.375,1,0,0,365
4773138,Entire loft,entire_home,25.72042,-80.25331,2.0,1,1.0,1.0,0,0,0,1,8.0,"TV,Hair dryer,Shampoo,Hot water,Washer,Dryer,Essentials,Hangers,Iron,TV,Air conditioning,Heating,Smoke alarm,Fire extinguisher,First aid kit,Wifi,Dedicated workspace,Kitchen,Refrigerator,Microwave,Cooking basics,Dishes and silverware,Stove,Coffee maker,Patio or balcony,Backyard,Free parking on premises,Free street parking,Pets allowed",47.0,0.0,14.0,175.0,4.88,4.8,5.0,4.9,22407.0,140.1,0.463,0.552,6.3,169.0,59.2,168.0,170.6,0.011,miami,29,1973.0749999999998,1,0,0,365
4867463,Entire rental unit,entire_home,25.807647,-80.191894,3.0,1,1.0,1.0,0,0,0,1,14.0,"Hot water,Washer,Dryer,Bed linens,TV,Exercise equipment,Pool table,Air conditioning,Smoke alarm,Wifi,Dedicated workspace,Kitchen,Refrigerator,Microwave,Cooking basics,Dishes and silverware,Stove,Oven,Coffee maker,Wine glasses,Dining table,Coffee,Patio or balcony,Outdoor furniture,Pool,Hot tub,Paid parking on premises,Cleaning before checkout",4265.0,0.0,5.0,7.0,4.86,5.0,5.0,4.9,18234.0,196.8,0.241,0.407,14.7,88.0,50.0,0.0,192.5,0.0,miami,28,1443.2,1,0,0,365
5085232,Entire rental unit,entire_home,25.7843,-80.25016,3.0,1,1.0,1.0,1,0,0,0,2.0,"Hair dryer,Cleaning products,Shampoo,Conditioner,Body soap,Hot water,Shower gel,Washer,Dryer,Essentials,Hangers,Bed linens,Extra pillows and blankets,Room-darkening shades,Iron,Clothing storage,TV,Books and reading material,Crib,Air conditioning,Exterior security cameras on property,Smoke alarm,Carbon monoxide alarm,Fire extinguisher,First aid kit,Wifi,Dedicated workspace,Microwave,Cooking basics,Dishes and silverware,Mini fridge,Oven,Coffee maker,Wine glasses,Toaster,Dining table,Coffee,Private entrance,Laundromat nearby,Patio or balcony,Fire pit,Outdoor furniture,Beach essentials,Free parking on premises,Long term stays allowed,Self check-in,Keypad,Cleaning before checkout",80.0,0.0,27.0,107.0,4.71,4.8,4.5,4.6,24426.0,118.2,0.573,0.683,5.4,209.0,60.1,3394.0,154.0,0.3,miami,48,2058.65,1,0,0,365
5209029,Entire guesthouse,entire_home,25.781,-80.2196,2.0,1,2.0,1.0,1,0,0,1,2.0,"Pets allowed,Garden view,Elevator,Hair dryer,Cleaning products,Shampoo,Outdoor shower,Hot water,Shower gel,Essentials,Hangers,Bed linens,Extra pillows and blankets,Iron,Clothing storage,TV,Sound system,Books and reading material,Crib,Pack ’n play/Travel crib,Board games,Air conditioning,Ceiling fan,Heating,Heating,Smoke alarm,Fire extinguisher,First aid kit,Wifi,Kitchen,Refrigerator,Microwave,Cooking basics,Dishes and silverware,Mini fridge,Freezer,Stove,Oven,Coffee maker,Wine glasses,Barbecue utensils,Dining table,Coffee,Private entrance,Laundromat nearby,Patio or balcony,Backyard,Outdoor furniture,Outdoor dining area,BBQ grill,Beach essentials,Free parking on premises,Free street parking,Gym,Single level home,Luggage dropoff allowed,Breakfast,Long term stays allowed",11.0,0.0,50.0,570.0,4.95,5.0,4.9,4.9,37091.0,155.0,0.638,0.649,2.6,233.0,99.3,9350.0,176.5,0.611,miami,58,3009.5833333333335,1,0,0,365
5280555,Entire condo,entire_home,25.7618,-80.1906,8.0,3,4.0,2.0,0,0,0,0,10.0,"TV,Wifi,Hair dryer,Shampoo,Washer,Dryer,Essentials,Hangers,Iron,TV,Exercise equipment,Ping pong table,Children’s books and toys,Children’s dinnerware,Children's playroom,Air conditioning,Heating,Exterior security cameras on property,Smoke alarm,Carbon monoxide alarm,Wifi,Dedicated workspace,Kitchen,Refrigerator,Microwave,Cooking basics,Dishes and silverware,Dishwasher,Stove,Oven,Coffee maker,Beach access,Patio or balcony,Outdoor furniture,Outdoor dining area,Outdoor kitchen,BBQ grill,Free parking on premises,Free street parking,Pool,Elevator,Gym,Smoking allowed,Long term stays allowed,Self check-in,Building staff",151.0,0.0,62.0,71.0,4.42,4.1,4.9,4.5,3059.0,304.5,0.027,0.029,10.0,10.0,8.0,0.0,295.8,0.0,miami,46,253.75,1,0,0,365
5320076,Entire home,entire_home,25.74644,-80.30313,5.0,2,6.0,1.0,1,0,0,0,8.0,"Garden view,Hair dryer,Shampoo,Conditioner,Body soap,Hot water,Washer,Dryer,Essentials,Hangers,Bed linens,Extra pillows and blankets,Iron,Ethernet connection,TV,Window guards,Air conditioning,Ceiling fan,Heating,Smoke alarm,Carbon monoxide alarm,Fire extinguisher,First aid kit,Wifi,Dedicated workspace,Kitchen,Refrigerator,Microwave,Cooking basics,Dishes and silverware,Stove,Oven,Coffee maker,Private entrance,Laundromat nearby,Patio or balcony,Backyard,Free parking on premises,Free street parking,Self check-in,Keypad",198.0,0.0,11.0,139.0,4.89,4.8,4.9,4.8,14132.0,178.6,0.2,0.3,9.1,73.0,36.0,0.0,176.7,0.0,miami,41,1086.4833333333333,1,0,0,365
5341113,Entire rental unit,entire_home,25.7729,-80.1892,2.0,1,1.0,1.0,1,1,0,1,2.0,"Hair dryer,Shampoo,Hot water,Shower gel,Washer,Dryer,Essentials,Hangers,Bed linens,Iron,TV,Crib,Air conditioning,Heating,Smoke alarm,Carbon monoxide alarm,Fire extinguisher,Wifi,Dedicated workspace,Kitchen,Refrigerator,Microwave,Cooking basics,Dishwasher,Stove,Oven,Wine glasses,Toaster,Blender,Dining table,Patio or balcony,Outdoor furniture,Elevator,Paid parking off premises,Luggage dropoff allowed,Long term stays allowed,Host greets you",75.0,0.0,10.0,263.0,4.93,4.9,4.9,4.9,33206.0,238.2,0.359,0.373,4.1,131.0,85.4,3927.0,265.9,0.167,miami,37,2600.35,1,0,0,365
5618052,Entire condo,entire_home,25.75993,-80.19019,3.0,1,2.0,1.0,1,0,0,0,1.0,"Bathtub,Hair dryer,Shampoo,Hot water,Washer,Essentials,Hangers,Bed linens,Extra pillows and blankets,Iron,TV,Air conditioning,Heating,Smoke alarm,Wifi,Dedicated workspace,Kitchen,Microwave,Cooking basics,Dishes and silverware,Coffee maker,Outdoor furniture,Outdoor dining area,Free parking on premises,Pool,Elevator,Gym,Luggage dropoff allowed,Long term stays allowed,Self check-in,Lockbox",150.0,0.0,17.0,170.0,4.96,4.9,5.0,4.9,41584.0,210.1,0.51,0.514,5.6,186.0,101.2,0.0,236.8,0.0,miami,31,3256.5499999999997,1,0,0,365
5739580,Entire guesthouse,entire_home,25.82035,-80.19534,2.0,1,1.0,1.0,0,0,0,0,19.0,"Garden view,Hair dryer,Cleaning products,Shampoo,Conditioner,Body soap,Hot water,Shower gel,Essentials,Hangers,Bed linens,Extra pillows and blankets,Clothing storage,TV,Air conditioning,Ceiling fan,Heating,Exterior security cameras on property,Smoke alarm,Carbon monoxide alarm,Fire extinguisher,Wifi,Dedicated workspace,Kitchen,Refrigerator,Microwave,Cooking basics,Dishes and silverware,Mini fridge,Freezer,Stove,Hot water kettle,Coffee maker,Wine glasses,Dining table,Private entrance,Laundromat nearby,Patio or balcony,Backyard,Outdoor dining area,Free parking on premises,Free street parking,EV charger,Single level home,Pets allowed,Long term stays allowed,Self check-in,Smart lock",8314.0,0.0,10.0,16.0,4.94,5.0,5.0,4.9,3883.0,215.9,0.041,0.054,15.0,15.0,10.6,3883.0,270.6,0.167,miami,48,269.875,1,0,0,365
5773586,Entire rental unit,entire_home,25.78601,-80.21168,3.0,1,2.0,1.0,1,0,0,1,3.0,"Hair dryer,Shampoo,Hot water,Washer,Dryer,Essentials,Hangers,Bed linens,Extra pillows and blankets,Iron,TV,Pack ’n play/Travel crib,Babysitter recommendations,Air conditioning,Heating,Smoke alarm,Fire extinguisher,Wifi,Kitchen,Refrigerator,Microwave,Cooking basics,Dishes and silverware,Stove,Oven,Coffee maker,Private entrance,Backyard,Outdoor furniture,Outdoor dining area,BBQ grill,Free parking on premises,Free street parking,Paid parking on premises,Single level home,Host greets you",80.0,0.0,5.0,168.0,4.86,4.9,4.9,4.8,23890.0,108.9,0.559,0.634,7.3,204.0,60.4,4692.0,113.0,0.433,miami,36,1851.3000000000002,1,0,0,365
5870830,Entire home,entire_home,25.72982,-80.42862,7.0,4,4.0,3.0,0,0,0,1,4.0,"Pool view,Hair dryer,Shampoo,Hot water,Washer,Dryer,Essentials,Hangers,Iron,TV,Air conditioning,Heating,Smoke alarm,Wifi,Dedicated workspace,Kitchen,Refrigerator,Microwave,Cooking basics,Dishes and silverware,Dishwasher,Stove,Oven,Coffee maker,Patio or balcony,Backyard,Outdoor furniture,Outdoor dining area,Free parking on premises,Pool,Host greets you",225.0,0.0,13.0,77.0,4.84,4.9,4.7,4.8,26158.0,322.2,0.195,0.22,2.8,71.0,63.7,3753.0,363.0,0.1,miami,31,1906.3500000000001,1,0,0,365
6045312,Entire rental unit,entire_home,25.7274,-80.2406,6.0,2,3.0,2.5,1,1,1,0,2.0,"TV,Wifi,Waterfront,Air conditioning,Pool,Kitchen,Free parking on premises,Hot water kettle,Doorman,Gym,Conditioner,Elevator,Outdoor furniture,Hot tub,Cleaning products,Coffee,Wine glasses,Washer,Dryer,Smoke alarm,Carbon monoxide alarm,First aid kit,Fire extinguisher,Essentials,Shampoo,Hangers,Hair dryer,Iron,Dedicated workspace,Self check-in,Freezer,Building staff,Private entrance,Bathtub,High chair,Blender,Pack ’n play/Travel crib,Room-darkening shades,Hot water,Body soap,Bed linens,Extra pillows and blankets,Microwave,Coffee maker,Refrigerator,Dishwasher,Dishes and silverware,Cooking basics,Oven,Stove,Single level home,Shower gel,Patio or balcony,Luggage dropoff allowed,Long term stays allowed,Safe,Dining table,Toaster",240.0,0.0,28.0,78.0,4.94,4.8,5.0,4.9,46568.0,838.1,0.216,0.224,3.3,79.0,114.4,0.0,979.8,0.0,miami,58,5517.491666666668,1,0,0,365
6054665,Entire condo,entire_home,25.7687,-80.1896,2.0,1,1.0,1.0,1,0,1,1,2.0,"Wifi,Hair dryer,Cleaning products,Shampoo,Conditioner,Body soap,Hot water,Shower gel,Washer,Dryer,Essentials,Hangers,Bed linens,Extra pillows and blankets,Room-darkening shades,Iron,Safe,Clothing storage,TV,Pack ’n play/Travel crib,High chair,Air conditioning,Smoke alarm,Carbon monoxide alarm,Fire extinguisher,First aid kit,Wifi,Dedicated workspace,Kitchen,Refrigerator,Microwave,Cooking basics,Dishes and silverware,Freezer,Dishwasher,Stove,Oven,Hot water kettle,Coffee maker,Wine glasses,Toaster,Blender,Dining table,Coffee,Waterfront,Patio or balcony,Pool,Hot tub,Sauna,Elevator,Gym,Paid parking off premises,Paid parking on premises,Single level home,Pets allowed,Long term stays allowed,Host greets you",177.0,0.0,25.0,,4.83,,,,61596.0,379.5,0.455,0.455,4.0,166.0,149.8,0.0,545.2,0.0,miami,57,5249.75,1,0,0,365
6083806,Entire rental unit,entire_home,25.74076,-80.24325,4.0,1,2.0,1.0,0,0,0,0,2.0,"Hair dryer,Cleaning products,Shampoo,Conditioner,Body soap,Hot water,Shower gel,Essentials,Hangers,Bed linens,Extra pillows and blankets,Room-darkening shades,Iron,TV,Air conditioning,Ceiling fan,Smoke alarm,Carbon monoxide alarm,Fire extinguisher,Wifi,Dedicated workspace,Kitchen,Refrigerator,Microwave,Cooking basics,Dishes and silverware,Freezer,Stove,Coffee maker,Dining table,Coffee,Private entrance,Laundromat nearby,Patio or balcony,Backyard,Outdoor furniture,Sun loungers,Free street parking,Single level home,Luggage dropoff allowed,Long term stays allowed,Self check-in,Lockbox",43.0,0.0,87.0,566.0,4.62,4.7,4.5,4.6,37137.0,160.9,0.658,0.676,3.8,240.0,95.1,7453.0,232.8,0.378,miami,43,3218.0,1,0,0,365
6164929,Entire home,entire_home,25.8164,-80.2007,6.0,3,4.0,2.0,0,0,0,0,4.0,"Bathtub,Hair dryer,Cleaning products,Shampoo,Hot water,Shower gel,Washer,Dryer,Essentials,Hangers,Bed linens,Extra pillows and blankets,Iron,TV,Crib,Pack ’n play/Travel crib,Children’s books and toys,High chair,Children’s dinnerware,Air conditioning,Indoor fireplace,Heating,Smoke alarm,Carbon monoxide alarm,Fire extinguisher,First aid kit,Wifi,Dedicated workspace,Kitchen,Refrigerator,Microwave,Cooking basics,Dishes and silverware,Dishwasher,Stove,Oven,Coffee maker,Baking sheet,Barbecue utensils,Private entrance,Patio or balcony,Backyard,BBQ grill,Beach essentials,Free parking on premises,Free street parking,Pets allowed,Long term stays allowed,Self check-in,Lockbox",125.0,0.0,33.0,176.0,4.75,4.7,4.6,4.7,30056.0,251.6,0.296,0.578,9.0,108.0,78.6,0.0,246.6,0.0,miami,50,2264.4,1,0,0,365
6165697,Entire guesthouse,entire_home,25.8164,-80.2007,2.0,1,1.0,1.0,0,0,0,0,4.0,"Garden view,Hair dryer,Cleaning products,Shampoo,Conditioner,Body soap,Hot water,Essentials,Hangers,Bed linens,Extra pillows and blankets,Iron,Clothing storage,TV,Crib,Pack ’n play/Travel crib,Air conditioning,Portable fans,Heating,Smoke alarm,Carbon monoxide alarm,Fire extinguisher,First aid kit,Wifi,Dedicated workspace,Kitchen,Refrigerator,Microwave,Cooking basics,Dishes and silverware,Freezer,Stove,Oven,Hot water kettle,Coffee maker,Wine glasses,Toaster,Baking sheet,Coffee,Private entrance,Laundromat nearby,Patio or balcony,Backyard,Outdoor furniture,Outdoor dining area,BBQ grill,Beach essentials,Free parking on premises,Free street parking,Single level home,Pets allowed,Long term stays allowed,Self check-in,Smart lock",50.0,0.0,20.0,255.0,4.83,4.8,4.6,4.8,15569.0,122.2,0.332,0.371,5.5,121.0,40.2,0.0,139.1,0.0,miami,54,1232.1833333333334,1,0,0,365
6301456,Entire rental unit,entire_home,25.76809,-80.19298,4.0,2,3.0,2.0,0,1,0,0,29.0,"Bathtub,Hair dryer,Hot water,Washer,Dryer,Essentials,Hangers,Room-darkening shades,Clothing storage,TV,Crib,Pack ’n play/Travel crib,Air conditioning,Heating,Smoke alarm,Carbon monoxide alarm,Fire extinguisher,Wifi,Dedicated workspace,Kitchen,Refrigerator,Microwave,Cooking basics,Dishes and silverware,Freezer,Dishwasher,Stove,Oven,Hot water kettle,Coffee maker,Wine glasses,Toaster,Baking sheet,Blender,Patio or balcony,Free parking on premises,Pool,Elevator,Gym,Paid parking on premises,Pets allowed",5906.0,,33.0,30.0,4.6,4.5,5.0,4.5,17570.0,207.6,0.208,0.65,15.2,76.0,48.1,10465.0,246.6,0.467,miami,41,1314.8,1,0,0,365
6553015,Entire rental unit,entire_home,25.7687,-80.1896,6.0,2,4.0,2.0,1,0,1,0,2.0,"Wifi,Hair dryer,Cleaning products,Shampoo,Conditioner,Body soap,Hot water,Shower gel,Washer,Dryer,Essentials,Hangers,Bed linens,Extra pillows and blankets,Room-darkening shades,Iron,Safe,Clothing storage,TV,Pack ’n play/Travel crib,High chair,Air conditioning,Smoke alarm,Carbon monoxide alarm,Fire extinguisher,First aid kit,Wifi,Dedicated workspace,Kitchen,Refrigerator,Microwave,Cooking basics,Dishes and silverware,Freezer,Dishwasher,Stove,Oven,Hot water kettle,Coffee maker,Wine glasses,Toaster,Blender,Dining table,Coffee,Waterfront,Patio or balcony,Pool,Hot tub,Sauna,Elevator,Gym,Paid parking off premises,Paid parking on premises,Single level home,Pets allowed,Long term stays allowed,Host greets you",277.0,0.0,40.0,,4.83,,,,128761.0,689.3,0.488,0.488,3.2,178.0,316.3,8270.0,932.4,0.1,miami,57,10224.616666666667,1,0,0,365
6559280,Entire rental unit,entire_home,25.8239,-80.1865,2.0,1,1.0,1.0,1,0,0,0,7.0,"Hair dryer,Shampoo,Body soap,Hot water,Shower gel,Washer,Dryer,Essentials,Hangers,Bed linens,Iron,Clothing storage,TV,Air conditioning,Heating,Exterior security cameras on property,Smoke alarm,Carbon monoxide alarm,Fire extinguisher,Wifi,Dedicated workspace,Kitchen,Refrigerator,Microwave,Cooking basics,Dishes and silverware,Stove,Oven,Hot water kettle,Coffee maker,Wine glasses,Toaster,Dining table,Coffee,Lake access,Free parking on premises,Long term stays allowed,Self check-in,Keypad",110.0,0.0,30.0,195.0,4.73,4.7,4.8,4.7,29143.0,163.8,0.523,0.523,8.3,191.0,74.4,1081.0,227.2,0.067,miami,39,2607.15,1,0,0,365
6696783,Entire condo,entire_home,25.7273,-80.2406,4.0,1,2.0,1.0,1,0,1,0,3.0,"Hair dryer,Shampoo,Body soap,Hot water,Shower gel,Washer,Dryer,Essentials,Hangers,Bed linens,Extra pillows and blankets,Room-darkening shades,Iron,Safe,TV,Air conditioning,Smoke alarm,Carbon monoxide alarm,Fire extinguisher,Wifi,Dedicated workspace,Kitchen,Refrigerator,Microwave,Cooking basics,Dishes and silverware,Stove,Hot water kettle,Coffee maker,Wine glasses,Toaster,Waterfront,Patio or balcony,Pool,Hot tub,Sauna,Elevator,Gym,Paid parking off premises,Luggage dropoff allowed,Long term stays allowed,Self check-in,Building staff",114.0,0.0,45.0,329.0,4.82,4.8,4.9,4.8,27693.0,421.3,0.26,0.54,3.3,95.0,68.4,5593.0,613.3,0.111,miami,43,3335.2916666666665,1,0,0,365
6705815,Entire home,entire_home,25.781,-80.2197,4.0,2,2.0,1.5,1,0,0,0,27.0,"Hair dryer,Shampoo,Hot water,Washer,Dryer,Essentials,Hangers,Iron,TV,Pack ’n play/Travel crib,Air conditioning,Indoor fireplace,Heating,Smoke alarm,Carbon monoxide alarm,Fire extinguisher,First aid kit,Wifi,Kitchen,Cooking basics,Outdoor furniture,Outdoor dining area,BBQ grill,Free parking on premises,Free street parking,Pets allowed,Luggage dropoff allowed,Self check-in,Smart lock",259.0,0.0,33.0,7.0,5.0,5.0,5.0,5.0,14583.0,316.9,0.101,0.135,3.1,37.0,32.1,3413.0,346.8,0.1,miami,29,977.1083333333332,1,0,0,365
6775797,Entire guesthouse,entire_home,25.84029,-80.18718,2.0,1,1.0,1.0,1,0,0,0,1.0,"Hair dryer,Shampoo,Conditioner,Hot water,Shower gel,Essentials,Hangers,Bed linens,Extra pillows and blankets,Iron,TV,Pack ’n play/Travel crib,Children’s books and toys,Babysitter recommendations,Air conditioning,Heating,First aid kit,Wifi,Microwave,Dishes and silverware,Mini fridge,Coffee maker,Wine glasses,Private entrance,Backyard,Beach essentials,Free parking on premises,Free street parking,Pets allowed,Self check-in,Lockbox",40.0,0.0,5.0,648.0,4.91,4.9,4.8,4.9,18451.0,96.0,0.474,0.474,3.1,173.0,45.9,3843.0,109.0,0.356,miami,31,1384.0,1,0,0,365
6791159,Entire condo,entire_home,25.7618,-80.1906,2.0,1,1.0,1.0,1,0,1,0,1.0,"Wifi,TV,Bathtub,Hair dryer,Shampoo,Conditioner,Body soap,Hot water,Shower gel,Washer,Dryer,Essentials,Hangers,Bed linens,Room-darkening shades,Iron,Clothing storage,Ethernet connection,TV,Exercise equipment,Ping pong table,Pool table,Air conditioning,Portable fans,Heating,Smoke alarm,Wifi,Dedicated workspace,Refrigerator,Microwave,Cooking basics,Dishes and silverware,Mini fridge,Freezer,Stove,Hot water kettle,Coffee maker,Wine glasses,Toaster,Rice maker,Dining table,Waterfront,Laundromat nearby,Patio or balcony,Sun loungers,Free parking on premises,Pool,Hot tub,Elevator,Gym,Luggage dropoff allowed,Long term stays allowed,Self check-in,Smart lock",202.0,0.0,31.0,133.0,4.59,4.4,4.9,4.4,52885.0,311.2,0.403,0.412,4.2,147.0,129.4,12317.0,370.4,0.344,miami,54,3812.2000000000003,1,0,0,365
6836634,Entire rental unit,entire_home,25.7618,-80.1906,2.0,1,1.0,1.0,1,0,1,0,1.0,"TV,Wifi,Bathtub,Hair dryer,Shampoo,Body soap,Hot water,Shower gel,Essentials,Hangers,Bed linens,Room-darkening shades,Iron,Ethernet connection,TV,Ping pong table,Pack ’n play/Travel crib,Air conditioning,Indoor fireplace,Portable fans,Heating,Smoke alarm,Wifi,Dedicated workspace,Refrigerator,Microwave,Cooking basics,Dishes and silverware,Freezer,Coffee maker,Wine glasses,Toaster,Blender,Rice maker,Dining table,Waterfront,Beach access,Laundromat nearby,Patio or balcony,Outdoor furniture,Free parking on premises,Pool,Elevator,Gym,Paid parking off premises,Luggage dropoff allowed,Long term stays allowed,Self check-in,Smart lock",150.0,0.0,44.0,177.0,4.66,4.5,5.0,4.5,35659.0,287.1,0.282,0.355,4.9,103.0,90.3,7877.0,405.5,0.222,miami,49,2464.275,1,0,0,365
6837500,Entire guest suite,entire_home,25.77378,-80.24345,2.0,1,1.0,1.0,1,0,0,1,1.0,"Bathtub,Hair dryer,Shampoo,Conditioner,Body soap,Hot water,Essentials,Hangers,Room-darkening shades,Iron,TV,Air conditioning,Ceiling fan,Carbon monoxide alarm,Wifi,Refrigerator,Microwave,Dishes and silverware,Private entrance,Backyard,Outdoor furniture,BBQ grill,Beach essentials,Free parking on premises,Hot tub,Long term stays allowed,Self check-in,Keypad,Host greets you",45.0,0.0,22.0,593.0,4.79,4.8,4.7,4.8,27948.0,106.3,0.66,0.664,2.0,241.0,68.8,6380.0,132.1,0.489,miami,29,2134.858333333333,1,0,0,365
6965633,Entire condo,entire_home,25.7687,-80.1895,6.0,2,3.0,2.0,1,0,1,0,2.0,"Wifi,Hair dryer,Cleaning products,Shampoo,Conditioner,Body soap,Hot water,Shower gel,Washer,Dryer,Essentials,Hangers,Bed linens,Extra pillows and blankets,Room-darkening shades,Iron,Safe,Clothing storage,TV,Pack ’n play/Travel crib,High chair,Air conditioning,Smoke alarm,Carbon monoxide alarm,Fire extinguisher,First aid kit,Wifi,Dedicated workspace,Kitchen,Refrigerator,Microwave,Cooking basics,Dishes and silverware,Freezer,Dishwasher,Stove,Oven,Hot water kettle,Coffee maker,Wine glasses,Toaster,Blender,Dining table,Coffee,Waterfront,Patio or balcony,Pool,Hot tub,Sauna,Elevator,Gym,Paid parking off premises,Paid parking on premises,Single level home,Pets allowed,Long term stays allowed,Host greets you",277.0,0.0,25.0,,4.83,,,,47969.0,569.7,0.227,0.231,4.0,83.0,119.3,0.0,800.3,0.0,miami,57,3940.4250000000006,1,0,0,365
6973692,Entire rental unit,entire_home,25.8239,-80.1865,2.0,1,1.0,1.0,1,0,0,0,7.0,"Hair dryer,Shampoo,Body soap,Hot water,Washer,Dryer,Essentials,Hangers,Bed linens,Room-darkening shades,Iron,Mosquito net,Clothing storage,TV,Air conditioning,Heating,Exterior security cameras on property,Smoke alarm,Carbon monoxide alarm,Fire extinguisher,Wifi,Dedicated workspace,Kitchen,Refrigerator,Microwave,Cooking basics,Dishes and silverware,Stove,Oven,Hot water kettle,Coffee maker,Coffee,Lake access,Patio or balcony,Backyard,Free parking on premises,Free street parking,Single level home,Luggage dropoff allowed,Long term stays allowed,Self check-in,Keypad",103.0,0.0,29.0,206.0,4.72,4.7,4.7,4.6,17457.0,136.9,0.364,0.382,9.5,133.0,43.9,537.0,198.2,0.044,miami,42,1517.3083333333334,1,0,0,365
6986000,Entire condo,entire_home,25.762471,-80.1897,4.0,1,2.0,1.0,1,0,0,1,4.0,"TV,Wifi,Bathtub,Hair dryer,Cleaning products,Shampoo,Conditioner,Body soap,Hot water,Shower gel,Washer,Dryer,Hangers,Bed linens,Extra pillows and blankets,Room-darkening shades,Iron,Clothing storage,TV,Exercise equipment,Ping pong table,Pool table,Children's playroom,Air conditioning,Heating,Smoke alarm,Carbon monoxide alarm,Wifi,Dedicated workspace,Kitchen,Refrigerator,Microwave,Cooking basics,Dishes and silverware,Freezer,Dishwasher,Stove,Oven,Hot water kettle,Coffee maker,Wine glasses,Blender,Dining table,Patio or balcony,Outdoor furniture,Outdoor dining area,Free parking on premises,Pool,Hot tub,Sauna,Elevator,Gym,Self check-in,Smart lock",195.0,0.0,44.0,142.0,4.94,4.9,4.9,4.8,32475.0,397.9,0.216,0.231,6.6,79.0,83.1,5193.0,552.8,0.111,miami,54,2619.508333333333,1,0,0,365
6987117,Entire rental unit,entire_home,25.8239,-80.1865,2.0,1,1.0,1.0,1,0,0,0,7.0,"Air conditioning,Bathtub,Hair dryer,Shampoo,Hot water,Washer,Dryer,Essentials,Hangers,Bed linens,Room-darkening shades,Iron,TV,Air conditioning,Exterior security cameras on property,Smoke alarm,Carbon monoxide alarm,Fire extinguisher,Wifi,Dedicated workspace,Kitchen,Refrigerator,Microwave,Cooking basics,Dishes and silverware,Stove,Oven,Coffee maker,Lake access,Free parking on premises,Free street parking,Single level home,Luggage dropoff allowed,Long term stays allowed,Self check-in,Keypad",80.0,0.0,16.0,263.0,4.72,4.7,4.7,4.7,26084.0,114.9,0.633,0.658,8.6,231.0,66.4,4922.0,162.7,0.356,miami,36,2211.8250000000003,1,0,0,365
7072023,Entire condo,entire_home,25.7274,-80.2406,3.0,1,2.0,1.0,1,0,1,1,2.0,"Bathtub,Hair dryer,Shampoo,Hot water,Washer,Dryer,Essentials,Hangers,Bed linens,Extra pillows and blankets,Room-darkening shades,Iron,TV,Pack ’n play/Travel crib,Air conditioning,Smoke alarm,Carbon monoxide alarm,Fire extinguisher,First aid kit,Wifi,Dedicated workspace,Kitchen,Microwave,Cooking basics,Dishes and silverware,Mini fridge,Stove,Hot water kettle,Coffee maker,Toaster,Private entrance,Laundromat nearby,Patio or balcony,Pool,Hot tub,Sauna,Elevator,Gym,Paid parking off premises,Single level home,Luggage dropoff allowed,Long term stays allowed,Self check-in,Building staff",125.0,0.0,24.0,292.0,4.88,4.9,5.0,4.8,77640.0,245.1,0.795,0.873,3.8,290.0,191.1,9633.0,249.1,0.433,miami,44,5923.25,1,0,0,365
37676,Entire loft,entire_home,45.52564,-122.68273,2.0,1,1.0,1.0,0,0,0,1,30.0,"Wifi,Pets allowed,Bathtub,Hair dryer,Cleaning products,Shampoo,Conditioner,Body soap,Hot water,Shower gel,Washer,Dryer,Essentials,Hangers,Bed linens,Extra pillows and blankets,Room-darkening shades,Iron,Clothing storage,TV,Air conditioning,Portable fans,Heating,Smoke alarm,Carbon monoxide alarm,Fire extinguisher,First aid kit,Wifi,Dedicated workspace,Kitchen,Refrigerator,Microwave,Cooking basics,Dishes and silverware,Freezer,Dishwasher,Stove,Oven,Hot water kettle,Coffee maker,Wine glasses,Toaster,Baking sheet,Blender,Dining table,Coffee,Private entrance,Patio or balcony,Outdoor furniture,BBQ grill,Elevator,Paid parking off premises,Paid parking on premises,Single level home,Pets allowed,Luggage dropoff allowed,Long term stays allowed,Self check-in,Keypad,Cleaning before checkout",3141.0,,20.0,136.0,4.89,4.9,5.0,4.7,11212.0,120.1,0.268,0.505,16.3,98.0,30.7,8499.0,112.8,0.833,portland,60,980.8166666666666,1,1,0,365
67036,Entire guesthouse,entire_home,45.53103,-122.64448,10.0,4,5.0,2.0,1,0,0,1,4.0,"Garden view,Bathtub,Hair dryer,Cleaning products,Shampoo,Body soap,Hot water,Washer,Dryer,Essentials,Hangers,Bed linens,Extra pillows and blankets,Iron,Clothing storage,Ethernet connection,TV,Books and reading material,Air conditioning,Indoor fireplace,Portable fans,Heating,Smoke alarm,Carbon monoxide alarm,Fire extinguisher,First aid kit,Wifi,Kitchen,Refrigerator,Microwave,Cooking basics,Dishes and silverware,Freezer,Dishwasher,Stove,Oven,Hot water kettle,Coffee maker,Toaster,Baking sheet,Blender,Dining table,Private entrance,Patio or balcony,Outdoor furniture,Free street parking,Luggage dropoff allowed,Self check-in,Keypad",250.0,0.0,5.0,91.0,4.93,5.0,4.8,4.8,73612.0,390.2,0.441,0.441,3.9,161.0,175.6,25773.0,455.1,0.556,portland,49,5235.183333333333,1,1,0,365
117969,Entire rental unit,entire_home,45.51022,-122.63088,2.0,1,1.0,1.0,1,0,0,1,2.0,"Hair dryer,Cleaning products,Shampoo,Conditioner,Body soap,Hot water,Shower gel,Washer,Dryer,Essentials,Hangers,Bed linens,Extra pillows and blankets,Room-darkening shades,Iron,Clothing storage,TV,Books and reading material,Board games,Air conditioning,Indoor fireplace,Heating,Smoke alarm,Carbon monoxide alarm,Fire extinguisher,First aid kit,Wifi,Dedicated workspace,Kitchen,Refrigerator,Microwave,Cooking basics,Dishes and silverware,Mini fridge,Hot water kettle,Coffee maker,Wine glasses,Coffee,Private entrance,Free street parking,EV charger,Luggage dropoff allowed,Long term stays allowed,Self check-in,Lockbox",65.0,0.0,26.0,396.0,4.85,4.9,5.0,4.9,30054.0,114.0,0.66,0.695,4.4,241.0,74.3,7797.0,129.5,0.633,portland,45,2289.5,1,1,0,365
182450,Entire home,entire_home,45.50529,-122.63201,4.0,2,2.0,1.5,0,0,0,0,5.0,"Bathtub,Hair dryer,Shampoo,Hot water,Washer,Dryer,Essentials,Hangers,Bed linens,Extra pillows and blankets,Room-darkening shades,Iron,TV,Air conditioning,Indoor fireplace,Heating,Smoke alarm,Carbon monoxide alarm,Fire extinguisher,First aid kit,Wifi,Kitchen,Refrigerator,Microwave,Cooking basics,Dishes and silverware,Dishwasher,Stove,Oven,Coffee maker,Patio or balcony,Backyard,Outdoor furniture,Outdoor dining area,BBQ grill,Free parking on premises,Free street parking,Luggage dropoff allowed,Long term stays allowed,Self check-in,Keypad",75.0,0.0,25.0,38.0,4.87,4.5,5.0,4.8,8667.0,98.2,0.233,0.81,6.5,85.0,21.5,0.0,107.3,0.0,portland,41,695.5833333333334,1,1,0,365
218708,Entire rental unit,entire_home,45.5236,-122.63458,2.0,1,2.0,1.0,0,0,0,1,30.0,"Bathtub,Hair dryer,Shampoo,Hot water,Essentials,Hangers,Bed linens,Extra pillows and blankets,Room-darkening shades,Iron,Clothing storage,TV,Crib,Pack ’n play/Travel crib,Air conditioning,Heating,Exterior security cameras on property,Smoke alarm,Carbon monoxide alarm,Wifi,Dedicated workspace,Kitchen,Refrigerator,Microwave,Cooking basics,Dishes and silverware,Freezer,Stove,Oven,Coffee maker,Wine glasses,Toaster,Baking sheet,Backyard,Outdoor furniture,Free street parking,Pets allowed,Luggage dropoff allowed,Long term stays allowed,Self check-in,Keypad",2115.0,,24.0,276.0,4.81,4.8,4.9,4.8,2641.0,77.4,0.101,0.151,37.0,37.0,7.2,0.0,81.2,0.0,portland,41,238.65,1,1,0,365
264248,Entire home,entire_home,45.51274,-122.65116,3.0,2,2.0,1.0,1,1,0,0,30.0,"Bathtub,Hair dryer,Cleaning products,Shampoo,Conditioner,Body soap,Hot water,Shower gel,Washer,Dryer,Essentials,Hangers,Bed linens,Extra pillows and blankets,Iron,Clothing storage,TV,Books and reading material,Air conditioning,Indoor fireplace,Ceiling fan,Heating,Smoke alarm,Carbon monoxide alarm,Fire extinguisher,First aid kit,Wifi,Dedicated workspace,Kitchen,Refrigerator,Microwave,Cooking basics,Dishes and silverware,Freezer,Dishwasher,Stove,Oven,Hot water kettle,Coffee maker,Wine glasses,Toaster,Baking sheet,Barbecue utensils,Dining table,Coffee,Private entrance,Patio or balcony,Backyard,Fire pit,Outdoor furniture,Outdoor dining area,BBQ grill,Sun loungers,Free parking on premises,Free street parking,Pets allowed,Long term stays allowed,Self check-in,Lockbox,Cleaning before checkout",3661.0,,31.0,19.0,4.95,4.9,5.0,4.9,20724.0,142.4,0.4,0.948,24.3,146.0,56.8,0.0,143.1,0.0,portland,60,1732.5333333333335,1,1,0,365
317797,Entire condo,entire_home,45.51092,-122.61128,2.0,1,1.0,1.0,0,0,0,0,30.0,"Hair dryer,Cleaning products,Shampoo,Conditioner,Body soap,Hot water,Essentials,Hangers,Bed linens,Extra pillows and blankets,Iron,Clothing storage,Ethernet connection,TV,Books and reading material,Air conditioning,Portable fans,Heating,Exterior security cameras on property,Smoke alarm,Carbon monoxide alarm,Fire extinguisher,First aid kit,Wifi,Dedicated workspace,Kitchen,Refrigerator,Microwave,Cooking basics,Dishes and silverware,Freezer,Stove,Oven,Hot water kettle,Coffee maker,Wine glasses,Toaster,Baking sheet,Dining table,Private entrance,Laundromat nearby,Patio or balcony,Outdoor furniture,Outdoor dining area,BBQ grill,Free street parking,Pets allowed,Long term stays allowed",5420.0,,9.0,48.0,4.65,4.9,4.8,4.6,23182.0,158.6,0.296,0.378,18.0,108.0,63.5,2419.0,126.1,0.122,portland,48,1427.3999999999999,1,1,0,365
362775,Entire guesthouse,entire_home,45.54903,-122.63423,2.0,1,1.0,1.0,1,1,0,0,1.0,"Hair dryer,Cleaning products,Shampoo,Conditioner,Outdoor shower,Hot water,Shower gel,Essentials,Hangers,Bed linens,Extra pillows and blankets,Iron,TV,Crib,Pack ’n play/Travel crib,Children’s books and toys,High chair,Air conditioning,Heating,Smoke alarm,Carbon monoxide alarm,Fire extinguisher,First aid kit,Wifi,Dedicated workspace,Kitchen,Cooking basics,Dishes and silverware,Mini fridge,Stove,Oven,Hot water kettle,Coffee maker,Wine glasses,Toaster,Dining table,Coffee,Patio or balcony,Backyard,Outdoor furniture,Sun loungers,Free parking on premises,Free street parking,Hot tub,Pets allowed,Luggage dropoff allowed,Long term stays allowed,Self check-in,Keypad",85.0,0.0,28.0,579.0,4.77,4.8,4.8,4.7,32447.0,160.0,0.477,0.481,2.3,174.0,77.7,8920.0,168.5,0.511,portland,49,2320.0,1,1,0,365
402191,Entire rental unit,entire_home,45.52671,-122.63666,2.0,1,1.0,1.0,0,0,0,0,30.0,"Bathtub,Hair dryer,Shampoo,Hot water,Essentials,Hangers,Iron,TV,Crib,Pack ’n play/Travel crib,High chair,Air conditioning,Heating,Exterior security cameras on property,Smoke alarm,Carbon monoxide alarm,Wifi,Dedicated workspace,Kitchen,Refrigerator,Microwave,Cooking basics,Dishes and silverware,Freezer,Dishwasher,Stove,Oven,Coffee maker,Patio or balcony,Backyard,Outdoor furniture,Free street parking,Pets allowed,Luggage dropoff allowed,Long term stays allowed,Self check-in,Keypad",2116.0,,20.0,325.0,4.73,4.7,4.9,4.7,1120.0,81.8,0.038,0.089,14.0,14.0,3.1,0.0,81.7,0.0,portland,37,95.43333333333334,1,1,0,365
408577,Tiny home,entire_home,45.50964,-122.61787,4.0,1,2.0,1.0,1,0,0,1,2.0,"Bathtub,Cleaning products,Shampoo,Conditioner,Body soap,Outdoor shower,Hot water,Essentials,Hangers,Bed linens,Extra pillows and blankets,Iron,Clothing storage,Air conditioning,Indoor fireplace,Portable fans,Heating,Exterior security cameras on property,Smoke alarm,Carbon monoxide alarm,Fire extinguisher,First aid kit,Wifi,Kitchen,Refrigerator,Microwave,Cooking basics,Dishes and silverware,Freezer,Stove,Oven,Hot water kettle,Coffee maker,Wine glasses,Toaster,Dining table,Coffee,Private entrance,Laundromat nearby,Backyard,Fire pit,Outdoor furniture,Outdoor dining area,Free parking on premises,Free street parking,Sauna,Self check-in,Keypad",70.0,0.0,5.0,198.0,4.94,4.8,5.0,4.9,19421.0,95.5,0.458,0.458,2.8,167.0,43.2,0.0,98.7,0.0,portland,48,1329.0416666666667,1,1,0,365
483614,Entire home,entire_home,45.55794,-122.61679,4.0,1,2.0,1.0,1,0,0,0,15.0,"Hair dryer,Shampoo,Hot water,Washer,Dryer,Essentials,Hangers,Iron,TV,Children’s books and toys,Children’s dinnerware,Air conditioning,Indoor fireplace,Heating,Smoke alarm,Carbon monoxide alarm,Fire extinguisher,First aid kit,Wifi,Dedicated workspace,Kitchen,Refrigerator,Microwave,Cooking basics,Dishes and silverware,Dishwasher,Stove,Oven,Coffee maker,Patio or balcony,Backyard,Free street parking,Self check-in,Keypad",0.0,,23.0,220.0,4.89,4.9,4.7,4.8,1437.0,97.3,0.036,0.057,6.5,13.0,3.9,88.0,87.1,0.011,portland,34,105.40833333333332,1,1,0,365
525395,Entire bungalow,entire_home,45.47187,-122.67422,5.0,2,3.0,3.0,1,0,0,0,3.0,"Pets allowed,Bathtub,Hair dryer,Cleaning products,Shampoo,Conditioner,Body soap,Bidet,Hot water,Shower gel,Washer,Dryer,Essentials,Hangers,Bed linens,Extra pillows and blankets,Room-darkening shades,Iron,Ethernet connection,TV,Sound system,Game console,Books and reading material,Movie theater,Children’s books and toys,Board games,Air conditioning,Indoor fireplace,Ceiling fan,Portable fans,Heating,Exterior security cameras on property,Smoke alarm,Carbon monoxide alarm,Fire extinguisher,First aid kit,Wifi,Dedicated workspace,Pocket wifi,Kitchen,Refrigerator,Microwave,Cooking basics,Dishes and silverware,Mini fridge,Dishwasher,Stove,Oven,Hot water kettle,Coffee maker,Wine glasses,Toaster,Baking sheet,Blender,Barbecue utensils,Dining table,Coffee,Private entrance,Patio or balcony,Backyard,Fire pit,Outdoor furniture,Hammock,Outdoor dining area,BBQ grill,Free parking on premises,Free street parking,Hot tub,EV charger,Pets allowed,Long term stays allowed,Self check-in,Smart lock",228.0,0.0,26.0,88.0,4.64,4.5,4.9,4.6,41723.0,358.5,0.26,0.389,4.3,95.0,100.6,24753.0,395.1,0.611,portland,73,2838.125,1,1,0,365
531553,Entire rental unit,entire_home,45.55232,-122.67048,2.0,1,1.0,1.0,1,1,0,1,2.0,"Garden view,Hair dryer,Cleaning products,Shampoo,Conditioner,Body soap,Hot water,Shower gel,Essentials,Hangers,Bed linens,Extra pillows and blankets,Iron,Clothing storage,TV,Books and reading material,Air conditioning,Portable fans,Heating,Smoke alarm,Carbon monoxide alarm,Fire extinguisher,Wifi,Dedicated workspace,Kitchen,Refrigerator,Microwave,Cooking basics,Dishes and silverware,Freezer,Stove,Oven,Hot water kettle,Coffee maker,Wine glasses,Toaster,Baking sheet,Barbecue utensils,Dining table,Coffee,Private entrance,Laundromat nearby,Patio or balcony,Backyard,Outdoor furniture,Outdoor dining area,BBQ grill,Free parking on premises,Free street parking,Luggage dropoff allowed,Long term stays allowed,Self check-in,Lockbox",80.0,0.0,19.0,435.0,4.91,4.9,5.0,4.9,28612.0,127.8,0.529,0.541,3.4,193.0,69.0,9057.0,138.4,0.656,portland,53,2055.45,1,1,0,365
546107,Entire guesthouse,entire_home,45.56129,-122.67194,2.0,1,1.0,1.0,1,0,0,0,31.0,"Garden view,Shampoo,Body soap,Bidet,Hot water,Shower gel,Essentials,Hangers,Bed linens,Extra pillows and blankets,Room-darkening shades,Iron,Clothing storage,Air conditioning,Portable fans,Heating,Exterior security cameras on property,Smoke alarm,Carbon monoxide alarm,Fire extinguisher,First aid kit,Wifi,Dedicated workspace,Kitchen,Refrigerator,Microwave,Cooking basics,Dishes and silverware,Mini fridge,Stove,Hot water kettle,Coffee maker,Toaster,Private entrance,Laundromat nearby,Backyard,Hammock,Free parking on premises,Free street parking,EV charger,Single level home,Pets allowed,Long term stays allowed,Self check-in,Lockbox",0.0,,22.0,346.0,4.75,4.7,4.6,4.7,7243.0,72.9,0.34,0.34,17.7,124.0,19.8,0.0,83.7,0.0,portland,45,753.3000000000001,1,1,0,365
557948,Entire home,entire_home,45.50857,-122.64463,5.0,2,2.0,2.0,0,0,0,0,7.0,"Hair dryer,Shampoo,Hot water,Washer,Dryer,Essentials,Hangers,Bed linens,Extra pillows and blankets,Iron,TV,Air conditioning,Indoor fireplace,Heating,Exterior security cameras on property,Smoke alarm,Carbon monoxide alarm,Fire extinguisher,Wifi,Kitchen,Refrigerator,Microwave,Cooking basics,Dishes and silverware,Dishwasher,Stove,Oven,Coffee maker,Private entrance,Patio or balcony,Backyard,BBQ grill,Free parking on premises,Free street parking,EV charger,Self check-in,Keypad",120.0,0.0,31.0,19.0,5.0,4.9,4.9,4.8,17975.0,544.0,0.099,0.099,4.5,36.0,46.9,17398.0,477.0,0.389,portland,37,1632.0,1,1,0,365
580155,Entire home,entire_home,45.53912,-122.66097,3.0,1,2.0,1.0,0,0,0,1,4.0,"Bathtub,Hair dryer,Cleaning products,Shampoo,Conditioner,Body soap,Hot water,Shower gel,Washer,Dryer,Essentials,Hangers,Bed linens,Extra pillows and blankets,Room-darkening shades,Iron,Drying rack for clothing,Clothing storage,Ethernet connection,TV,Piano,Sound system,Air conditioning,Air conditioning,Portable fans,Heating,Exterior security cameras on property,Smoke alarm,Carbon monoxide alarm,Fire extinguisher,First aid kit,Wifi,Dedicated workspace,Kitchen,Refrigerator,Microwave,Cooking basics,Dishes and silverware,Freezer,Stove,Oven,Hot water kettle,Coffee maker,Wine glasses,Toaster,Baking sheet,Blender,Barbecue utensils,Dining table,Coffee,Private entrance,Patio or balcony,Backyard,Outdoor furniture,Outdoor dining area,Sun loungers,Free street parking,Luggage dropoff allowed,Long term stays allowed,Self check-in,Lockbox",114.0,25.0,36.0,101.0,4.95,5.0,4.7,4.8,14216.0,123.7,0.255,0.371,4.4,93.0,33.3,1079.0,102.6,0.111,portland,61,958.6750000000001,1,1,0,365
584676,Entire condo,entire_home,45.52972,-122.69269,3.0,1,1.0,1.0,0,0,0,0,30.0,"Bathtub,Hair dryer,Cleaning products,Shampoo,Body soap,Hot water,Washer,Dryer,Essentials,Hangers,Bed linens,Extra pillows and blankets,Iron,Safe,Clothing storage,TV,Air conditioning,Heating,Smoke alarm,Carbon monoxide alarm,Wifi,Dedicated workspace,Kitchen,Refrigerator,Microwave,Cooking basics,Dishes and silverware,Dishwasher,Stove,Oven,Toaster,Dining table,Private entrance,Elevator,Pets allowed,Long term stays allowed,Host greets you",1631.0,,10.0,83.0,4.74,4.6,5.0,4.7,6367.0,61.9,0.277,0.483,14.4,101.0,17.4,259.0,65.8,0.044,portland,37,520.9916666666667,1,1,0,365
598726,Entire home,entire_home,45.5662,-122.6629,16.0,4,13.0,2.0,0,1,0,0,1.0,"TV,Cable TV,Wifi,Air conditioning,Kitchen,Free parking on premises,Free street parking,Hot tub,Indoor fireplace,Heating,Washer,Dryer,Smoke alarm,Carbon monoxide alarm,First aid kit,Fire extinguisher,Essentials,Shampoo,Lock on bedroom door,Hangers,Hair dryer,Iron,Dedicated workspace,Self check-in,Keypad,Private living room,Private entrance,Outlet covers,Bathtub,High chair,Baby safety gates,Children’s books and toys,Fireplace guards,Crib,Pack ’n play/Travel crib,Hot water,Bed linens,Extra pillows and blankets,Ethernet connection,Microwave,Coffee maker,Refrigerator,Dishwasher,Dishes and silverware,Cooking basics,Oven,Stove,BBQ grill,Luggage dropoff allowed,Long term stays allowed",250.0,0.0,98.0,144.0,4.93,4.9,4.8,4.9,13741.0,416.0,0.079,0.084,7.3,29.0,34.9,0.0,442.7,0.0,portland,50,1005.3333333333334,1,1,0,365
604270,Entire guest suite,entire_home,45.51425,-122.58372,2.0,1,1.0,1.0,1,0,0,1,2.0,"Pets allowed,Garden view,Bathtub,Hair dryer,Cleaning products,Shampoo,Conditioner,Body soap,Hot water,Essentials,Hangers,Bed linens,Extra pillows and blankets,Room-darkening shades,Iron,Clothing storage,TV,Sound system,Books and reading material,Outlet covers,Air conditioning,Heating,Smoke alarm,Carbon monoxide alarm,Fire extinguisher,First aid kit,Wifi,Dedicated workspace,Kitchen,Refrigerator,Microwave,Cooking basics,Dishes and silverware,Freezer,Stove,Oven,Coffee maker,Wine glasses,Toaster,Baking sheet,Blender,Private entrance,Patio or balcony,Outdoor furniture,Free street parking,Luggage dropoff allowed,Long term stays allowed,Self check-in,Lockbox",0.0,0.0,21.0,675.0,4.92,4.9,4.9,4.9,5076.0,131.9,0.107,0.107,7.8,39.0,13.9,3147.0,133.8,0.267,portland,49,428.675,1,1,0,365
722551,Entire home,entire_home,45.64621,-122.85644,16.0,6,6.0,4.0,1,0,0,1,3.0,"Pets allowed,Hair dryer,Shampoo,Hot water,Shower gel,Washer,Dryer,Essentials,Hangers,Bed linens,Extra pillows and blankets,Iron,TV,Pack ’n play/Travel crib,High chair,Baby safety gates,Air conditioning,Indoor fireplace,Heating,Exterior security cameras on property,Smoke alarm,Carbon monoxide alarm,Fire extinguisher,Wifi,Kitchen,Refrigerator,Microwave,Cooking basics,Dishes and silverware,Dishwasher,Stove,Oven,Coffee maker,Baking sheet,Barbecue utensils,Patio or balcony,Backyard,BBQ grill,Free parking on premises,Pets allowed,Luggage dropoff allowed,Self check-in,Keypad",165.0,0.0,30.0,144.0,4.82,4.5,4.9,4.8,73546.0,338.4,0.548,0.581,4.3,200.0,186.1,21980.0,371.9,0.611,portland,43,5640.0,1,1,0,365
775426,Entire home,entire_home,45.55841,-122.65152,6.0,3,4.0,1.5,1,1,0,1,2.0,"Garden view,Hair dryer,Cleaning products,Shampoo,Conditioner,Body soap,Hot water,Shower gel,Washer,Dryer,Essentials,Hangers,Bed linens,Extra pillows and blankets,Iron,Clothing storage,TV,Ping pong table,Books and reading material,Crib,Pack ’n play/Travel crib,Children’s books and toys,High chair,Baby bath,Outlet covers,Board games,Outdoor playground,Air conditioning,Heating,Smoke alarm,Carbon monoxide alarm,Fire extinguisher,First aid kit,Wifi,Kitchen,Refrigerator,Microwave,Cooking basics,Dishes and silverware,Freezer,Dishwasher,Stove,Oven,Hot water kettle,Coffee maker,Wine glasses,Toaster,Baking sheet,Blender,Barbecue utensils,Dining table,Coffee,Private entrance,Laundromat nearby,Patio or balcony,Backyard,Outdoor furniture,Outdoor dining area,BBQ grill,Sun loungers,Free street parking,Single level home,Pets allowed,Luggage dropoff allowed,Long term stays allowed,Self check-in,Smart lock",145.0,0.0,48.0,295.0,4.93,4.9,5.0,4.7,84286.0,312.6,0.66,0.66,3.1,241.0,205.1,18941.0,415.1,0.489,portland,67,6278.05,1,1,0,365
781710,Entire home,entire_home,45.52076,-122.58304,4.0,3,3.0,2.0,0,0,0,0,30.0,"TV,Ping pong table,Wifi,Kitchen,Board games,Books and reading material,Portable fans,Pets allowed,Record player,Trash compactor,Free street parking,Outdoor furniture,Cleaning products,Heating,Clothing storage,Wine glasses,Washer,Dryer,Smoke alarm,Carbon monoxide alarm,Fire extinguisher,Essentials,Hangers,Hair dryer,Dedicated workspace,Self check-in,Freezer,Children’s bikes,Lockbox,Private entrance,Sound system,Bathtub,Blender,Hot water,Body soap,Bed linens,Extra pillows and blankets,Ethernet connection,Microwave,Refrigerator,Piano,Dishwasher,Dishes and silverware,Cooking basics,Oven,Stove,EV charger,BBQ grill,Backyard,Luggage dropoff allowed,Long term stays allowed,Dining table,Baking sheet,Barbecue utensils,Toaster",0.0,,10.0,5.0,5.0,5.0,4.6,5.0,2176.0,106.4,0.058,0.083,21.0,21.0,6.0,0.0,0.0,0.0,portland,55,186.20000000000002,1,1,0,365
784126,Entire rental unit,entire_home,45.49608,-122.68884,2.0,1,,1.0,1,0,0,0,30.0,"Hair dryer,Shampoo,Hot water,Washer,Dryer,Essentials,Hangers,Bed linens,Extra pillows and blankets,Iron,TV,Heating,Wifi,Kitchen,Refrigerator,Microwave,Cooking basics,Dishes and silverware,Dishwasher,Stove,Oven,Coffee maker,Private entrance,Free street parking,Paid parking off premises,Long term stays allowed,Self check-in,Keypad",1815.0,,18.0,62.0,4.85,4.8,4.8,4.8,5942.0,89.7,0.192,0.338,35.0,70.0,16.3,0.0,81.5,0.0,portland,28,523.25,1,1,0,365
801318,Entire home,entire_home,45.55845,-122.64999,9.0,4,4.0,2.0,1,0,1,1,2.0,"Hair dryer,Cleaning products,Shampoo,Conditioner,Body soap,Hot water,Shower gel,Washer,Dryer,Essentials,Hangers,Bed linens,Extra pillows and blankets,Iron,Clothing storage,TV,Sound system,Ping pong table,Books and reading material,Crib,Pack ’n play/Travel crib,Children’s books and toys,High chair,Outlet covers,Board games,Outdoor playground,Air conditioning,Portable fans,Heating,Smoke alarm,Carbon monoxide alarm,Fire extinguisher,First aid kit,Wifi,Kitchen,Refrigerator,Microwave,Cooking basics,Dishes and silverware,Freezer,Dishwasher,Stove,Oven,Hot water kettle,Coffee maker,Wine glasses,Toaster,Baking sheet,Blender,Barbecue utensils,Dining table,Coffee,Private entrance,Laundromat nearby,Patio or balcony,Backyard,Outdoor furniture,Outdoor dining area,BBQ grill,Sun loungers,Free parking on premises,Free street parking,Gym,Pets allowed,Luggage dropoff allowed,Self check-in,Smart lock",165.0,0.0,45.0,132.0,4.95,5.0,4.9,4.9,86779.0,425.1,0.518,0.589,3.3,189.0,214.7,13659.0,562.9,0.289,portland,67,6695.325000000001,1,1,0,365
802966,Entire home,entire_home,45.518324,-122.699501,4.0,2,2.0,1.0,0,0,0,0,31.0,"Garden view,Air conditioning,Bathtub,Hair dryer,Cleaning products,Shampoo,Conditioner,Hot water,Washer,Dryer,Essentials,Hangers,Bed linens,Extra pillows and blankets,Room-darkening shades,Iron,Drying rack for clothing,Clothing storage,TV,Piano,Books and reading material,Air conditioning,Portable fans,Heating,Heating,Smoke alarm,Carbon monoxide alarm,Fire extinguisher,First aid kit,Wifi,Dedicated workspace,Kitchen,Refrigerator,Microwave,Cooking basics,Dishes and silverware,Dishwasher,Stove,Oven,Hot water kettle,Coffee maker,Wine glasses,Toaster,Dining table,Private entrance,Patio or balcony,Outdoor furniture,Outdoor dining area,Free street parking,Single level home,Pets allowed,Luggage dropoff allowed,Long term stays allowed,Self check-in,Keypad",4303.0,,28.0,65.0,4.98,5.0,4.9,4.8,2735.0,164.1,0.052,0.062,6.3,19.0,7.5,2543.0,137.5,0.2,portland,55,259.825,1,1,0,365
822105,Entire home,entire_home,45.55596,-122.64804,6.0,3,3.0,2.0,1,0,0,0,30.0,"TV,Wifi,Air conditioning,Kitchen,Free parking on premises,Hot water kettle,Books and reading material,Pets allowed,Conditioner,Trash compactor,Free street parking,Outdoor furniture,Cleaning products,Indoor fireplace,Drying rack for clothing,Heating,Clothing storage,Wine glasses,Washer,Dryer,Smoke alarm,Carbon monoxide alarm,Fire extinguisher,Essentials,Shampoo,Hangers,Hair dryer,Dedicated workspace,Self check-in,Outdoor dining area,Smart lock,Freezer,Bathtub,Blender,Crib,Pack ’n play/Travel crib,Hot water,Body soap,Bed linens,Extra pillows and blankets,Microwave,Coffee maker,Refrigerator,Fire pit,Dishwasher,Dishes and silverware,Cooking basics,Oven,Stove,EV charger,BBQ grill,Exercise equipment,Shower gel,Patio or balcony,Backyard,Dining table,Baking sheet,Barbecue utensils,Toaster",0.0,,39.0,5.0,4.8,5.0,5.0,4.8,5523.0,181.4,0.093,0.132,17.0,34.0,15.1,0.0,209.9,0.0,portland,59,513.9666666666667,1,1,0,365
838961,Entire guesthouse,entire_home,45.54385,-122.54355,2.0,1,4.0,0.0,1,0,0,1,30.0,"Hair dryer,Body soap,Hot water,Washer,Dryer,Hangers,Bed linens,Extra pillows and blankets,Iron,Safe,Clothing storage,Ethernet connection,TV,High chair,Air conditioning,Ceiling fan,Heating,Heating,Exterior security cameras on property,Smoke alarm,Carbon monoxide alarm,Fire extinguisher,Wifi,Dedicated workspace,Kitchen,Refrigerator,Microwave,Cooking basics,Dishes and silverware,Mini fridge,Dishwasher,Stove,Oven,Hot water kettle,Coffee maker,Wine glasses,Toaster,Baking sheet,Blender,Trash compactor,Barbecue utensils,Coffee,Bread maker,Private entrance,Fire pit,Outdoor furniture,Outdoor dining area,Outdoor kitchen,BBQ grill,Free parking on premises,Free street parking,Long term stays allowed,Self check-in,Lockbox",2134.0,,40.0,44.0,4.86,4.8,4.8,4.8,7404.0,67.0,0.323,0.641,29.5,118.0,20.3,0.0,80.0,0.0,portland,54,658.8333333333334,1,1,0,365
967959,Entire rental unit,entire_home,45.5572,-122.6555,4.0,1,1.0,1.0,1,0,0,1,2.0,"Hair dryer,Shampoo,Hot water,Washer,Dryer,Essentials,Hangers,Iron,TV,Pack ’n play/Travel crib,Air conditioning,Heating,Smoke alarm,Carbon monoxide alarm,Fire extinguisher,Wifi,Kitchen,Refrigerator,Cooking basics,Dishes and silverware,Coffee maker,Free parking on premises,Free street parking,Smoking allowed,Long term stays allowed,Self check-in,Keypad",80.0,0.0,13.0,745.0,4.89,4.9,4.9,4.8,22927.0,105.3,0.504,0.514,3.5,184.0,53.0,8125.0,111.9,0.689,portland,27,1614.6000000000001,1,1,0,365
1100793,Entire guest suite,entire_home,45.47911,-122.64506,2.0,1,2.0,1.0,1,0,0,1,3.0,"Hair dryer,Cleaning products,Shampoo,Conditioner,Body soap,Bidet,Hot water,Shower gel,Washer,Dryer,Essentials,Hangers,Bed linens,Extra pillows and blankets,Room-darkening shades,Clothing storage,TV,Sound system,Books and reading material,Children’s dinnerware,Board games,Portable fans,Heating,Exterior security cameras on property,Smoke alarm,Carbon monoxide alarm,Fire extinguisher,First aid kit,Wifi,Dedicated workspace,Kitchen,Refrigerator,Microwave,Cooking basics,Dishes and silverware,Mini fridge,Freezer,Hot water kettle,Coffee maker,Wine glasses,Toaster,Blender,Coffee,Private entrance,Laundromat nearby,Outdoor furniture,Free parking on premises,Free street parking,EV charger,Pets allowed,Luggage dropoff allowed,Long term stays allowed,Self check-in,Keypad",75.0,0.0,36.0,76.0,4.91,4.9,4.9,4.8,19644.0,120.7,0.392,0.402,4.5,143.0,48.7,5387.0,128.5,0.4,portland,54,1438.341666666667,1,1,0,365
1103529,Entire guesthouse,entire_home,45.55192,-122.65726,3.0,1,2.0,1.0,0,0,0,0,1.0,"Hair dryer,Cleaning products,Shampoo,Conditioner,Body soap,Hot water,Shower gel,Washer,Dryer,Essentials,Hangers,Bed linens,Extra pillows and blankets,Room-darkening shades,Iron,Pack ’n play/Travel crib,Ceiling fan,Portable fans,Heating,Smoke alarm,First aid kit,Wifi,Kitchen,Refrigerator,Microwave,Cooking basics,Dishes and silverware,Mini fridge,Stove,Coffee maker,Wine glasses,Dining table,Private entrance,Free street parking,Pets allowed,Long term stays allowed",52.0,0.0,8.0,1000.0,4.92,4.9,4.9,4.9,30942.0,102.9,0.732,0.738,2.6,267.0,75.8,7857.0,106.8,0.722,portland,36,2289.525,1,1,0,365
1107789,Entire guesthouse,entire_home,45.51904,-122.64412,2.0,1,1.0,1.0,1,0,0,1,3.0,"Hair dryer,Cleaning products,Shampoo,Conditioner,Body soap,Hot water,Shower gel,Washer,Dryer,Essentials,Hangers,Bed linens,Extra pillows and blankets,Room-darkening shades,Iron,Clothing storage,TV,Air conditioning,Heating,Exterior security cameras on property,Smoke alarm,Carbon monoxide alarm,Fire extinguisher,First aid kit,Wifi,Kitchen,Refrigerator,Microwave,Cooking basics,Dishes and silverware,Dishwasher,Stove,Oven,Hot water kettle,Coffee maker,Wine glasses,Toaster,Baking sheet,Blender,Dining table,Coffee,Private entrance,Backyard,Outdoor furniture,Outdoor dining area,Free street parking,Luggage dropoff allowed,Self check-in,Keypad",40.0,0.0,16.0,914.0,4.98,5.0,4.9,5.0,24441.0,98.8,0.586,0.738,3.5,214.0,60.6,7944.0,113.4,0.711,portland,49,1761.9333333333334,1,1,0,365
1242928,Entire townhouse,entire_home,45.55852,-122.66628,4.0,2,2.0,2.0,0,0,0,0,30.0,"Bathtub,Hair dryer,Cleaning products,Shampoo,Conditioner,Body soap,Hot water,Shower gel,Washer,Dryer,Essentials,Hangers,Bed linens,Extra pillows and blankets,Iron,Safe,Clothing storage,TV,Books and reading material,Fireplace guards,Board games,Indoor fireplace,Heating,Smoke alarm,Carbon monoxide alarm,Fire extinguisher,First aid kit,Wifi,Dedicated workspace,Kitchen,Refrigerator,Microwave,Cooking basics,Dishes and silverware,Freezer,Dishwasher,Stove,Oven,Hot water kettle,Coffee maker,Toaster,Blender,Dining table,Private entrance,Patio or balcony,Backyard,Outdoor furniture,Free parking on premises,Free street parking,Long term stays allowed,Self check-in,Keypad",0.0,,37.0,108.0,4.7,4.5,4.8,4.8,6495.0,129.4,0.153,0.348,28.0,56.0,17.8,0.0,144.5,0.0,portland,52,603.8666666666667,1,1,0,365
1242968,Entire guest suite,entire_home,45.5537,-122.67645,2.0,1,1.0,1.0,1,0,0,1,1.0,"Garden view,Bathtub,Hair dryer,Cleaning products,Shampoo,Conditioner,Body soap,Hot water,Shower gel,Essentials,Hangers,Bed linens,Extra pillows and blankets,Room-darkening shades,Iron,Clothing storage,TV,Books and reading material,Air conditioning,Indoor fireplace,Portable fans,Heating,Exterior security cameras on property,Smoke alarm,Carbon monoxide alarm,Fire extinguisher,First aid kit,Wifi,Dedicated workspace,Kitchen,Refrigerator,Microwave,Cooking basics,Dishes and silverware,Freezer,Dishwasher,Stove,Oven,Hot water kettle,Coffee maker,Wine glasses,Toaster,Baking sheet,Barbecue utensils,Dining table,Coffee,Private entrance,Laundromat nearby,Patio or balcony,Backyard,Outdoor furniture,Outdoor dining area,BBQ grill,Free street parking,Single level home,Luggage dropoff allowed,Long term stays allowed,Self check-in,Keypad,Cleaning before checkout",39.0,0.0,30.0,990.0,4.94,5.0,4.9,4.9,39035.0,153.4,0.63,0.639,2.2,230.0,100.5,13509.0,195.1,0.733,portland,60,2940.1666666666665,1,1,0,365
1248994,Entire guest suite,entire_home,45.54725,-122.65495,2.0,1,1.0,1.0,1,0,0,1,30.0,"Hair dryer,Cleaning products,Shampoo,Conditioner,Body soap,Hot water,Washer,Dryer,Essentials,Hangers,Bed linens,Iron,Clothing storage,TV,Books and reading material,Pack ’n play/Travel crib,Portable fans,Heating,Smoke alarm,Carbon monoxide alarm,Wifi,Dedicated workspace,Kitchen,Refrigerator,Microwave,Cooking basics,Dishes and silverware,Freezer,Oven,Hot water kettle,Coffee maker,Wine glasses,Toaster,Baking sheet,Dining table,Coffee,Private entrance,Patio or balcony,Backyard,Outdoor furniture,Outdoor dining area,Free parking on premises,Free street parking,Luggage dropoff allowed,Long term stays allowed",1455.0,,18.0,109.0,4.96,5.0,4.9,4.9,12112.0,52.3,0.652,0.941,18.3,238.0,33.2,54.0,55.5,0.011,portland,45,1037.2833333333333,1,1,0,365
1288320,Entire guest suite,entire_home,45.5406,-122.6638,4.0,2,2.0,1.0,1,0,0,1,2.0,"Hair dryer,Shampoo,Hot water,Shower gel,Washer,Dryer,Essentials,Hangers,Bed linens,Iron,TV,Books and reading material,Board games,Portable fans,Heating,Exterior security cameras on property,Smoke alarm,Carbon monoxide alarm,Wifi,Refrigerator,Microwave,Cooking basics,Dishes and silverware,Coffee maker,Private entrance,Patio or balcony,Free street parking,EV charger,Luggage dropoff allowed,Self check-in,Keypad",40.0,0.0,25.0,670.0,4.79,4.9,4.8,4.8,23086.0,92.7,0.616,0.648,3.0,225.0,56.3,4000.0,100.2,0.4,portland,31,1738.125,1,1,0,365
1408895,Entire bungalow,entire_home,45.54658,-122.58697,3.0,1,1.0,1.0,0,0,0,1,30.0,"Bathtub,Hair dryer,Cleaning products,Shampoo,Conditioner,Body soap,Hot water,Washer,Dryer,Essentials,Hangers,Bed linens,Extra pillows and blankets,Iron,Books and reading material,Air conditioning,Portable fans,Heating,Smoke alarm,Carbon monoxide alarm,Wifi,Kitchen,Refrigerator,Microwave,Cooking basics,Dishes and silverware,Freezer,Dishwasher,Stove,Oven,Hot water kettle,Coffee maker,Wine glasses,Toaster,Blender,Rice maker,Dining table,Coffee,Patio or balcony,Backyard,Free parking on premises,Free street parking,Single level home,Pets allowed,Long term stays allowed,Self check-in,Smart lock",2496.0,,23.0,81.0,4.85,4.9,4.8,4.7,7277.0,91.3,0.23,0.377,21.0,84.0,19.9,0.0,97.6,0.0,portland,47,639.1,1,1,0,365
1525272,Entire condo,entire_home,45.5373,-122.65571,1.0,1,1.0,1.0,0,0,0,0,31.0,"Hair dryer,Shampoo,Essentials,Hangers,Iron,TV,Heating,Smoke alarm,Carbon monoxide alarm,Wifi,Kitchen,Coffee maker",2345.0,,16.0,20.0,4.6,4.8,5.0,4.4,3090.0,69.9,0.129,0.156,47.0,47.0,8.5,0.0,78.0,0.0,portland,12,273.77500000000003,1,1,0,365
1677299,Entire guest suite,entire_home,45.45808,-122.719489,2.0,1,1.0,1.0,0,0,0,0,2.0,"Hair dryer,Cleaning products,Shampoo,Conditioner,Body soap,Hot water,Shower gel,Washer,Dryer,Essentials,Hangers,Bed linens,Extra pillows and blankets,Room-darkening shades,Iron,Drying rack for clothing,Clothing storage,TV,Books and reading material,Board games,Air conditioning,Portable fans,Heating,Smoke alarm,Carbon monoxide alarm,Fire extinguisher,First aid kit,Wifi,Dedicated workspace,Kitchen,Refrigerator,Microwave,Cooking basics,Dishes and silverware,Freezer,Dishwasher,Hot water kettle,Coffee maker,Wine glasses,Toaster,Baking sheet,Barbecue utensils,Dining table,Coffee,Private entrance,Laundromat nearby,Patio or balcony,Backyard,Fire pit,Outdoor furniture,Outdoor dining area,BBQ grill,Free parking on premises,Free street parking,Single level home,Luggage dropoff allowed,Long term stays allowed,Self check-in,Keypad,Cleaning before checkout",142.0,0.0,30.0,84.0,4.96,5.0,4.9,4.9,3890.0,149.6,0.06,0.064,2.4,22.0,9.1,1353.0,133.2,0.089,portland,60,274.26666666666665,1,1,0,365
1850556,Entire guest suite,entire_home,45.53782,-122.6224,2.0,1,1.0,1.0,1,0,0,1,1.0,"Hair dryer,Shampoo,Hot water,Washer,Dryer,Essentials,Hangers,Iron,TV,Heating,Smoke alarm,Carbon monoxide alarm,Fire extinguisher,First aid kit,Wifi,Kitchen,Refrigerator,Microwave,Cooking basics,Dishes and silverware,Dishwasher,Stove,Oven,Coffee maker,Backyard,Free parking on premises,Free street parking,Luggage dropoff allowed,Self check-in,Lockbox",69.0,0.0,20.0,601.0,4.89,4.9,4.9,4.9,5045.0,114.8,0.085,0.085,3.9,31.0,12.3,4547.0,139.2,0.3,portland,30,296.56666666666666,1,1,0,365
1851090,Entire home,entire_home,45.51256,-122.62489,6.0,3,3.0,2.0,0,0,0,1,30.0,"Bathtub,Hair dryer,Cleaning products,Shampoo,Conditioner,Body soap,Hot water,Shower gel,Washer,Dryer,Essentials,Hangers,Bed linens,Extra pillows and blankets,Iron,Clothing storage,TV,Books and reading material,Children’s books and toys,Board games,Air conditioning,Heating,Smoke alarm,Carbon monoxide alarm,Fire extinguisher,First aid kit,Wifi,Dedicated workspace,Kitchen,Refrigerator,Microwave,Cooking basics,Dishes and silverware,Freezer,Dishwasher,Stove,Oven,Hot water kettle,Coffee maker,Wine glasses,Toaster,Baking sheet,Coffee,Private entrance,Patio or balcony,Backyard,Free street parking,EV charger,Luggage dropoff allowed,Long term stays allowed",3949.0,,13.0,40.0,4.98,5.0,5.0,4.9,6877.0,141.9,0.14,0.193,10.2,51.0,18.8,151.0,159.4,0.011,portland,50,603.075,1,1,0,365
1851145,Entire guest suite,entire_home,45.50969,-122.61779,2.0,1,1.0,1.0,1,0,0,1,3.0,"Hair dryer,Shampoo,Hot water,Washer,Dryer,Essentials,Hangers,TV,Air conditioning,Heating,Smoke alarm,Carbon monoxide alarm,Fire extinguisher,Wifi,Refrigerator,Microwave,Cooking basics,Dishes and silverware,Coffee maker,Private entrance,Free parking on premises,Free street parking,Self check-in,Smart lock",60.0,0.0,36.0,346.0,4.97,5.0,5.0,4.9,27882.0,117.5,0.581,0.582,4.3,212.0,69.0,8572.0,131.7,0.667,portland,24,2075.8333333333335,1,1,0,365
1856414,Entire loft,entire_home,45.51462,-122.68498,2.0,1,2.0,1.0,1,0,0,0,30.0,"Wifi,Bathtub,Hair dryer,Cleaning products,Shampoo,Hot water,Washer,Dryer,Essentials,Hangers,Bed linens,Extra pillows and blankets,Room-darkening shades,Iron,Drying rack for clothing,Clothing storage,TV,Books and reading material,Air conditioning,Indoor fireplace,Ceiling fan,Portable fans,Heating,Smoke alarm,Carbon monoxide alarm,Fire extinguisher,First aid kit,Wifi,Dedicated workspace,Kitchen,Refrigerator,Microwave,Cooking basics,Dishes and silverware,Freezer,Dishwasher,Stove,Oven,Hot water kettle,Coffee maker,Wine glasses,Toaster,Baking sheet,Blender,Rice maker,Dining table,Private entrance,Paid parking off premises,Long term stays allowed,Self check-in,Lockbox",2592.0,,15.0,90.0,4.88,5.0,4.7,4.8,10116.0,88.0,0.329,0.577,30.0,120.0,27.7,0.0,100.9,0.0,portland,51,880.0,1,1,0,365
2020615,Entire rental unit,entire_home,45.46587,-122.65336,4.0,1,2.0,1.0,1,0,0,1,1.0,"Hair dryer,Cleaning products,Shampoo,Conditioner,Body soap,Hot water,Shower gel,Essentials,Hangers,Bed linens,Extra pillows and blankets,Room-darkening shades,Iron,Clothing storage,Air conditioning,Ceiling fan,Heating,Smoke alarm,Carbon monoxide alarm,Fire extinguisher,Wifi,Dedicated workspace,Refrigerator,Microwave,Dishes and silverware,Mini fridge,Freezer,Coffee maker,Wine glasses,Dining table,Coffee,Private entrance,Laundromat nearby,Outdoor furniture,Free street parking,Luggage dropoff allowed,Self check-in,Keypad",40.0,0.0,17.0,644.0,4.91,5.0,5.0,4.8,27839.0,97.0,0.701,0.721,2.6,256.0,68.6,6966.0,103.4,0.678,portland,38,2069.3333333333335,1,1,0,365
2101856,Entire guesthouse,entire_home,45.5614,-122.6804,2.0,1,1.0,1.0,0,0,0,1,1.0,"Garden view,Hair dryer,Cleaning products,Shampoo,Conditioner,Body soap,Hot water,Essentials,Hangers,Bed linens,Extra pillows and blankets,Iron,Clothing storage,Children’s dinnerware,Board games,Babysitter recommendations,Air conditioning,Ceiling fan,Portable fans,Heating,Exterior security cameras on property,Smoke alarm,Carbon monoxide alarm,Fire extinguisher,First aid kit,Wifi,Refrigerator,Microwave,Cooking basics,Dishes and silverware,Mini fridge,Freezer,Hot water kettle,Coffee maker,Wine glasses,Toaster,Dining table,Coffee,Private entrance,Patio or balcony,Backyard,Outdoor furniture,Outdoor dining area,Free street parking,Single level home,Luggage dropoff allowed,Self check-in,Keypad",50.0,0.0,20.0,853.0,4.92,4.9,4.9,4.9,29798.0,83.6,0.822,0.845,2.8,300.0,70.0,7359.0,88.6,0.811,portland,48,2090.0,1,1,0,365
2281775,Entire rental unit,entire_home,45.53646,-122.65738,2.0,1,1.0,1.0,1,0,0,1,1.0,"Bathtub,Hair dryer,Shampoo,Hot water,Washer,Dryer,Essentials,Hangers,Bed linens,Extra pillows and blankets,Iron,Heating,Smoke alarm,Fire extinguisher,Wifi,Kitchen,Refrigerator,Microwave,Cooking basics,Dishes and silverware,Stove,Oven,Coffee maker,Private entrance,Patio or balcony,Outdoor dining area,Free street parking,Self check-in,Lockbox",70.0,0.0,5.0,737.0,4.86,4.9,4.9,4.8,22490.0,107.6,0.493,0.497,3.0,180.0,53.2,6490.0,114.9,0.533,portland,29,1614.0,1,1,0,365
6,Entire home,entire_home,32.75522,-117.12873,7.0,3,6.0,2.0,1,0,0,1,2,"Bathtub,Hair dryer,Cleaning products,Shampoo,Conditioner,Body soap,Hot water,Shower gel,Washer,Dryer,Essentials,Hangers,Bed linens,Extra pillows and blankets,Room-darkening shades,Iron,Clothing storage,Ethernet connection,TV,Game console,Books and reading material,Life size games,Mini golf,Crib,Pack ’n play/Travel crib,Children’s books and toys,High chair,Baby monitor,Fireplace guards,Outlet covers,Board games,Babysitter recommendations,Children's playroom,Air conditioning,Ceiling fan,Portable fans,Heating,Exterior security cameras on property,Smoke alarm,Carbon monoxide alarm,Fire extinguisher,First aid kit,Wifi,Dedicated workspace,Kitchen,Refrigerator,Microwave,Cooking basics,Dishes and silverware,Freezer,Dishwasher,Stove,Oven,Coffee maker,Wine glasses,Baking sheet,Barbecue utensils,Dining table,Coffee,Private entrance,Laundromat nearby,Patio or balcony,Backyard,Outdoor furniture,Outdoor dining area,BBQ grill,Beach essentials,Free parking on premises,Free street parking,EV charger,Luggage dropoff allowed,Long term stays allowed,Self check-in,Keypad",150.0,0.0,46.0,248.0,4.86,4.8,4.8,4.8,94143.0,351.9,0.647,0.652,3.5,236.0,231.6,32289.0,471.3,0.7,san_diego,74,6920.7,1,0,0,365
29967,Entire bungalow,entire_home,32.80751,-117.2576,6.0,2,3.0,2.0,0,0,0,0,4,"Hair dryer,Shampoo,Hot water,Washer,Dryer,Essentials,Hangers,Iron,TV,Crib,Pack ’n play/Travel crib,Heating,Smoke alarm,Carbon monoxide alarm,Fire extinguisher,First aid kit,Wifi,Kitchen,Patio or balcony,Free parking on premises,Long term stays allowed",80.0,0.0,27.0,138.0,4.76,4.6,4.9,4.7,78690.0,276.1,0.756,0.775,11.0,276.0,210.1,23364.0,289.4,0.878,san_diego,21,6350.3,1,0,0,365
62949,Entire guest suite,entire_home,32.8066,-117.2348,2.0,1,,1.0,1,0,0,0,1,"TV,Wifi,Air conditioning,Room-darkening shades,Bikes,Portable fans,Hot water,Body soap,Conditioner,Pool view,Mini fridge,Bed linens,Extra pillows and blankets,Free street parking,Laundromat nearby,Outdoor furniture,Microwave,Cleaning products,Coffee maker,Refrigerator,Dishes and silverware,Heating,Coffee,Clothing storage,Wine glasses,Smoke alarm,Shower gel,Carbon monoxide alarm,Patio or balcony,First aid kit,Beach essentials,Luggage dropoff allowed,Essentials,Shampoo,Hangers,Hair dryer,Iron,Dedicated workspace,Self check-in,Keypad,Private entrance,Sound system",0.0,0.0,22.0,1217.0,4.87,4.9,4.8,4.8,16914.0,127.1,0.359,0.359,2.1,131.0,46.3,686.0,126.2,0.056,san_diego,42,1387.5083333333332,1,0,0,365
126344,Entire home,entire_home,32.8066,-117.2584,8.0,3,6.0,2.0,0,0,0,0,7,"Bathtub,Hair dryer,Shampoo,Conditioner,Body soap,Hot water,Washer,Dryer,Essentials,Hangers,Bed linens,Room-darkening shades,Iron,Clothing storage,TV,Books and reading material,Pack ’n play/Travel crib,Children’s books and toys,High chair,Board games,Portable fans,Heating,Exterior security cameras on property,Smoke alarm,Carbon monoxide alarm,Fire extinguisher,Wifi,Kitchen,Refrigerator,Microwave,Cooking basics,Dishes and silverware,Freezer,Dishwasher,Stove,Oven,Hot water kettle,Coffee maker,Wine glasses,Toaster,Baking sheet,Blender,Barbecue utensils,Dining table,Beach access,Private entrance,Backyard,Outdoor furniture,Outdoor dining area,BBQ grill,Beach essentials,Bikes,Free parking on premises,Free street parking,Hot tub,EV charger,Single level home,Pets allowed,Luggage dropoff allowed,Long term stays allowed,Self check-in,Smart lock",200.0,0.0,52.0,212.0,4.72,4.8,4.8,4.6,69790.0,534.0,0.364,0.465,7.0,133.0,181.3,16139.0,718.5,0.267,san_diego,62,5918.5,1,0,0,365
132966,Entire rental unit,entire_home,32.8091,-117.2582,2.0,1,2.0,1.0,0,0,0,0,31,"Cable TV,Wifi,Bathtub,Hair dryer,Cleaning products,Body soap,Hot water,Washer,Dryer,Essentials,Hangers,Bed linens,Extra pillows and blankets,Iron,Clothing storage,Ethernet connection,TV,Books and reading material,Air conditioning,Portable fans,Heating,Exterior security cameras on property,Smoke alarm,Carbon monoxide alarm,Wifi,Dedicated workspace,Kitchen,Refrigerator,Microwave,Cooking basics,Dishes and silverware,Freezer,Stove,Oven,Coffee maker,Wine glasses,Toaster,Blender,Dining table,Beach access,Private entrance,Backyard,BBQ grill,Free parking on premises,Pool,Hot tub,Sauna,Elevator,Gym,Luggage dropoff allowed,Long term stays allowed,Self check-in,Smart lock",3415.0,,74.0,51.0,4.71,4.5,5.0,4.7,17573.0,110.3,0.438,0.788,26.7,160.0,48.1,3446.0,115.4,0.333,san_diego,53,1470.6666666666667,1,0,0,365
182428,Entire rental unit,entire_home,32.7641,-117.2514,4.0,1,3.0,1.0,1,0,0,0,3,"Hair dryer,Cleaning products,Shampoo,Conditioner,Body soap,Outdoor shower,Hot water,Shower gel,Washer,Dryer,Essentials,Hangers,Bed linens,Extra pillows and blankets,Room-darkening shades,Iron,Clothing storage,TV,Books and reading material,Crib,Pack ’n play/Travel crib,Ceiling fan,Portable fans,Heating,Exterior security cameras on property,Smoke alarm,Carbon monoxide alarm,Fire extinguisher,First aid kit,Wifi,Dedicated workspace,Kitchen,Refrigerator,Microwave,Cooking basics,Dishes and silverware,Freezer,Stove,Oven,Coffee maker,Wine glasses,Toaster,Baking sheet,Blender,Barbecue utensils,Dining table,Waterfront,Beach access,Patio or balcony,Outdoor furniture,Outdoor dining area,BBQ grill,Beach essentials,Free parking on premises,Free street parking,Long term stays allowed,Self check-in,Lockbox",125.0,0.0,12.0,23.0,4.61,4.8,4.9,4.5,13676.0,234.2,0.184,0.247,9.6,67.0,35.4,1661.0,238.5,0.089,san_diego,58,1307.6166666666666,1,0,0,365
190225,Entire home,entire_home,32.8401,-117.2692,15.0,5,9.0,4.0,1,0,0,1,3,"Pool view,Bathtub,Hair dryer,Cleaning products,Shampoo,Conditioner,Body soap,Hot water,Shower gel,Washer,Dryer,Essentials,Hangers,Bed linens,Extra pillows and blankets,Room-darkening shades,Iron,Clothing storage,Ethernet connection,TV,Books and reading material,Pack ’n play/Travel crib,Children’s books and toys,High chair,Children’s dinnerware,Fireplace guards,Outlet covers,Board games,Baby safety gates,Air conditioning,Indoor fireplace,Ceiling fan,Heating,Exterior security cameras on property,Smoke alarm,Carbon monoxide alarm,Fire extinguisher,First aid kit,Wifi,Kitchen,Refrigerator,Microwave,Cooking basics,Dishes and silverware,Mini fridge,Freezer,Dishwasher,Stove,Oven,Hot water kettle,Coffee maker,Wine glasses,Toaster,Baking sheet,Blender,Rice maker,Barbecue utensils,Dining table,Private entrance,Patio or balcony,Backyard,Outdoor furniture,Outdoor dining area,BBQ grill,Sun loungers,Free street parking,Pool,Hot tub,Long term stays allowed,Self check-in,Keypad",250.0,0.0,84.0,358.0,4.9,4.8,5.0,4.8,189512.0,788.8,0.6,0.613,4.3,219.0,485.0,60949.0,807.1,0.756,san_diego,71,14395.599999999999,1,0,0,365
211583,Entire cottage,entire_home,32.76757,-117.25103,4.0,2,3.0,1.0,1,0,0,1,3,"Bathtub,Hair dryer,Cleaning products,Shampoo,Conditioner,Body soap,Outdoor shower,Hot water,Washer,Dryer,Essentials,Hangers,Bed linens,Extra pillows and blankets,Room-darkening shades,Iron,Clothing storage,TV,Books and reading material,Pack ’n play/Travel crib,Children’s books and toys,High chair,Children’s dinnerware,Outlet covers,Board games,Baby safety gates,Table corner guards,Indoor fireplace,Ceiling fan,Portable fans,Heating,Exterior security cameras on property,Smoke alarm,Carbon monoxide alarm,Fire extinguisher,First aid kit,Wifi,Dedicated workspace,Kitchen,Refrigerator,Microwave,Cooking basics,Dishes and silverware,Freezer,Stove,Oven,Hot water kettle,Coffee maker,Wine glasses,Toaster,Baking sheet,Blender,Barbecue utensils,Dining table,Beach access,Private entrance,Patio or balcony,Backyard,Outdoor furniture,Outdoor dining area,BBQ grill,Beach essentials,Bikes,Kayak,Free parking on premises,Single level home,Self check-in,Lockbox",100.0,0.0,39.0,280.0,4.9,4.9,5.0,4.9,55651.0,313.7,0.46,0.664,6.7,168.0,145.6,24290.0,357.9,0.711,san_diego,68,4391.8,1,0,0,365
213653,Entire home,entire_home,32.92565,-117.24847,10.0,4,5.0,3.5,1,0,0,0,4,"Cable TV,Bathtub,Hair dryer,Shampoo,Conditioner,Body soap,Hot water,Shower gel,Washer,Dryer,Essentials,Hangers,Bed linens,Extra pillows and blankets,Room-darkening shades,Iron,Clothing storage,Game console,Pack ’n play/Travel crib,Board games,Air conditioning,Indoor fireplace,Ceiling fan,Portable fans,Heating,Smoke alarm,Carbon monoxide alarm,Fire extinguisher,First aid kit,Wifi,Kitchen,Refrigerator,Microwave,Cooking basics,Dishes and silverware,Freezer,Dishwasher,Stove,Oven,Hot water kettle,Coffee maker,Wine glasses,Toaster,Baking sheet,Blender,Rice maker,Barbecue utensils,Dining table,Beach access,Private entrance,Patio or balcony,Outdoor furniture,Outdoor dining area,BBQ grill,Beach essentials,Free parking on premises,Free street parking,EV charger,Long term stays allowed,Self check-in,Smart lock",375.0,0.0,131.0,80.0,4.95,4.9,5.0,4.8,34888.0,698.2,0.112,0.27,10.3,41.0,91.5,0.0,518.4,0.0,san_diego,61,2385.516666666667,1,0,0,365
293609,Entire home,entire_home,32.7591,-117.1444,5.0,2,2.0,1.0,1,0,0,1,2,"Garden view,Hair dryer,Shampoo,Conditioner,Body soap,Hot water,Shower gel,Washer,Dryer,Essentials,Hangers,Bed linens,Extra pillows and blankets,Room-darkening shades,Iron,Drying rack for clothing,Clothing storage,TV,Fireplace guards,Air conditioning,Ceiling fan,Heating,Exterior security cameras on property,Smoke alarm,Carbon monoxide alarm,Fire extinguisher,First aid kit,Wifi,Dedicated workspace,Kitchen,Refrigerator,Microwave,Cooking basics,Dishes and silverware,Dishwasher,Stove,Oven,Hot water kettle,Coffee maker,Wine glasses,Toaster,Baking sheet,Blender,Barbecue utensils,Dining table,Private entrance,Patio or balcony,Backyard,Outdoor furniture,Outdoor dining area,BBQ grill,Free street parking,Hot tub,Single level home,Pets allowed,Long term stays allowed,Self check-in,Smart lock",98.0,0.0,29.0,409.0,4.91,4.9,4.9,4.8,51308.0,290.1,0.425,0.425,4.1,155.0,130.6,20481.0,364.8,0.578,san_diego,58,3747.125,1,0,0,365
299720,Entire condo,entire_home,32.73464,-117.16452,4.0,1,1.0,1.0,1,0,0,0,31,"Bathtub,Hair dryer,Cleaning products,Shampoo,Conditioner,Body soap,Hot water,Washer,Dryer,Essentials,Hangers,Bed linens,Extra pillows and blankets,Room-darkening shades,Iron,Clothing storage,Ethernet connection,TV,Piano,Air conditioning,Indoor fireplace,Ceiling fan,Heating,Smoke alarm,Carbon monoxide alarm,Wifi,Kitchen,Refrigerator,Microwave,Cooking basics,Dishes and silverware,Freezer,Dishwasher,Stove,Oven,Hot water kettle,Coffee maker,Wine glasses,Toaster,Baking sheet,Blender,Dining table,Coffee,Patio or balcony,Outdoor furniture,Outdoor dining area,BBQ grill,Free parking on premises,Pool,Hot tub,Elevator,Gym,Paid parking on premises,Single level home,Luggage dropoff allowed,Long term stays allowed,Self check-in,Keypad",3286.0,,5.0,73.0,4.74,4.6,4.9,4.6,16460.0,117.5,0.389,0.604,28.4,142.0,45.1,0.0,120.3,0.0,san_diego,58,1390.4166666666667,1,0,0,365
359971,Entire rental unit,entire_home,32.75568,-117.14679,2.0,1,1.0,1.0,1,0,0,1,18,"Bathtub,Hair dryer,Shampoo,Hot water,Washer,Dryer,Essentials,Hangers,Room-darkening shades,Iron,Clothing storage,TV,Heating,Smoke alarm,Carbon monoxide alarm,Fire extinguisher,Wifi,Dedicated workspace,Kitchen,Refrigerator,Microwave,Dishes and silverware,Dishwasher,Stove,Oven,Coffee maker,Patio or balcony,Outdoor furniture,Outdoor dining area,Free parking on premises,Elevator,Long term stays allowed,Self check-in,Lockbox",110.0,0.0,33.0,111.0,4.86,4.7,4.8,4.8,27068.0,126.7,0.553,0.771,16.8,202.0,70.5,230.0,118.6,0.011,san_diego,34,2132.7833333333333,1,0,0,365
366811,Entire home,entire_home,32.81801,-117.16826,4.0,1,2.0,1.0,1,0,0,1,3,"Bathtub,Hair dryer,Shampoo,Body soap,Hot water,Essentials,Hangers,Bed linens,Extra pillows and blankets,Room-darkening shades,Iron,TV,Pool table,Air conditioning,Ceiling fan,Heating,Exterior security cameras on property,Smoke alarm,Carbon monoxide alarm,Wifi,Dedicated workspace,Refrigerator,Microwave,Dishes and silverware,Mini fridge,Coffee maker,Toaster,Dining table,Private entrance,Patio or balcony,Outdoor furniture,Free parking on premises,Free street parking,Self check-in,Keypad",75.0,0.0,10.0,416.0,4.9,4.8,4.9,4.9,26678.0,145.2,0.463,0.65,5.6,169.0,67.7,7408.0,162.7,0.456,san_diego,35,2044.8999999999999,1,0,0,365
373322,Entire condo,entire_home,32.79252,-117.23128,5.0,2,3.0,2.0,0,0,0,0,3,"TV,Bathtub,Hair dryer,Shampoo,Hot water,Washer,Dryer,Essentials,Hangers,Bed linens,Room-darkening shades,TV,Children’s books and toys,Heating,Smoke alarm,Carbon monoxide alarm,Fire extinguisher,Wifi,Kitchen,Refrigerator,Microwave,Cooking basics,Dishes and silverware,Dishwasher,Stove,Oven,Coffee maker,Patio or balcony,Outdoor furniture,Outdoor dining area,BBQ grill,Free parking on premises,Pets allowed,Self check-in,Smart lock",411.0,0.0,43.0,27.0,4.56,4.1,4.9,4.2,8084.0,343.2,0.066,0.168,8.0,24.0,19.9,8084.0,294.3,0.267,san_diego,35,686.4,1,0,0,365
401431,Entire home,entire_home,32.75103,-117.24745,2.0,1,1.0,1.0,1,0,0,1,2,"Hair dryer,Hot water,Washer,Dryer,Essentials,Hangers,Bed linens,Extra pillows and blankets,Iron,Ethernet connection,TV,Heating,Smoke alarm,Carbon monoxide alarm,Fire extinguisher,Wifi,Kitchen,Refrigerator,Microwave,Cooking basics,Dishes and silverware,Stove,Oven,Coffee maker,Private entrance,Patio or balcony,Free street parking,Pets allowed,Self check-in,Lockbox",90.0,0.0,20.0,144.0,4.91,4.8,4.9,4.8,50818.0,158.4,0.795,0.817,4.5,290.0,125.7,11406.0,158.0,0.689,san_diego,30,3828.0,1,0,0,365
438786,Entire home,entire_home,32.7497,-117.1446,3.0,1,1.0,1.0,1,0,0,1,1,"Wifi,Hair dryer,Shampoo,Conditioner,Body soap,Essentials,Hangers,Bed linens,Room-darkening shades,TV,Children’s books and toys,Air conditioning,Heating,Fire extinguisher,Wifi,Dedicated workspace,Kitchen,Refrigerator,Microwave,Dishes and silverware,Mini fridge,Stove,Oven,Coffee maker,Toaster,Dining table,Coffee,Private entrance,Laundromat nearby,Patio or balcony,Outdoor furniture,Outdoor dining area,Free street parking,Pets allowed,Self check-in,Keypad",105.0,0.0,48.0,747.0,4.82,4.8,4.9,4.8,50549.0,155.6,0.775,0.786,3.5,283.0,118.1,8186.0,167.8,0.489,san_diego,36,3669.566666666666,1,0,0,365
472433,Entire home,entire_home,32.8279,-117.2797,8.0,5,5.0,4.0,0,0,0,1,3,"Cable TV,Ocean view,Gym,Hair dryer,Shampoo,Hot water,Shower gel,Washer,Dryer,Essentials,Hangers,Bed linens,Extra pillows and blankets,Iron,Ethernet connection,TV,Air conditioning,Indoor fireplace,Heating,Smoke alarm,Carbon monoxide alarm,Fire extinguisher,First aid kit,Wifi,Kitchen,Refrigerator,Microwave,Cooking basics,Dishes and silverware,Dishwasher,Stove,Oven,Coffee maker,Baking sheet,Barbecue utensils,Waterfront,Beach access,Private entrance,Patio or balcony,BBQ grill,Beach essentials,Free parking on premises,Free street parking,Long term stays allowed,Self check-in,Keypad",450.0,0.0,29.0,55.0,4.94,4.9,5.0,4.7,144399.0,1303.8,0.285,0.348,4.2,104.0,367.3,29327.0,1657.3,0.189,san_diego,46,11299.599999999999,1,0,0,365
483688,Entire home,entire_home,32.766,-117.1907,10.0,3,5.0,2.0,1,0,1,1,3,"Hair dryer,Cleaning products,Shampoo,Conditioner,Body soap,Hot water,Shower gel,Washer,Dryer,Essentials,Hangers,Bed linens,Iron,TV,Piano,Pack ’n play/Travel crib,High chair,Air conditioning,Indoor fireplace,Ceiling fan,Heating,Exterior security cameras on property,Smoke alarm,Carbon monoxide alarm,Fire extinguisher,First aid kit,Wifi,Kitchen,Refrigerator,Microwave,Cooking basics,Dishes and silverware,Freezer,Dishwasher,Stove,Oven,Coffee maker,Coffee,Private entrance,Laundromat nearby,Patio or balcony,Backyard,Outdoor furniture,Outdoor dining area,BBQ grill,Free parking on premises,Free street parking,EV charger,Single level home,Luggage dropoff allowed,Long term stays allowed,Self check-in,Keypad",165.0,0.0,35.0,440.0,4.83,4.7,4.9,4.8,85311.0,366.2,0.553,0.553,3.0,202.0,205.2,27659.0,462.0,0.622,san_diego,53,6164.366666666666,1,0,0,365
561997,Entire home,entire_home,32.805746,-117.195456,6.0,2,3.0,1.0,1,0,0,1,3,"Bathtub,Hair dryer,Cleaning products,Shampoo,Conditioner,Body soap,Hot water,Shower gel,Washer,Dryer,Essentials,Hangers,Bed linens,Extra pillows and blankets,Room-darkening shades,Iron,Drying rack for clothing,Safe,Clothing storage,Ethernet connection,TV,Sound system,Exercise equipment,Books and reading material,Pack ’n play/Travel crib,Children’s books and toys,High chair,Fireplace guards,Board games,Baby safety gates,Air conditioning,Indoor fireplace,Ceiling fan,Portable fans,Heating,Smoke alarm,Carbon monoxide alarm,Fire extinguisher,First aid kit,Wifi,Dedicated workspace,Kitchen,Refrigerator,Microwave,Cooking basics,Dishes and silverware,Freezer,Dishwasher,Stove,Oven,Hot water kettle,Coffee maker,Wine glasses,Toaster,Baking sheet,Blender,Rice maker,Barbecue utensils,Dining table,Coffee,Private entrance,Laundromat nearby,Patio or balcony,Backyard,Fire pit,Outdoor furniture,Outdoor dining area,BBQ grill,Beach essentials,Free parking on premises,Free street parking,Sauna,Long term stays allowed,Cleaning before checkout",140.0,0.0,72.0,266.0,4.97,4.9,4.9,4.8,68441.0,324.9,0.51,0.515,5.2,186.0,174.1,23208.0,436.9,0.567,san_diego,74,5035.95,1,0,0,365
585426,Entire home,entire_home,32.76731,-117.125,8.0,4,5.0,2.0,1,0,0,0,4,"Bathtub,Hair dryer,Cleaning products,Shampoo,Conditioner,Body soap,Hot water,Shower gel,Washer,Dryer,Essentials,Hangers,Bed linens,Iron,Clothing storage,TV,Air conditioning,Heating,Smoke alarm,Carbon monoxide alarm,Wifi,Dedicated workspace,Kitchen,Refrigerator,Microwave,Cooking basics,Dishes and silverware,Freezer,Dishwasher,Stove,Oven,Coffee maker,Toaster,Blender,Dining table,Coffee,Private entrance,BBQ grill,Free parking on premises,Free street parking,Pets allowed",125.0,0.0,41.0,222.0,4.68,4.6,4.8,4.7,51506.0,218.7,0.595,0.615,5.6,217.0,128.1,13288.0,256.6,0.544,san_diego,41,3954.8249999999994,1,0,0,365
585469,Entire rental unit,entire_home,32.72963,-117.12269,2.0,1,1.0,1.0,1,0,0,0,21,"Wifi,Hair dryer,Cleaning products,Shampoo,Conditioner,Body soap,Hot water,Washer,Dryer,Essentials,Hangers,Bed linens,Extra pillows and blankets,Iron,Clothing storage,TV,Air conditioning,Ceiling fan,Heating,Exterior security cameras on property,Smoke alarm,Fire extinguisher,Wifi,Dedicated workspace,Kitchen,Refrigerator,Microwave,Cooking basics,Dishes and silverware,Mini fridge,Freezer,Stove,Oven,Coffee maker,Wine glasses,Toaster,Baking sheet,Dining table,Coffee,Private entrance,Patio or balcony,Backyard,Outdoor furniture,Outdoor dining area,Beach essentials,Free parking on premises,Free street parking,Luggage dropoff allowed,Long term stays allowed",3320.0,,17.0,743.0,4.9,4.9,4.9,4.9,10783.0,120.2,0.214,0.338,9.8,78.0,29.5,659.0,113.6,0.067,san_diego,49,781.3000000000001,1,0,0,365
610920,Entire home,entire_home,32.81248,-117.26755,5.0,3,3.0,2.0,1,0,0,1,3,"Garden view,Gym,Ocean view,Air conditioning,Bathtub,Hair dryer,Cleaning products,Shampoo,Conditioner,Body soap,Outdoor shower,Hot water,Shower gel,Washer,Dryer,Essentials,Hangers,Bed linens,Extra pillows and blankets,Iron,Clothing storage,Ethernet connection,TV,Piano,Board games,Babysitter recommendations,Indoor fireplace,Ceiling fan,Heating,Exterior security cameras on property,Smoke alarm,Carbon monoxide alarm,Fire extinguisher,First aid kit,Wifi,Dedicated workspace,Kitchen,Refrigerator,Microwave,Cooking basics,Dishes and silverware,Freezer,Dishwasher,Stove,Oven,Hot water kettle,Coffee maker,Wine glasses,Toaster,Baking sheet,Blender,Barbecue utensils,Dining table,Beach access,Private entrance,Patio or balcony,Backyard,Fire pit,Outdoor furniture,Outdoor dining area,BBQ grill,Free parking on premises,Free street parking,Hot tub,Self check-in,Lockbox",375.0,0.0,5.0,19.0,4.95,4.7,5.0,4.8,68718.0,1015.0,0.164,0.286,12.0,60.0,184.2,7782.0,1165.4,0.067,san_diego,66,5075.0,1,0,0,365
637308,Entire home,entire_home,32.83984,-117.26885,16.0,6,7.0,5.5,0,0,0,0,31,"TV,Host greets you,Cable TV,Wifi,Air conditioning,Pool,Kitchen,Board games,Free parking on premises,Pool table,Portable fans,Ceiling fan,Outdoor furniture,Hot tub,Cleaning products,Indoor fireplace,Heating,Clothing storage,Washer,Dryer,Smoke alarm,Carbon monoxide alarm,First aid kit,Fire extinguisher,Hangers,Hair dryer,Iron,Outdoor dining area,Bathtub,High chair,Pack ’n play/Travel crib,Game console,Hot water,Bed linens,Extra pillows and blankets,Ethernet connection,Pocket wifi,Microwave,Coffee maker,Refrigerator,Dishwasher,Dishes and silverware,Cooking basics,Oven,Stove,BBQ grill,Patio or balcony,Backyard,Luggage dropoff allowed,Long term stays allowed,Cleaning before checkout",0.0,0.0,24.0,6.0,5.0,4.8,5.0,4.8,24894.0,1337.1,0.049,0.05,4.5,18.0,68.2,0.0,1251.0,0.0,san_diego,51,2005.6499999999999,1,0,0,365
723387,Entire cottage,entire_home,32.7943,-117.2427,2.0,1,1.0,1.0,1,0,0,1,4,"Hair dryer,Cleaning products,Shampoo,Conditioner,Body soap,Hot water,Washer,Dryer,Essentials,Hangers,Bed linens,Iron,Clothing storage,TV,Books and reading material,Board games,Air conditioning,Ceiling fan,Portable fans,Heating,Smoke alarm,Carbon monoxide alarm,Wifi,Dedicated workspace,Kitchen,Refrigerator,Microwave,Cooking basics,Dishes and silverware,Dishwasher,Stove,Oven,Coffee maker,Wine glasses,Toaster,Baking sheet,Barbecue utensils,Dining table,Coffee,Beach access,Patio or balcony,Backyard,Outdoor furniture,Outdoor dining area,BBQ grill,Beach essentials,Free parking on premises,Free street parking,Single level home,Long term stays allowed,Self check-in,Lockbox",95.0,0.0,24.0,197.0,4.86,4.9,4.9,4.8,35171.0,241.8,0.375,0.509,6.0,137.0,91.2,12342.0,246.2,0.533,san_diego,52,2760.5499999999997,1,0,0,365
756982,Entire home,entire_home,32.84273,-117.2696,4.0,2,2.0,1.0,1,0,0,1,2,"Hair dryer,Shampoo,Conditioner,Hot water,Shower gel,Washer,Dryer,Essentials,Hangers,Bed linens,Extra pillows and blankets,Iron,TV,Crib,Pack ’n play/Travel crib,Air conditioning,Heating,Smoke alarm,Carbon monoxide alarm,First aid kit,Wifi,Dedicated workspace,Kitchen,Refrigerator,Microwave,Cooking basics,Dishes and silverware,Dishwasher,Stove,Oven,Coffee maker,Baking sheet,Barbecue utensils,Private entrance,Patio or balcony,BBQ grill,Beach essentials,Free parking on premises,Free street parking,Self check-in,Lockbox",120.0,0.0,29.0,382.0,4.74,4.6,4.9,4.7,6029.0,328.2,0.049,0.049,9.0,18.0,15.9,0.0,0.0,0.0,san_diego,41,492.29999999999995,1,0,0,365
778962,Entire home,entire_home,32.7505,-117.1417,4.0,1,1.0,1.0,1,0,0,1,2,"Garden view,Hair dryer,Shampoo,Conditioner,Body soap,Hot water,Shower gel,Washer,Dryer,Essentials,Hangers,Bed linens,Extra pillows and blankets,Room-darkening shades,Iron,Drying rack for clothing,Clothing storage,TV,Air conditioning,Ceiling fan,Heating,Exterior security cameras on property,Smoke alarm,Carbon monoxide alarm,Fire extinguisher,First aid kit,Wifi,Dedicated workspace,Kitchen,Refrigerator,Microwave,Cooking basics,Dishes and silverware,Dishwasher,Stove,Oven,Hot water kettle,Coffee maker,Wine glasses,Toaster,Baking sheet,Blender,Barbecue utensils,Dining table,Private entrance,Backyard,BBQ grill,Free street parking,Single level home,Pets allowed,Long term stays allowed,Self check-in,Lockbox,Cleaning before checkout",107.0,0.0,53.0,366.0,4.86,4.9,4.8,4.8,26030.0,223.3,0.296,0.296,4.7,108.0,64.9,4295.0,272.7,0.144,san_diego,54,2009.7,1,0,0,365
797668,Entire home,entire_home,32.76038,-117.24965,6.0,2,5.0,1.0,1,0,0,1,2,"Hair dryer,Cleaning products,Shampoo,Conditioner,Hot water,Washer,Dryer,Essentials,Hangers,Bed linens,Extra pillows and blankets,Room-darkening shades,Iron,TV,Books and reading material,Pack ’n play/Travel crib,Children’s books and toys,High chair,Children’s dinnerware,Outlet covers,Baby safety gates,Children’s bikes,Air conditioning,Indoor fireplace,Ceiling fan,Portable fans,Heating,Smoke alarm,Carbon monoxide alarm,Fire extinguisher,First aid kit,Wifi,Kitchen,Refrigerator,Microwave,Cooking basics,Dishes and silverware,Freezer,Dishwasher,Stove,Oven,Hot water kettle,Coffee maker,Wine glasses,Toaster,Baking sheet,Blender,Rice maker,Barbecue utensils,Dining table,Coffee,Beach access,Private entrance,Patio or balcony,Outdoor furniture,Outdoor dining area,BBQ grill,Beach essentials,Bikes,Free parking on premises,Free street parking,EV charger,Single level home,Luggage dropoff allowed,Long term stays allowed,Self check-in,Smart lock",185.0,0.0,5.0,512.0,4.89,4.9,5.0,4.9,86094.0,312.9,0.627,0.638,3.8,229.0,207.5,28583.0,406.9,0.7,san_diego,67,5971.174999999999,1,0,0,365
806120,Entire rental unit,entire_home,32.7227,-117.124,4.0,2,3.0,1.0,1,1,1,1,31,"TV,Air conditioning,Wifi,Bathtub,Hair dryer,Shampoo,Conditioner,Body soap,Hot water,Shower gel,Washer,Dryer,Essentials,Hangers,Bed linens,Extra pillows and blankets,Room-darkening shades,Iron,Drying rack for clothing,Clothing storage,TV,Crib,Pack ’n play/Travel crib,Air conditioning,Air conditioning,Heating,Smoke alarm,Carbon monoxide alarm,Fire extinguisher,Wifi,Dedicated workspace,Kitchen,Refrigerator,Microwave,Cooking basics,Dishes and silverware,Freezer,Stove,Oven,Coffee maker,Toaster,Baking sheet,Blender,Coffee,Private entrance,Patio or balcony,Backyard,Fire pit,Outdoor furniture,Hammock,BBQ grill,Free parking on premises,Free street parking,Hot tub,EV charger,Single level home,Pets allowed,Long term stays allowed,Self check-in,Keypad",0.0,,41.0,71.0,4.8,4.8,4.8,4.8,9234.0,164.8,0.159,0.314,19.3,58.0,25.3,1537.0,171.4,0.1,san_diego,60,796.5333333333334,1,0,0,365
816942,Entire condo,entire_home,32.78608,-117.10822,4.0,1,1.0,1.0,1,0,0,1,31,"Elevator,Bathtub,Hair dryer,Shampoo,Conditioner,Body soap,Hot water,Washer,Dryer,Essentials,Hangers,Iron,Clothing storage,TV,Books and reading material,Pack ’n play/Travel crib,Children’s books and toys,Air conditioning,Heating,Smoke alarm,Carbon monoxide alarm,Fire extinguisher,First aid kit,Wifi,Dedicated workspace,Kitchen,Refrigerator,Microwave,Cooking basics,Dishes and silverware,Dishwasher,Stove,Oven,Hot water kettle,Coffee maker,Wine glasses,Blender,Dining table,Patio or balcony,Free parking on premises,Free street parking,Pool,Hot tub,Elevator,Single level home,Long term stays allowed,Self check-in,Smart lock",0.0,,22.0,138.0,4.89,4.8,4.7,4.8,13612.0,121.1,0.312,0.525,14.3,114.0,37.3,122.0,119.5,0.011,san_diego,48,1150.45,1,0,0,365
821576,Entire bungalow,entire_home,32.80691,-117.25604,6.0,2,2.0,1.0,0,0,0,0,4,"Bathtub,Hair dryer,Shampoo,Conditioner,Body soap,Hot water,Shower gel,Washer,Dryer,Essentials,Hangers,Bed linens,Iron,Clothing storage,TV,Crib,Heating,Fire extinguisher,Wifi,Refrigerator,Microwave,Cooking basics,Dishes and silverware,Freezer,Stove,Oven,Coffee maker,Wine glasses,Toaster,Baking sheet,Blender,Barbecue utensils,Dining table,Private entrance,Patio or balcony,Outdoor furniture,Outdoor dining area,BBQ grill,Sun loungers,Free parking on premises,Free street parking,Luggage dropoff allowed,Long term stays allowed,Self check-in,Keypad",80.0,0.0,39.0,94.0,4.73,4.6,4.9,4.6,40376.0,266.1,0.414,0.627,12.6,151.0,108.0,3438.0,313.8,0.111,san_diego,45,3348.4250000000006,1,0,0,365
873742,Entire guest suite,entire_home,32.7252,-117.1274,4.0,1,2.0,1.0,1,0,0,1,3,"Bathtub,Hair dryer,Cleaning products,Shampoo,Conditioner,Body soap,Hot water,Shower gel,Essentials,Hangers,Bed linens,Extra pillows and blankets,Room-darkening shades,Iron,Drying rack for clothing,Clothing storage,TV,Crib,Pack ’n play/Travel crib,High chair,Children’s dinnerware,Outlet covers,Air conditioning,Ceiling fan,Portable fans,Heating,Smoke alarm,Carbon monoxide alarm,Fire extinguisher,First aid kit,Wifi,Kitchen,Refrigerator,Microwave,Cooking basics,Dishes and silverware,Freezer,Dishwasher,Stove,Oven,Hot water kettle,Coffee maker,Wine glasses,Toaster,Baking sheet,Blender,Barbecue utensils,Coffee,Private entrance,Laundromat nearby,Patio or balcony,Backyard,Outdoor furniture,Outdoor dining area,BBQ grill,Beach essentials,Free parking on premises,Free street parking,Single level home,Self check-in,Keypad",80.0,0.0,26.0,652.0,4.89,4.9,4.9,4.9,40165.0,155.4,0.636,0.701,3.7,232.0,97.5,8336.0,173.1,0.467,san_diego,61,3004.4,1,0,0,365
885550,Entire condo,entire_home,32.78346,-117.10798,6.0,2,3.0,1.0,1,1,0,0,31,"Air conditioning,Bathtub,Hair dryer,Cleaning products,Shampoo,Conditioner,Body soap,Hot water,Washer,Dryer,Essentials,Hangers,Bed linens,Extra pillows and blankets,Iron,Clothing storage,TV,Exercise equipment,Books and reading material,Children’s books and toys,Air conditioning,Ceiling fan,Portable fans,Heating,Smoke alarm,Carbon monoxide alarm,First aid kit,Wifi,Dedicated workspace,Kitchen,Refrigerator,Microwave,Cooking basics,Dishes and silverware,Freezer,Dishwasher,Stove,Oven,Coffee maker,Wine glasses,Toaster,Baking sheet,Rice maker,Barbecue utensils,Private entrance,Patio or balcony,Outdoor furniture,Outdoor dining area,BBQ grill,Beach essentials,Sun loungers,Free parking on premises,Free street parking,Pool,Hot tub,Sauna,Elevator,Gym,Single level home,Pets allowed,Long term stays allowed,Self check-in,Keypad",3498.0,,31.0,42.0,4.86,4.9,4.9,4.8,29940.0,137.0,0.603,0.853,24.4,220.0,82.0,5011.0,159.8,0.344,san_diego,63,2511.6666666666665,1,0,0,365
888310,Entire condo,entire_home,32.72904,-117.16486,2.0,1,1.0,1.0,0,0,0,1,31,"Hair dryer,Shampoo,Hot water,Washer,Dryer,Essentials,Hangers,Iron,TV,Air conditioning,Heating,Smoke alarm,Carbon monoxide alarm,Fire extinguisher,Wifi,Kitchen,Dishes and silverware,Coffee maker,Patio or balcony,Outdoor furniture,BBQ grill,Free parking on premises,Free street parking,Elevator,Gym,Long term stays allowed",3494.0,,14.0,24.0,4.92,4.9,5.0,4.9,3126.0,107.2,0.085,0.242,31.0,31.0,8.6,0.0,116.5,0.0,san_diego,26,276.93333333333334,1,0,0,365
925146,Entire guesthouse,entire_home,32.82857,-117.27858,4.0,2,2.0,1.0,0,0,0,0,1,"Bathtub,Hair dryer,Shampoo,Conditioner,Body soap,Hot water,Essentials,Hangers,Bed linens,Room-darkening shades,Iron,Clothing storage,TV,Crib,Pack ’n play/Travel crib,Children’s books and toys,Smoke alarm,Carbon monoxide alarm,Wifi,Kitchen,Refrigerator,Microwave,Cooking basics,Dishes and silverware,Mini fridge,Freezer,Dishwasher,Stove,Oven,Coffee maker,Wine glasses,Toaster,Baking sheet,Blender,Dining table,Coffee,Backyard,Free street parking,Pets allowed,Luggage dropoff allowed,Self check-in,Smart lock",125.0,0.0,47.0,554.0,4.7,4.7,5.0,4.6,93368.0,255.6,0.877,0.909,2.8,320.0,224.3,23359.0,288.7,0.8,san_diego,42,6816.0,1,0,0,365
964412,Entire rental unit,entire_home,32.79923,-117.25734,6.0,1,4.0,1.0,1,0,0,0,3,"Cable TV,Ocean view,Hair dryer,Hot water,Washer,Dryer,Essentials,Hangers,Bed linens,Extra pillows and blankets,Iron,TV,Heating,Smoke alarm,Carbon monoxide alarm,Wifi,Kitchen,Refrigerator,Microwave,Cooking basics,Dishes and silverware,Dishwasher,Stove,Oven,Hot water kettle,Coffee maker,Beach access,Patio or balcony,Outdoor furniture,BBQ grill,Free parking on premises,Pool,Hot tub,Elevator,Luggage dropoff allowed",25.0,0.0,21.0,17.0,4.82,4.8,5.0,4.6,10026.0,412.1,0.06,0.079,3.7,22.0,27.1,3742.0,459.8,0.089,san_diego,35,755.5166666666668,1,0,0,365
977917,Entire rental unit,entire_home,32.8005,-117.2583,6.0,1,3.0,1.0,1,0,0,0,3,"Ocean view,Cable TV,Bathtub,Hair dryer,Cleaning products,Shampoo,Conditioner,Body soap,Outdoor shower,Hot water,Shower gel,Washer,Dryer,Essentials,Hangers,Bed linens,Extra pillows and blankets,Iron,Clothing storage,TV,Ceiling fan,Portable fans,Heating,Smoke alarm,Carbon monoxide alarm,Fire extinguisher,Wifi,Kitchen,Refrigerator,Microwave,Cooking basics,Dishes and silverware,Freezer,Dishwasher,Stove,Oven,Hot water kettle,Coffee maker,Wine glasses,Toaster,Baking sheet,Blender,Dining table,Waterfront,Beach access,Private entrance,Patio or balcony,Outdoor furniture,BBQ grill,Sun loungers,Free parking on premises,Pool,Hot tub,Elevator,Single level home,Luggage dropoff allowed",260.0,0.0,22.0,36.0,4.78,4.8,5.0,4.6,14802.0,394.8,0.096,0.106,5.8,35.0,36.3,5868.0,380.4,0.156,san_diego,56,1151.5,1,0,0,365
977935,Entire rental unit,entire_home,32.8,-117.25735,6.0,1,4.0,1.0,0,0,0,1,3,"Cable TV,Ocean view,Bathtub,Hair dryer,Shampoo,Conditioner,Body soap,Hot water,Shower gel,Washer,Dryer,Essentials,Hangers,Bed linens,Extra pillows and blankets,Iron,TV,Ceiling fan,Portable fans,Heating,Smoke alarm,Carbon monoxide alarm,Wifi,Kitchen,Refrigerator,Microwave,Cooking basics,Dishes and silverware,Dishwasher,Stove,Oven,Hot water kettle,Coffee maker,Wine glasses,Toaster,Baking sheet,Blender,Dining table,Waterfront,Beach access,Private entrance,Patio or balcony,Outdoor furniture,BBQ grill,Free parking on premises,Pool,Hot tub,Elevator,Single level home,Luggage dropoff allowed",260.0,0.0,17.0,12.0,5.0,5.0,4.9,4.8,4801.0,366.5,0.03,0.093,5.5,11.0,11.7,0.0,316.2,0.0,san_diego,50,335.9583333333333,1,0,0,365
977954,Entire condo,entire_home,32.8016,-117.25941,6.0,1,3.0,1.0,0,0,0,1,3,"Cable TV,Ocean view,Hair dryer,Hot water,Washer,Dryer,Essentials,Hangers,Bed linens,Extra pillows and blankets,Iron,TV,Heating,Smoke alarm,Carbon monoxide alarm,Wifi,Kitchen,Refrigerator,Microwave,Cooking basics,Dishes and silverware,Dishwasher,Stove,Oven,Hot water kettle,Coffee maker,Beach access,Patio or balcony,Outdoor furniture,BBQ grill,Free parking on premises,Pool,Hot tub,Elevator,Single level home,Luggage dropoff allowed",259.0,0.0,15.0,26.0,4.77,4.8,5.0,4.6,9802.0,421.6,0.044,0.117,3.2,16.0,24.0,9802.0,495.3,0.178,san_diego,36,562.1333333333333,1,0,0,365
977963,Entire rental unit,entire_home,32.80145,-117.25897,4.0,1,1.0,1.0,0,0,0,1,3,"Ocean view,Bathtub,Hair dryer,Cleaning products,Shampoo,Conditioner,Body soap,Outdoor shower,Hot water,Shower gel,Washer,Dryer,Essentials,Hangers,Bed linens,Extra pillows and blankets,Iron,TV,Ceiling fan,Portable fans,Heating,Smoke alarm,Carbon monoxide alarm,Wifi,Kitchen,Refrigerator,Microwave,Cooking basics,Dishes and silverware,Dishwasher,Stove,Oven,Hot water kettle,Coffee maker,Wine glasses,Toaster,Baking sheet,Blender,Dining table,Waterfront,Beach access,Patio or balcony,Outdoor furniture,BBQ grill,Free parking on premises,Pool,Hot tub,Elevator,Single level home,Luggage dropoff allowed",261.0,0.0,25.0,15.0,4.93,4.9,5.0,4.6,19344.0,407.5,0.121,0.161,8.8,44.0,50.1,7845.0,401.2,0.189,san_diego,50,1494.1666666666667,1,0,0,365
977985,Entire rental unit,entire_home,32.79835,-117.25596,6.0,1,3.0,1.0,1,0,0,1,3,"Ocean view,Bathtub,Hair dryer,Shampoo,Conditioner,Body soap,Outdoor shower,Hot water,Shower gel,Washer,Dryer,Essentials,Hangers,Bed linens,Extra pillows and blankets,Iron,TV,Portable fans,Heating,Smoke alarm,Carbon monoxide alarm,Wifi,Kitchen,Refrigerator,Microwave,Cooking basics,Dishes and silverware,Dishwasher,Stove,Oven,Hot water kettle,Coffee maker,Wine glasses,Toaster,Baking sheet,Blender,Dining table,Waterfront,Beach access,Private entrance,Patio or balcony,Outdoor furniture,BBQ grill,Free parking on premises,Pool,Hot tub,Elevator,Single level home,Luggage dropoff allowed",259.0,0.0,21.0,49.0,4.92,4.8,5.0,4.7,14444.0,425.6,0.077,0.119,4.0,28.0,34.6,7317.0,441.4,0.156,san_diego,49,993.0666666666667,1,0,0,365
978168,Entire rental unit,entire_home,32.7997,-117.25751,4.0,1,2.0,1.0,0,0,0,0,3,"Cable TV,Ocean view,Bathtub,Hair dryer,Shampoo,Conditioner,Body soap,Outdoor shower,Hot water,Shower gel,Washer,Dryer,Essentials,Hangers,Bed linens,Extra pillows and blankets,Iron,TV,Heating,Smoke alarm,Carbon monoxide alarm,Wifi,Kitchen,Refrigerator,Microwave,Cooking basics,Dishes and silverware,Dishwasher,Stove,Oven,Hot water kettle,Coffee maker,Wine glasses,Toaster,Baking sheet,Blender,Dining table,Waterfront,Beach access,Private entrance,Patio or balcony,Outdoor furniture,BBQ grill,Free parking on premises,Pool,Hot tub,Elevator,Single level home,Luggage dropoff allowed",562.0,0.0,18.0,14.0,4.86,5.0,5.0,4.9,9785.0,385.2,0.049,0.051,3.0,18.0,19.1,5979.0,343.7,0.133,san_diego,49,577.8,1,0,0,365
978187,Entire rental unit,entire_home,32.79619,-117.25586,6.0,1,3.0,1.0,0,0,0,0,3,"Cable TV,Ocean view,Bathtub,Hair dryer,Shampoo,Conditioner,Body soap,Outdoor shower,Hot water,Shower gel,Washer,Dryer,Essentials,Hangers,Bed linens,Extra pillows and blankets,Iron,TV,Portable fans,Heating,Smoke alarm,Carbon monoxide alarm,Wifi,Kitchen,Refrigerator,Microwave,Cooking basics,Dishes and silverware,Dishwasher,Stove,Oven,Hot water kettle,Coffee maker,Wine glasses,Toaster,Baking sheet,Blender,Dining table,Beach access,Private entrance,Patio or balcony,Outdoor furniture,BBQ grill,Free parking on premises,Pool,Hot tub,Elevator,Single level home,Luggage dropoff allowed",415.0,0.0,21.0,36.0,4.83,4.8,5.0,4.7,27736.0,409.6,0.148,0.187,5.4,54.0,64.6,12895.0,427.6,0.267,san_diego,49,1843.2,1,0,0,365
978199,Entire rental unit,entire_home,32.79824,-117.25601,4.0,1,2.0,1.0,0,0,0,0,3,"Ocean view,Hair dryer,Shampoo,Conditioner,Body soap,Outdoor shower,Hot water,Shower gel,Washer,Dryer,Essentials,Hangers,Bed linens,Extra pillows and blankets,Iron,TV,Portable fans,Heating,Smoke alarm,Carbon monoxide alarm,Wifi,Kitchen,Refrigerator,Microwave,Cooking basics,Dishes and silverware,Dishwasher,Stove,Oven,Hot water kettle,Coffee maker,Wine glasses,Toaster,Baking sheet,Blender,Dining table,Waterfront,Beach access,Private entrance,Patio or balcony,Outdoor furniture,BBQ grill,Free parking on premises,Pool,Hot tub,Elevator,Single level home,Luggage dropoff allowed",259.0,0.0,10.0,25.0,4.96,4.8,5.0,4.8,30290.0,408.3,0.181,0.229,7.3,66.0,76.6,13316.0,479.7,0.278,san_diego,48,2245.65,1,0,0,365
978275,Entire rental unit,entire_home,32.80146,-117.25936,6.0,2,4.0,2.0,1,0,0,0,3,"Cable TV,Ocean view,Bathtub,Hair dryer,Shampoo,Conditioner,Body soap,Outdoor shower,Hot water,Shower gel,Washer,Dryer,Essentials,Hangers,Bed linens,Extra pillows and blankets,Iron,TV,Portable fans,Heating,Smoke alarm,Carbon monoxide alarm,Wifi,Kitchen,Refrigerator,Microwave,Cooking basics,Dishes and silverware,Dishwasher,Stove,Oven,Hot water kettle,Coffee maker,Wine glasses,Toaster,Baking sheet,Blender,Dining table,Waterfront,Beach access,Private entrance,Patio or balcony,Outdoor furniture,BBQ grill,Free parking on premises,Pool,Hot tub,Elevator,Single level home,Luggage dropoff allowed",630.0,0.0,5.0,47.0,4.85,4.8,5.0,4.7,40911.0,575.1,0.164,0.3,5.0,60.0,94.8,5745.0,603.1,0.078,san_diego,50,2875.5,1,0,0,365
978319,Entire rental unit,entire_home,32.80116,-117.25902,8.0,2,3.0,2.0,0,0,0,0,3,"Cable TV,Ocean view,Bathtub,Hair dryer,Shampoo,Conditioner,Body soap,Hot water,Shower gel,Washer,Dryer,Essentials,Hangers,Bed linens,Extra pillows and blankets,Iron,TV,Portable fans,Heating,Smoke alarm,Carbon monoxide alarm,Wifi,Kitchen,Refrigerator,Microwave,Cooking basics,Dishes and silverware,Dishwasher,Stove,Oven,Hot water kettle,Coffee maker,Wine glasses,Toaster,Baking sheet,Blender,Dining table,Waterfront,Beach access,Private entrance,Patio or balcony,Outdoor furniture,BBQ grill,Free parking on premises,Pool,Hot tub,Elevator,Single level home,Luggage dropoff allowed",310.0,0.0,19.0,10.0,4.9,4.7,5.0,4.5,33075.0,528.4,0.153,0.359,8.0,56.0,86.4,10123.0,535.0,0.189,san_diego,49,2465.8666666666663,1,0,0,365
978349,Entire rental unit,entire_home,32.80114,-117.25841,6.0,2,3.0,2.0,1,0,0,0,3,"Cable TV,Ocean view,Bathtub,Hair dryer,Shampoo,Conditioner,Body soap,Outdoor shower,Hot water,Shower gel,Washer,Dryer,Essentials,Hangers,Bed linens,Extra pillows and blankets,Iron,TV,Portable fans,Heating,Smoke alarm,Carbon monoxide alarm,Wifi,Kitchen,Refrigerator,Microwave,Cooking basics,Dishes and silverware,Dishwasher,Stove,Oven,Hot water kettle,Coffee maker,Wine glasses,Toaster,Baking sheet,Blender,Dining table,Waterfront,Beach access,Private entrance,Patio or balcony,Outdoor furniture,BBQ grill,Free parking on premises,Pool,Hot tub,Elevator,Single level home,Luggage dropoff allowed",309.0,0.0,22.0,10.0,5.0,4.8,5.0,4.8,26888.0,548.5,0.121,0.197,4.9,44.0,67.7,5063.0,551.5,0.1,san_diego,50,2011.1666666666667,1,0,0,365
978368,Entire rental unit,entire_home,32.801487,-117.257509,8.0,2,3.0,2.0,0,0,0,1,3,"Cable TV,Ocean view,Hair dryer,Hot water,Washer,Dryer,Essentials,Hangers,Bed linens,Extra pillows and blankets,Iron,TV,Heating,Smoke alarm,Carbon monoxide alarm,Wifi,Kitchen,Refrigerator,Microwave,Cooking basics,Dishes and silverware,Dishwasher,Stove,Oven,Hot water kettle,Coffee maker,Beach access,Patio or balcony,Outdoor furniture,BBQ grill,Free parking on premises,Pool,Hot tub,Elevator,Single level home,Luggage dropoff allowed",568.0,0.0,31.0,28.0,4.89,4.8,5.0,4.9,37295.0,515.0,0.164,0.323,6.7,60.0,89.7,2044.0,539.2,0.033,san_diego,36,2575.0,1,0,0,365
980232,Entire rental unit,entire_home,32.801277,-117.258783,6.0,2,3.0,2.0,0,0,0,0,3,"Cable TV,Ocean view,Hair dryer,Hot water,Washer,Dryer,Essentials,Hangers,Bed linens,Extra pillows and blankets,Iron,TV,Heating,Smoke alarm,Carbon monoxide alarm,Wifi,Kitchen,Refrigerator,Microwave,Cooking basics,Dishes and silverware,Dishwasher,Stove,Oven,Hot water kettle,Coffee maker,Beach access,Patio or balcony,Backyard,BBQ grill,Free parking on premises,Pool,Hot tub,Elevator,Single level home,Luggage dropoff allowed",310.0,0.0,13.0,13.0,5.0,4.9,5.0,4.8,17247.0,524.5,0.085,0.165,7.8,31.0,43.9,1815.0,505.0,0.033,san_diego,36,1354.9583333333333,1,0,0,365
980406,Entire rental unit,entire_home,32.799381,-117.257317,8.0,2,4.0,2.0,0,0,0,0,3,"Ocean view,Hair dryer,Hot water,Washer,Dryer,Essentials,Hangers,Bed linens,Extra pillows and blankets,Iron,TV,Heating,Smoke alarm,Carbon monoxide alarm,Wifi,Kitchen,Refrigerator,Microwave,Cooking basics,Dishes and silverware,Dishwasher,Stove,Oven,Hot water kettle,Coffee maker,Beach access,Patio or balcony,Outdoor furniture,BBQ grill,Free parking on premises,Pool,Hot tub,Elevator,Single level home,Luggage dropoff allowed",309.0,0.0,19.0,17.0,4.65,4.4,4.8,4.5,22013.0,552.4,0.104,0.162,5.4,38.0,55.2,0.0,624.6,0.0,san_diego,35,1749.2666666666667,1,0,0,365
998231,Entire home,entire_home,32.7813,-117.18205,4.0,2,2.0,3.0,0,0,0,0,31,"Bathtub,Hair dryer,Shampoo,Hot water,Washer,Dryer,Essentials,Hangers,Bed linens,Extra pillows and blankets,Iron,TV,Indoor fireplace,Heating,Smoke alarm,Carbon monoxide alarm,Fire extinguisher,First aid kit,Wifi,Kitchen,Refrigerator,Microwave,Cooking basics,Dishes and silverware,Dishwasher,Stove,Oven,Coffee maker,Patio or balcony,Backyard,Free parking on premises,Pool,Hot tub,Self check-in,Lockbox",125.0,0.0,26.0,91.0,4.81,4.8,4.7,4.7,4011.0,315.7,0.033,0.033,6.0,12.0,10.3,2054.0,325.9,0.067,san_diego,35,315.7,1,0,0,365
1037247,Entire guesthouse,entire_home,32.82882,-117.27689,2.0,1,1.0,1.0,0,0,0,0,1,"Hair dryer,Shampoo,Conditioner,Body soap,Outdoor shower,Hot water,Essentials,Hangers,Bed linens,Extra pillows and blankets,Iron,TV,Books and reading material,Pack ’n play/Travel crib,Babysitter recommendations,Ceiling fan,Portable fans,Smoke alarm,Carbon monoxide alarm,Wifi,Kitchen,Refrigerator,Microwave,Cooking basics,Dishes and silverware,Freezer,Stove,Oven,Hot water kettle,Coffee maker,Wine glasses,Toaster,Blender,Barbecue utensils,Dining table,Beach access,Private entrance,Backyard,Outdoor furniture,BBQ grill,Beach essentials,Free street parking,Pets allowed,Luggage dropoff allowed,Self check-in,Smart lock",60.0,0.0,21.0,829.0,4.63,4.7,5.0,4.7,46641.0,135.5,0.838,0.919,2.4,306.0,113.3,9499.0,156.5,0.611,san_diego,46,3455.25,1,0,0,365
1080319,Entire home,entire_home,32.76117,-117.24918,8.0,2,4.0,1.0,1,0,0,0,3,"Hair dryer,Shampoo,Hot water,Washer,Dryer,Essentials,Hangers,Iron,TV,Pack ’n play/Travel crib,Heating,Exterior security cameras on property,Smoke alarm,Carbon monoxide alarm,Fire extinguisher,Wifi,Kitchen,Refrigerator,Microwave,Cooking basics,Dishes and silverware,Dishwasher,Stove,Oven,Coffee maker,Patio or balcony,Backyard,BBQ grill,Free parking on premises,Free street parking,Single level home,Luggage dropoff allowed,Self check-in,Keypad",145.0,0.0,57.0,289.0,4.64,4.5,4.9,4.6,102681.0,335.6,0.764,0.782,3.9,279.0,256.7,24886.0,374.3,0.678,san_diego,34,7802.700000000001,1,0,0,365
1080326,Entire home,entire_home,32.76047,-117.24995,12.0,3,5.0,2.0,1,0,0,0,2,"Hair dryer,Shampoo,Hot water,Washer,Dryer,Essentials,Hangers,Iron,TV,Pack ’n play/Travel crib,Indoor fireplace,Heating,Smoke alarm,Carbon monoxide alarm,Fire extinguisher,Wifi,Kitchen,Cooking basics,Free parking on premises,Free street parking,Luggage dropoff allowed,Long term stays allowed,Self check-in,Keypad",201.0,0.0,70.0,5.0,4.8,4.6,4.8,4.8,9754.0,368.9,0.066,0.089,4.0,24.0,23.4,1110.0,400.7,0.022,san_diego,24,737.7999999999998,1,0,0,365
1080335,Entire home,entire_home,32.76104,-117.2495,16.0,5,10.0,3.0,1,0,0,0,3,"Hair dryer,Shampoo,Hot water,Washer,Dryer,Essentials,Hangers,Bed linens,Iron,TV,Pack ’n play/Travel crib,Heating,Exterior security cameras on property,Smoke alarm,Carbon monoxide alarm,Fire extinguisher,Wifi,Kitchen,Refrigerator,Microwave,Cooking basics,Dishes and silverware,Dishwasher,Stove,Oven,Coffee maker,Private entrance,Patio or balcony,Backyard,BBQ grill,Free parking on premises,Free street parking,Luggage dropoff allowed,Self check-in,Keypad",251.0,0.0,115.0,49.0,4.53,4.3,5.0,4.5,131692.0,765.6,0.427,0.489,4.3,156.0,338.8,53487.0,864.2,0.656,san_diego,35,9952.800000000001,1,0,0,365
1081071,Entire home,entire_home,32.76026,-117.24697,12.0,3,7.0,2.0,1,0,0,1,3,"Hair dryer,Shampoo,Hot water,Washer,Dryer,Essentials,Hangers,Iron,TV,Pack ’n play/Travel crib,Heating,Exterior security cameras on property,Smoke alarm,Carbon monoxide alarm,Fire extinguisher,Wifi,Kitchen,Refrigerator,Microwave,Cooking basics,Dishes and silverware,Dishwasher,Stove,Oven,Coffee maker,Patio or balcony,Backyard,BBQ grill,Free parking on premises,Free street parking,Luggage dropoff allowed,Self check-in,Keypad",165.0,0.0,56.0,339.0,4.77,4.6,4.9,4.8,122877.0,488.3,0.638,0.717,3.8,233.0,310.9,24356.0,586.4,0.433,san_diego,33,9481.158333333335,1,0,0,365
1083576,Entire cottage,entire_home,32.7457,-117.1322,2.0,1,1.0,1.0,1,0,0,1,1,"Hair dryer,Cleaning products,Shampoo,Conditioner,Body soap,Hot water,Shower gel,Essentials,Hangers,Bed linens,Room-darkening shades,Iron,Clothing storage,TV,Air conditioning,Portable fans,Heating,Smoke alarm,Carbon monoxide alarm,Wifi,Dedicated workspace,Refrigerator,Microwave,Cooking basics,Dishes and silverware,Freezer,Hot water kettle,Coffee maker,Wine glasses,Toaster,Dining table,Coffee,Private entrance,Free street parking,Long term stays allowed,Self check-in,Lockbox",65.0,0.0,24.0,914.0,4.88,4.9,5.0,4.8,51398.0,173.8,0.751,0.774,2.2,274.0,129.2,11594.0,218.0,0.556,san_diego,37,3968.433333333334,1,0,0,365
1109171,Entire cottage,entire_home,32.74672,-117.12161,2.0,1,2.0,1.0,0,0,0,1,31,"Hair dryer,Cleaning products,Shampoo,Body soap,Hot water,Shower gel,Essentials,Hangers,Bed linens,Extra pillows and blankets,Room-darkening shades,Iron,TV,Air conditioning,Heating,Smoke alarm,Carbon monoxide alarm,Fire extinguisher,Wifi,Dedicated workspace,Kitchen,Refrigerator,Microwave,Cooking basics,Dishes and silverware,Mini fridge,Freezer,Stove,Hot water kettle,Coffee maker,Wine glasses,Toaster,Dining table,Private entrance,Laundromat nearby,Patio or balcony,Backyard,Outdoor furniture,Outdoor dining area,BBQ grill,Bikes,Free street parking,Single level home,Pets allowed,Long term stays allowed,Self check-in,Keypad",2731.0,,49.0,320.0,4.89,4.9,4.9,4.8,5761.0,111.5,0.148,0.321,18.0,54.0,15.8,147.0,130.8,0.011,san_diego,47,501.75,1,0,0,365
1133487,Entire rental unit,entire_home,32.75296,-117.24718,4.0,2,3.0,1.0,1,0,0,1,2,"Hair dryer,Cleaning products,Body soap,Hot water,Washer,Dryer,Essentials,Hangers,Bed linens,Extra pillows and blankets,Iron,TV,Children’s books and toys,Board games,Ceiling fan,Heating,Smoke alarm,Carbon monoxide alarm,Fire extinguisher,First aid kit,Wifi,Kitchen,Refrigerator,Microwave,Cooking basics,Dishes and silverware,Stove,Oven,Coffee maker,Private entrance,Patio or balcony,BBQ grill,Beach essentials,Free street parking,Pets allowed,Luggage dropoff allowed,Long term stays allowed,Self check-in,Lockbox",83.0,0.0,28.0,259.0,4.9,4.9,4.9,4.8,40786.0,173.7,0.592,0.722,3.7,216.0,99.9,1066.0,190.1,0.056,san_diego,39,3126.6,1,0,0,365
1166766,Entire home,entire_home,32.78455,-117.20065,14.0,5,6.0,4.0,0,0,0,0,4,"Cable TV,Kitchen,Smoking allowed,Gym,Ocean view,Pool view,TV,Hair dryer,Shampoo,Washer,Dryer,Essentials,Hangers,Iron,TV,Crib,High chair,Air conditioning,Indoor fireplace,Heating,Smoke alarm,Carbon monoxide alarm,Wifi,Kitchen,Refrigerator,Patio or balcony,Outdoor furniture,Outdoor dining area,BBQ grill,Free parking on premises,Pool,Hot tub,Pets allowed,Breakfast,Self check-in,Keypad",435.0,0.0,50.0,46.0,4.52,4.3,4.8,4.4,143016.0,1022.5,0.342,0.413,3.0,125.0,348.9,24553.0,1155.7,0.222,san_diego,36,10651.041666666666,1,0,0,365
1167130,Entire home,entire_home,32.74569,-117.18702,12.0,5,8.0,4.0,0,0,0,0,4,"Wifi,Smoking allowed,Gym,Kitchen,Cable TV,Ocean view,TV,Hair dryer,Shampoo,Body soap,Washer,Dryer,Essentials,Hangers,Bed linens,Iron,TV,Crib,High chair,Air conditioning,Heating,Smoke alarm,Carbon monoxide alarm,Wifi,Kitchen,Refrigerator,Microwave,Cooking basics,Dishes and silverware,Dishwasher,Stove,Coffee maker,Wine glasses,Toaster,Dining table,Patio or balcony,Backyard,Outdoor furniture,Outdoor dining area,BBQ grill,Sun loungers,Free parking on premises,Free street parking,Pool,Hot tub,Pets allowed,Self check-in,Keypad",435.0,0.0,47.0,41.0,4.71,4.6,4.8,4.6,198220.0,1358.5,0.364,0.396,4.0,133.0,508.5,30502.0,1370.1,0.233,san_diego,48,15056.708333333334,1,0,0,365
1198495,Entire home,entire_home,32.84386,-117.27335,5.0,2,2.0,1.5,0,0,0,0,4,"Hair dryer,Cleaning products,Hot water,Shower gel,Washer,Dryer,Essentials,Hangers,Bed linens,Extra pillows and blankets,Room-darkening shades,Iron,TV,Pack ’n play/Travel crib,Babysitter recommendations,Air conditioning,Ceiling fan,Heating,Smoke alarm,Carbon monoxide alarm,Wifi,Kitchen,Refrigerator,Microwave,Cooking basics,Dishes and silverware,Dishwasher,Stove,Oven,Coffee maker,Wine glasses,Toaster,Baking sheet,Barbecue utensils,Dining table,Private entrance,Laundromat nearby,Patio or balcony,Backyard,Outdoor furniture,BBQ grill,Sun loungers,Free parking on premises,Free street parking,Single level home,Pets allowed,Luggage dropoff allowed,Long term stays allowed,Self check-in,Lockbox,Cleaning before checkout",150.0,0.0,35.0,223.0,4.77,4.6,4.9,4.6,89927.0,503.7,0.474,0.494,4.4,173.0,230.8,14601.0,651.1,0.222,san_diego,51,7261.674999999999,1,0,0,365
1246698,Entire bungalow,entire_home,32.72632,-117.12641,4.0,2,2.0,1.0,1,0,0,1,3,"Hair dryer,Cleaning products,Shampoo,Conditioner,Body soap,Hot water,Shower gel,Washer,Dryer,Essentials,Hangers,Bed linens,Extra pillows and blankets,Room-darkening shades,Clothing storage,Ethernet connection,TV,Sound system,Exercise equipment,Books and reading material,Pack ’n play/Travel crib,Changing table,Board games,Ceiling fan,Portable fans,Heating,Exterior security cameras on property,Smoke alarm,Carbon monoxide alarm,Fire extinguisher,First aid kit,Wifi,Dedicated workspace,Kitchen,Refrigerator,Microwave,Cooking basics,Dishes and silverware,Freezer,Dishwasher,Stove,Oven,Hot water kettle,Coffee maker,Wine glasses,Toaster,Baking sheet,Blender,Rice maker,Dining table,Coffee,Private entrance,Patio or balcony,Backyard,Outdoor furniture,Outdoor dining area,Beach essentials,Free street parking,Single level home,Pets allowed,Luggage dropoff allowed,Breakfast,Long term stays allowed,Self check-in,Keypad",115.0,0.0,44.0,138.0,4.94,4.8,5.0,4.8,58016.0,236.6,0.586,0.833,5.0,214.0,147.0,22526.0,291.0,0.811,san_diego,65,4219.366666666667,1,0,0,365
1252651,Entire home,entire_home,32.74276,-117.25235,4.0,2,2.0,1.0,0,0,0,0,2,"Bathtub,Hair dryer,Cleaning products,Shampoo,Conditioner,Body soap,Hot water,Washer,Dryer,Essentials,Hangers,Bed linens,Extra pillows and blankets,Room-darkening shades,Iron,Clothing storage,TV,Pack ’n play/Travel crib,Ceiling fan,Portable fans,Heating,Smoke alarm,Carbon monoxide alarm,Fire extinguisher,First aid kit,Wifi,Kitchen,Refrigerator,Microwave,Cooking basics,Dishes and silverware,Freezer,Dishwasher,Stove,Oven,Hot water kettle,Coffee maker,Wine glasses,Toaster,Baking sheet,Barbecue utensils,Dining table,Coffee,Private entrance,Patio or balcony,Backyard,Hammock,BBQ grill,Beach essentials,Free parking on premises,Free street parking,Pets allowed,Self check-in,Lockbox",150.0,0.0,65.0,274.0,4.89,4.8,5.0,4.8,34415.0,284.4,0.312,0.53,6.7,114.0,88.1,0.0,324.7,0.0,san_diego,54,2701.7999999999997,1,0,0,365
1255655,Entire condo,entire_home,32.77351,-117.14657,4.0,2,2.0,1.0,0,0,0,0,31,"Cleaning products,Hot water,Washer,Dryer,Essentials,Hangers,Bed linens,Extra pillows and blankets,Iron,Safe,Clothing storage,TV,Books and reading material,Air conditioning,Ceiling fan,Portable fans,Heating,Smoke alarm,Wifi,Kitchen,Refrigerator,Microwave,Cooking basics,Dishes and silverware,Freezer,Stove,Oven,Coffee maker,Wine glasses,Blender,Dining table,Coffee,Private entrance,Laundromat nearby,Patio or balcony,Outdoor furniture,BBQ grill,Free parking on premises,Free street parking,Pool,Hot tub,Pets allowed,Self check-in,Smart lock",3579.0,,21.0,33.0,4.94,4.8,4.9,4.7,7161.0,139.4,0.156,0.361,14.3,57.0,19.6,128.0,129.1,0.011,san_diego,44,662.15,1,0,0,365
1260804,Entire home,entire_home,32.73176,-117.1679,3.0,1,1.0,1.0,1,0,0,0,31,"Hair dryer,Shampoo,Hot water,Washer,Dryer,Essentials,Hangers,Bed linens,Extra pillows and blankets,Room-darkening shades,Iron,Clothing storage,TV,Air conditioning,Heating,Smoke alarm,Carbon monoxide alarm,Wifi,Kitchen,Refrigerator,Microwave,Cooking basics,Dishes and silverware,Dishwasher,Stove,Oven,Coffee maker,Private entrance,Outdoor furniture,Free parking on premises,Free street parking,Pets allowed,Long term stays allowed,Self check-in,Lockbox",2940.0,,24.0,259.0,4.62,4.5,4.8,4.6,9719.0,126.6,0.211,0.235,6.0,77.0,26.6,6688.0,126.8,0.589,san_diego,35,812.3499999999999,1,0,0,365
1309621,Entire home,entire_home,32.7664,-117.2523,8.0,3,4.0,3.0,1,0,0,1,3,"TV,Cable TV,Bathtub,Hair dryer,Shampoo,Conditioner,Body soap,Hot water,Shower gel,Washer,Dryer,Essentials,Hangers,Bed linens,Iron,TV,Crib,Pack ’n play/Travel crib,Children’s books and toys,High chair,Children’s dinnerware,Changing table,Outlet covers,Baby safety gates,Heating,Exterior security cameras on property,Smoke alarm,Carbon monoxide alarm,Fire extinguisher,Wifi,Kitchen,Refrigerator,Microwave,Cooking basics,Dishes and silverware,Dishwasher,Stove,Oven,Coffee maker,Beach access,Patio or balcony,Beach essentials,Free parking on premises,Free street parking,Self check-in,Keypad",231.0,0.0,45.0,151.0,4.85,4.8,4.9,4.8,60719.0,468.9,0.315,0.375,5.0,115.0,152.4,6120.0,548.3,0.122,san_diego,46,4493.625,1,0,0,365
1316496,Entire townhouse,entire_home,32.8073,-117.257,8.0,3,4.0,2.0,1,0,0,0,2,"TV,Cable TV,Wifi,Air conditioning,Kitchen,Free parking on premises,Hot water kettle,Ceiling fan,Pets allowed,Conditioner,Free street parking,Outdoor furniture,Cleaning products,Heating,Coffee,Wine glasses,Washer,Dryer,Beach access,Smoke alarm,Carbon monoxide alarm,Fire extinguisher,Essentials,Shampoo,Hangers,Hair dryer,Iron,Self check-in,Smart lock,Freezer,Bathtub,High chair,Blender,Pack ’n play/Travel crib,Children’s dinnerware,Hot water,Body soap,Outdoor shower,Bed linens,Extra pillows and blankets,Microwave,Coffee maker,Refrigerator,Dishwasher,Dishes and silverware,Cooking basics,Oven,Stove,BBQ grill,Patio or balcony,Long term stays allowed,Baking sheet,Barbecue utensils,Toaster",225.0,0.0,44.0,323.0,4.74,4.8,4.8,4.7,5223.0,393.9,0.027,0.042,2.5,10.0,11.8,0.0,365.1,0.0,san_diego,54,328.25,1,0,0,365
1347072,Entire guest suite,entire_home,32.79093,-117.18899,4.0,1,2.0,1.0,0,0,0,0,2,"Bathtub,Hair dryer,Shampoo,Hot water,Shower gel,Essentials,Hangers,Bed linens,Extra pillows and blankets,Room-darkening shades,Iron,Clothing storage,TV,Air conditioning,Heating,Exterior security cameras on property,Smoke alarm,Carbon monoxide alarm,First aid kit,Wifi,Refrigerator,Microwave,Cooking basics,Dishes and silverware,Coffee maker,Private entrance,Free street parking,Self check-in,Keypad",41.0,,15.0,220.0,4.92,5.0,4.9,4.9,16189.0,143.8,0.304,0.313,6.0,111.0,43.8,10403.0,143.5,0.789,san_diego,29,1330.15,1,0,0,365
1374898,Entire rental unit,entire_home,32.7631,-117.1453,4.0,1,2.0,1.0,1,0,0,1,2,"Hair dryer,Shampoo,Hot water,Washer,Dryer,Essentials,Hangers,Iron,TV,Air conditioning,Heating,Smoke alarm,Carbon monoxide alarm,Fire extinguisher,First aid kit,Wifi,Kitchen,Refrigerator,Microwave,Dishes and silverware,Coffee maker,Free parking on premises,Pool,Pets allowed,Long term stays allowed",50.0,0.0,25.0,478.0,4.79,4.6,5.0,4.8,32660.0,123.7,0.682,0.711,2.6,249.0,82.8,7011.0,133.7,0.567,san_diego,25,2566.775,1,0,0,365
1388706,Entire home,entire_home,32.93485,-117.25528,6.0,3,3.0,2.5,1,0,0,1,3,"Gym,Ocean view,Cable TV,Pets allowed,Bathtub,Hair dryer,Cleaning products,Shampoo,Body soap,Outdoor shower,Hot water,Shower gel,Washer,Dryer,Essentials,Hangers,Bed linens,Extra pillows and blankets,Room-darkening shades,Iron,Drying rack for clothing,Clothing storage,Ethernet connection,TV,Books and reading material,Board games,Indoor fireplace,Ceiling fan,Portable fans,Heating,Smoke alarm,Carbon monoxide alarm,Fire extinguisher,First aid kit,Wifi,Dedicated workspace,Kitchen,Refrigerator,Microwave,Cooking basics,Dishes and silverware,Freezer,Dishwasher,Stove,Oven,Hot water kettle,Coffee maker,Wine glasses,Toaster,Baking sheet,Blender,Rice maker,Barbecue utensils,Dining table,Waterfront,Beach access,Private entrance,Laundromat nearby,Patio or balcony,Backyard,Outdoor furniture,Outdoor dining area,BBQ grill,Beach essentials,Free parking on premises,Free street parking,Long term stays allowed",150.0,0.0,5.0,123.0,4.98,5.0,5.0,4.9,91955.0,529.9,0.441,0.516,4.1,161.0,237.5,26278.0,545.7,0.511,san_diego,67,7109.491666666666,1,0,0,365
958,Entire serviced apartment,entire_home,37.7703,-122.4332,3.0,1,2,1.0,1,0,0,1,2,"Bathtub,Hair dryer,Cleaning products,Shampoo,Conditioner,Body soap,Hot water,Shower gel,Washer,Dryer,Essentials,Hangers,Bed linens,Extra pillows and blankets,Room-darkening shades,Iron,Drying rack for clothing,Clothing storage,TV,Sound system,Books and reading material,Crib,Pack ’n play/Travel crib,Children’s books and toys,Children’s dinnerware,Board games,Heating,Smoke alarm,Carbon monoxide alarm,First aid kit,Wifi,Refrigerator,Microwave,Cooking basics,Dishes and silverware,Freezer,Hot water kettle,Coffee maker,Wine glasses,Toaster,Dining table,Coffee,Private entrance,Patio or balcony,Backyard,Outdoor furniture,Outdoor dining area,BBQ grill,Luggage dropoff allowed,Self check-in,Keypad,Cleaning before checkout",150.0,0.0,26.0,533.0,4.89,4.9,5.0,4.8,76496.0,210.6,0.877,0.884,4.4,320.0,182.9,19585.0,223.0,0.844,san_francisco,52,5616.0,1,1,1,90
11490,Entire condo,entire_home,37.7914,-122.41149,2.0,1,1,0.0,1,0,0,0,30,"Wifi,Bathtub,Hair dryer,Cleaning products,Conditioner,Washer,Dryer,Essentials,Hangers,Bed linens,Extra pillows and blankets,Room-darkening shades,Iron,Ethernet connection,TV,Record player,Sound system,Books and reading material,Portable fans,Heating,Heating,Lock on bedroom door,Smoke alarm,Fire extinguisher,First aid kit,Wifi,Dedicated workspace,Kitchen,Refrigerator,Microwave,Cooking basics,Dishes and silverware,Freezer,Dishwasher,Stove,Oven,Hot water kettle,Coffee maker,Wine glasses,Baking sheet,Blender,Rice maker,Dining table,Coffee,Patio or balcony,Elevator,Private living room,Long term stays allowed",2924.0,,9.0,43.0,4.78,4.7,5.0,4.8,1099.0,97.2,0.036,0.077,6.5,13.0,3.0,0.0,108.6,0.0,san_francisco,48,105.30000000000001,1,1,1,90
18231,Entire rental unit,entire_home,37.7486,-122.4286,3.0,1,2,1.0,0,0,0,0,30,"Hair dryer,Shampoo,Hot water,Washer,Dryer,Essentials,Hangers,Iron,TV,Heating,Smoke alarm,Carbon monoxide alarm,Fire extinguisher,First aid kit,Wifi,Dedicated workspace,Kitchen,Refrigerator,Microwave,Cooking basics,Dishes and silverware,Dishwasher,Stove,Oven,Coffee maker,Patio or balcony,Backyard,Outdoor furniture,Free street parking,Pets allowed,Host greets you",3054.0,0.0,6.0,75.0,4.84,4.8,4.9,4.7,12171.0,104.7,0.34,0.554,31.0,124.0,33.3,0.0,113.7,0.0,san_francisco,31,1081.9,1,1,1,90
21334,Entire loft,entire_home,37.7962,-122.41562,2.0,1,1,1.0,0,0,0,0,30,"Wifi,Ocean view,TV,Smoking allowed,Hair dryer,Shampoo,Hot water,Washer,Dryer,Essentials,Hangers,Bed linens,Extra pillows and blankets,Iron,Ethernet connection,TV,Heating,Smoke alarm,Carbon monoxide alarm,Fire extinguisher,First aid kit,Wifi,Dedicated workspace,Pocket wifi,Kitchen,Refrigerator,Microwave,Cooking basics,Dishes and silverware,Stove,Oven,Coffee maker,Private entrance,Hot tub",5669.0,25.0,28.0,126.0,4.88,4.6,4.9,4.8,7237.0,214.0,0.09,0.09,33.0,33.0,19.8,0.0,222.3,0.0,san_francisco,34,588.5,1,1,1,90
29557,Entire rental unit,entire_home,37.77851,-122.504,4.0,1,2,1.0,1,0,0,1,2,"Bathtub,Hair dryer,Shampoo,Conditioner,Body soap,Hot water,Essentials,Hangers,Bed linens,Extra pillows and blankets,Room-darkening shades,Iron,Clothing storage,TV,Books and reading material,Crib,Pack ’n play/Travel crib,Children’s books and toys,Children’s dinnerware,Heating,Smoke alarm,Carbon monoxide alarm,Fire extinguisher,First aid kit,Wifi,Dedicated workspace,Refrigerator,Microwave,Dishes and silverware,Mini fridge,Hot water kettle,Coffee maker,Wine glasses,Coffee,Beach access,Private entrance,Laundromat nearby,Patio or balcony,Backyard,Outdoor furniture,Outdoor dining area,Free street parking,Paid parking off premises,Luggage dropoff allowed,Breakfast,Long term stays allowed",1.0,0.0,5.0,152.0,4.97,4.9,4.9,4.9,42211.0,208.2,0.542,0.676,5.4,198.0,115.6,15039.0,226.1,0.733,san_francisco,46,3435.2999999999997,1,1,1,90
33578,Entire home,entire_home,37.7645,-122.3964,2.0,1,1,1.0,1,0,0,1,1,"Hair dryer,Shampoo,Conditioner,Body soap,Hot water,Shower gel,Washer,Dryer,Essentials,Hangers,Bed linens,Extra pillows and blankets,Iron,Clothing storage,Ethernet connection,TV,Books and reading material,Ceiling fan,Heating,Exterior security cameras on property,Smoke alarm,Carbon monoxide alarm,Fire extinguisher,First aid kit,Wifi,Dedicated workspace,Pocket wifi,Refrigerator,Microwave,Dishes and silverware,Mini fridge,Hot water kettle,Coffee maker,Wine glasses,Dining table,Coffee,Private entrance,Patio or balcony,Backyard,Outdoor furniture,Outdoor dining area,Luggage dropoff allowed,Self check-in,Lockbox",175.0,0.0,30.0,854.0,4.96,4.9,4.9,4.8,76633.0,367.9,0.518,0.518,2.7,189.0,184.5,18905.0,377.9,0.5,san_francisco,44,5794.424999999999,1,1,1,90
40092,Entire rental unit,entire_home,37.7617,-122.41887,2.0,1,1,1.0,0,0,0,0,30,"Bathtub,Hair dryer,Hot water,Washer,Dryer,Essentials,Hangers,Iron,TV,Pack ’n play/Travel crib,Heating,Smoke alarm,Carbon monoxide alarm,Wifi,Kitchen,Refrigerator,Microwave,Cooking basics,Dishes and silverware,Stove,Oven,Coffee maker,Patio or balcony,Backyard,Outdoor furniture,BBQ grill,Pets allowed,Luggage dropoff allowed,Long term stays allowed,Self check-in,Keypad",4244.0,,16.0,110.0,4.64,4.6,4.4,4.6,19946.0,122.0,0.444,0.794,20.3,162.0,54.6,3328.0,125.1,0.289,san_francisco,31,1647.0,1,1,1,90
44032,Entire rental unit,entire_home,37.75158,-122.41158,2.0,1,1,1.0,1,0,0,1,30,"Hair dryer,Shampoo,Conditioner,Body soap,Hot water,Essentials,Hangers,Bed linens,Extra pillows and blankets,Room-darkening shades,Iron,Drying rack for clothing,Clothing storage,TV,Ceiling fan,Heating,Exterior security cameras on property,Smoke alarm,Carbon monoxide alarm,Fire extinguisher,Wifi,Dedicated workspace,Microwave,Cooking basics,Dishes and silverware,Mini fridge,Stove,Hot water kettle,Coffee maker,Wine glasses,Toaster,Private entrance,Laundromat nearby,Free street parking,Paid parking off premises,Luggage dropoff allowed,Long term stays allowed,Self check-in,Keypad,Cleaning before checkout",0.0,,16.0,306.0,4.84,4.9,4.6,4.8,6416.0,84.4,0.208,0.208,76.0,76.0,17.6,0.0,0.0,0.0,san_francisco,40,534.5333333333334,1,1,1,90
45299,Entire guest suite,entire_home,37.76122,-122.43297,2.0,1,1,1.0,0,0,0,0,8,"Hair dryer,Shampoo,Hot water,Shower gel,Essentials,Hangers,Bed linens,Extra pillows and blankets,Iron,TV,Heating,Smoke alarm,Carbon monoxide alarm,Fire extinguisher,Wifi,Refrigerator,Microwave,Dishes and silverware,Private entrance,Backyard,Luggage dropoff allowed,Self check-in,Lockbox",75.0,0.0,19.0,188.0,4.65,4.5,4.9,4.6,33554.0,114.4,0.74,0.839,10.0,270.0,87.2,5989.0,112.3,0.5,san_francisco,23,2574.0,1,1,1,90
47682,Entire rental unit,entire_home,37.79186,-122.42429,2.0,1,1,1.0,1,0,0,1,30,"Hair dryer,Shampoo,Hot water,Washer,Dryer,Essentials,Hangers,Iron,Heating,Exterior security cameras on property,Smoke alarm,Carbon monoxide alarm,Fire extinguisher,Wifi,Dedicated workspace,Kitchen,Refrigerator,Microwave,Cooking basics,Dishes and silverware,Freezer,Dishwasher,Stove,Oven,Hot water kettle,Coffee maker,Wine glasses,Toaster,Luggage dropoff allowed,Long term stays allowed,Host greets you",4422.0,,10.0,41.0,4.88,4.8,4.9,4.8,17941.0,148.1,0.326,0.531,17.0,119.0,49.2,179.0,166.0,0.011,san_francisco,31,1468.658333333333,1,1,1,90
51557,Entire rental unit,entire_home,37.7714,-122.42935,2.0,1,1,1.0,0,0,0,0,183,"Bathtub,Hair dryer,Cleaning products,Shampoo,Body soap,Hot water,Washer,Essentials,Hangers,Bed linens,Extra pillows and blankets,Room-darkening shades,Iron,Drying rack for clothing,Clothing storage,TV,Indoor fireplace,Heating,Smoke alarm,Carbon monoxide alarm,Fire extinguisher,Wifi,Dedicated workspace,Kitchen,Refrigerator,Microwave,Cooking basics,Dishes and silverware,Hot water kettle,Coffee maker,Wine glasses,Dining table,Private entrance,Patio or balcony,Backyard,Outdoor furniture,Outdoor dining area,Free street parking,Luggage dropoff allowed,Long term stays allowed,Self check-in,Lockbox",0.0,,8.0,109.0,4.89,4.9,4.9,4.8,10044.0,799.3,0.033,0.033,6.0,12.0,27.5,7522.0,1253.3,0.067,san_francisco,42,799.2999999999998,1,1,1,90
54518,Entire condo,entire_home,37.79197,-122.40148,2.0,1,1,1.0,0,0,0,0,30,"Wifi,Bathtub,Hair dryer,Hot water,Washer,Dryer,Essentials,Hangers,Bed linens,Extra pillows and blankets,Room-darkening shades,Iron,Ethernet connection,TV,Sound system,Books and reading material,Portable fans,Heating,Exterior security cameras on property,Smoke alarm,Carbon monoxide alarm,Fire extinguisher,First aid kit,Wifi,Dedicated workspace,Kitchen,Refrigerator,Microwave,Cooking basics,Dishes and silverware,Freezer,Dishwasher,Stove,Oven,Hot water kettle,Coffee maker,Wine glasses,Toaster,Baking sheet,Rice maker,Dining table,Coffee,Patio or balcony,Outdoor furniture,Outdoor dining area,Sun loungers,Elevator,Paid parking off premises,Doorman,Single level home,Long term stays allowed,Cleaning before checkout,Host greets you",5270.0,,47.0,26.0,4.56,4.7,4.8,4.7,12839.0,148.4,0.26,0.49,19.0,95.0,35.2,0.0,164.2,0.0,san_francisco,53,1174.8333333333333,1,1,1,90
54634,Entire rental unit,entire_home,37.79352,-122.42649,2.0,1,1,1.0,1,0,0,0,30,"Hair dryer,Hot water,Washer,Dryer,Essentials,Hangers,Iron,Heating,Exterior security cameras on property,Smoke alarm,Carbon monoxide alarm,Wifi,Dedicated workspace,Kitchen,Refrigerator,Microwave,Cooking basics,Dishes and silverware,Stove,Oven,Coffee maker,Self check-in,Lockbox",3835.0,,9.0,53.0,4.74,4.5,4.9,4.5,1995.0,138.4,0.038,0.054,3.5,14.0,5.5,0.0,149.6,0.0,san_francisco,23,161.46666666666667,1,1,1,90
55632,Entire rental unit,entire_home,37.77927,-122.48432,4.0,1,2,1.0,1,0,0,0,30,"Hair dryer,Cleaning products,Shampoo,Conditioner,Body soap,Bidet,Hot water,Shower gel,Washer,Dryer,Essentials,Hangers,Bed linens,Extra pillows and blankets,Room-darkening shades,Iron,Drying rack for clothing,Clothing storage,Ethernet connection,TV,Sound system,Game console,Books and reading material,Fireplace guards,Babysitter recommendations,Indoor fireplace,Portable fans,Heating,Smoke alarm,Carbon monoxide alarm,Fire extinguisher,First aid kit,Wifi,Dedicated workspace,Kitchen,Refrigerator,Microwave,Cooking basics,Dishes and silverware,Freezer,Dishwasher,Stove,Oven,Hot water kettle,Coffee maker,Wine glasses,Toaster,Baking sheet,Blender,Dining table,Coffee,Free street parking,Luggage dropoff allowed,Long term stays allowed,Self check-in,Lockbox,Cleaning before checkout",4434.0,,22.0,15.0,4.8,4.9,4.8,4.9,5787.0,140.0,0.115,0.187,21.0,42.0,15.9,144.0,143.3,0.011,san_francisco,57,490.0,1,1,1,90
57561,Entire condo,entire_home,37.7479,-122.41381,2.0,1,1,1.0,1,0,0,0,30,"Garden view,Hair dryer,Cleaning products,Shampoo,Body soap,Hot water,Washer,Dryer,Essentials,Hangers,Bed linens,Extra pillows and blankets,Room-darkening shades,Iron,Clothing storage,TV,Heating,Smoke alarm,Carbon monoxide alarm,Wifi,Kitchen,Refrigerator,Microwave,Cooking basics,Dishes and silverware,Freezer,Dishwasher,Stove,Oven,Coffee maker,Toaster,Coffee,Patio or balcony,Backyard,Outdoor furniture,Outdoor dining area,Free parking on premises,Self check-in,Keypad",2923.0,,15.0,240.0,4.65,4.6,4.4,4.6,29024.0,127.0,0.57,0.86,16.0,208.0,79.5,115.0,110.1,0.011,san_francisco,39,2201.3333333333335,1,1,1,90
60101,Entire home,entire_home,37.73482,-122.41559,9.0,5,4,2.0,1,0,0,1,5,"Hair dryer,Cleaning products,Shampoo,Hot water,Washer,Dryer,Essentials,Hangers,Bed linens,Room-darkening shades,Iron,TV,Heating,Smoke alarm,Carbon monoxide alarm,Fire extinguisher,Wifi,Kitchen,Refrigerator,Microwave,Cooking basics,Dishes and silverware,Dishwasher,Stove,Oven,Hot water kettle,Coffee maker,Baking sheet,Dining table,Private entrance,Laundromat nearby,Outdoor dining area,Free street parking,Luggage dropoff allowed,Self check-in,Lockbox",0.0,0.0,19.0,31.0,5.0,4.9,4.9,4.8,78977.0,433.6,0.501,0.532,7.6,183.0,216.4,0.0,429.2,0.0,san_francisco,36,6612.400000000001,1,1,1,90
63247,Entire guest suite,entire_home,37.74921,-122.41422,2.0,1,1,1.0,1,0,0,0,2,"Hair dryer,Shampoo,Conditioner,Body soap,Hot water,Essentials,Hangers,Bed linens,Extra pillows and blankets,Iron,Clothing storage,TV,Heating,Smoke alarm,Carbon monoxide alarm,Fire extinguisher,Wifi,Dedicated workspace,Microwave,Dishes and silverware,Mini fridge,Hot water kettle,Coffee maker,Wine glasses,Private entrance,Free street parking,Self check-in,Keypad",105.0,15.0,13.0,446.0,4.69,4.6,4.7,4.6,15510.0,317.2,0.126,0.126,7.7,46.0,41.1,0.0,0.0,0.0,san_francisco,28,1215.9333333333332,1,1,1,90
68239,Entire rental unit,entire_home,37.75393,-122.42505,2.0,1,1,1.0,0,0,0,0,30,"Hair dryer,Shampoo,Hot water,Essentials,Hangers,Bed linens,Extra pillows and blankets,Iron,Ethernet connection,TV,Air conditioning,Heating,Smoke alarm,Carbon monoxide alarm,Fire extinguisher,First aid kit,Wifi,Dedicated workspace,Kitchen,Refrigerator,Microwave,Cooking basics,Dishes and silverware,Stove,Oven,Coffee maker,Private entrance,Patio or balcony,Long term stays allowed,Self check-in,Lockbox",5097.0,,29.0,55.0,4.77,4.8,4.9,4.6,20055.0,197.4,0.252,0.341,23.0,92.0,54.9,0.0,185.6,0.0,san_francisco,31,1513.3999999999999,1,1,1,90
69410,Entire home,entire_home,37.77585,-122.46413,2.0,1,2,1.0,1,0,0,1,30,"Bathtub,Hair dryer,Cleaning products,Shampoo,Conditioner,Body soap,Hot water,Shower gel,Essentials,Hangers,Bed linens,Extra pillows and blankets,Iron,Drying rack for clothing,Clothing storage,TV,Heating,Smoke alarm,Carbon monoxide alarm,Fire extinguisher,Wifi,Dedicated workspace,Refrigerator,Microwave,Cooking basics,Dishes and silverware,Hot water kettle,Coffee maker,Wine glasses,Toaster,Rice maker,Dining table,Private entrance,Laundromat nearby,Free street parking,Luggage dropoff allowed,Long term stays allowed,Self check-in,Keypad",2793.0,,5.0,79.0,4.92,4.8,4.9,4.8,18945.0,89.4,0.581,0.926,35.3,212.0,51.9,1272.0,97.3,0.144,san_francisco,39,1579.4000000000003,1,1,1,90
71645,Entire guest suite,entire_home,37.74409,-122.40846,2.0,1,1,1.0,1,0,0,1,3,"Garden view,Hair dryer,Cleaning products,Shampoo,Conditioner,Body soap,Hot water,Shower gel,Washer,Dryer,Essentials,Hangers,Bed linens,Extra pillows and blankets,Iron,Clothing storage,TV,Books and reading material,Air conditioning,Heating,Exterior security cameras on property,Smoke alarm,Carbon monoxide alarm,Wifi,Dedicated workspace,Kitchen,Refrigerator,Microwave,Cooking basics,Dishes and silverware,Mini fridge,Freezer,Stove,Oven,Hot water kettle,Coffee maker,Wine glasses,Toaster,Coffee,Patio or balcony,Backyard,Outdoor furniture,Outdoor dining area,Free street parking,Luggage dropoff allowed,Self check-in,Keypad",90.0,0.0,29.0,450.0,4.95,5.0,4.8,4.9,56458.0,163.7,0.849,0.904,4.5,310.0,138.9,11347.0,170.0,0.644,san_francisco,47,4228.916666666667,1,1,1,90
81158,Entire condo,entire_home,37.78408,-122.44436,4.0,1,2,1.0,1,0,0,1,30,"Bathtub,Hair dryer,Shampoo,Hot water,Washer,Dryer,Essentials,Hangers,Bed linens,Extra pillows and blankets,Iron,Ethernet connection,TV,Outlet covers,Heating,Smoke alarm,Carbon monoxide alarm,Fire extinguisher,First aid kit,Wifi,Kitchen,Refrigerator,Microwave,Cooking basics,Dishes and silverware,Dishwasher,Stove,Oven,Coffee maker,Private entrance,Patio or balcony,Backyard,BBQ grill,Free street parking,Paid parking off premises,Single level home,Luggage dropoff allowed,Long term stays allowed,Self check-in,Lockbox",2659.0,,42.0,43.0,4.86,4.7,5.0,4.8,21534.0,94.2,0.638,0.787,15.5,233.0,59.0,816.0,100.7,0.089,san_francisco,40,1829.0500000000002,1,1,1,90
109883,Entire guest suite,entire_home,37.73241,-122.46432,4.0,1,2,1.0,1,0,0,1,2,"Cable TV,Bathtub,Hair dryer,Cleaning products,Shampoo,Conditioner,Body soap,Hot water,Essentials,Hangers,Bed linens,Extra pillows and blankets,Room-darkening shades,Iron,Clothing storage,TV,Books and reading material,Pack ’n play/Travel crib,Portable fans,Heating,Exterior security cameras on property,Smoke alarm,Carbon monoxide alarm,Fire extinguisher,First aid kit,Wifi,Dedicated workspace,Microwave,Dishes and silverware,Mini fridge,Hot water kettle,Coffee maker,Wine glasses,Toaster,Dining table,Coffee,Private entrance,Laundromat nearby,Patio or balcony,Fire pit,Outdoor furniture,Outdoor dining area,Free parking on premises,Free street parking,Luggage dropoff allowed,Self check-in,Keypad",60.0,0.0,22.0,569.0,4.76,4.8,4.8,4.7,34632.0,151.0,0.575,0.575,3.2,210.0,85.3,7809.0,185.7,0.456,san_francisco,47,2642.5,1,1,1,90
124011,Entire home,entire_home,37.7642,-122.4698,6.0,4,4,2.5,1,0,0,0,7,"TV,Cable TV,Children’s books and toys,Wifi,Kitchen,Pack ’n play/Travel crib,Free parking on premises,Game console,Hot water,Body soap,Bed linens,Extra pillows and blankets,Free street parking,Ethernet connection,Microwave,Cleaning products,Coffee maker,Refrigerator,Dishwasher,Dishes and silverware,Heating,Cooking basics,Oven,Stove,Washer,Dryer,Smoke alarm,Carbon monoxide alarm,Patio or balcony,First aid kit,Backyard,Fire extinguisher,Essentials,Shampoo,Hangers,Hair dryer,Iron,Dedicated workspace,Self check-in,Lockbox,Private entrance,Bathtub",200.0,0.0,54.0,37.0,4.97,4.8,4.9,4.7,29218.0,693.1,0.107,0.108,7.8,39.0,77.3,0.0,630.0,0.0,san_francisco,42,2252.5750000000003,1,1,1,90
128230,Entire rental unit,entire_home,37.75737,-122.43566,3.0,1,2,1.0,0,0,0,0,30,"Garden view,Bathtub,Hair dryer,Shampoo,Conditioner,Body soap,Hot water,Shower gel,Washer,Dryer,Essentials,Hangers,Bed linens,Extra pillows and blankets,Room-darkening shades,Iron,Drying rack for clothing,Safe,Clothing storage,TV,Books and reading material,Heating,Smoke alarm,Carbon monoxide alarm,Fire extinguisher,First aid kit,Wifi,Dedicated workspace,Kitchen,Refrigerator,Microwave,Cooking basics,Dishes and silverware,Dishwasher,Stove,Oven,Wine glasses,Toaster,Baking sheet,Dining table,Coffee,Backyard,Free street parking,Long term stays allowed",10515.0,,33.0,175.0,4.93,4.9,4.9,4.8,28821.0,382.5,0.208,0.259,0.0,76.0,79.0,7188.0,384.4,0.211,san_francisco,44,2422.5,1,1,1,90
137129,Entire home,entire_home,37.787331,-122.463714,6.0,3,3,3.0,1,0,0,0,2,"Bathtub,Hair dryer,Shampoo,Conditioner,Body soap,Hot water,Washer,Dryer,Essentials,Hangers,Bed linens,Iron,Clothing storage,TV,Piano,Indoor fireplace,Heating,Smoke alarm,Carbon monoxide alarm,Fire extinguisher,First aid kit,Wifi,Dedicated workspace,Kitchen,Refrigerator,Microwave,Cooking basics,Dishes and silverware,Freezer,Dishwasher,Stove,Oven,Hot water kettle,Coffee maker,Wine glasses,Toaster,Baking sheet,Rice maker,Barbecue utensils,Dining table,Private entrance,Patio or balcony,Backyard,Fire pit,Outdoor furniture,Outdoor dining area,BBQ grill,Free parking on premises,Free street parking,Long term stays allowed,Self check-in,Lockbox",500.0,0.0,45.0,18.0,4.89,4.6,5.0,4.6,159141.0,967.2,0.477,0.637,7.0,174.0,407.2,3373.0,1117.4,0.022,san_francisco,52,14024.400000000001,1,1,1,90
138221,Entire rental unit,entire_home,37.77664,-122.45586,2.0,1,1,1.0,1,0,0,1,30,"Bathtub,Hair dryer,Shampoo,Hot water,Shower gel,Washer,Dryer,Essentials,Hangers,Bed linens,Extra pillows and blankets,Iron,TV,Heating,Smoke alarm,Carbon monoxide alarm,Fire extinguisher,First aid kit,Wifi,Dedicated workspace,Kitchen,Refrigerator,Microwave,Cooking basics,Dishes and silverware,Stove,Oven,Coffee maker,Baking sheet,Private entrance,Backyard,Free street parking,Single level home,Luggage dropoff allowed,Long term stays allowed,Self check-in,Keypad",100.0,0.0,24.0,92.0,4.84,4.7,4.8,4.7,26175.0,118.4,0.589,0.956,21.5,215.0,69.5,224.0,118.2,0.011,san_francisco,37,2121.3333333333335,1,1,1,90
138592,Entire home,entire_home,37.7564,-122.4286,8.0,4,5,2.0,0,0,0,1,5,"Wifi,Bathtub,Hair dryer,Cleaning products,Shampoo,Conditioner,Body soap,Hot water,Shower gel,Washer,Dryer,Essentials,Hangers,Bed linens,Extra pillows and blankets,Room-darkening shades,Iron,Books and reading material,Crib,Pack ’n play/Travel crib,Children’s books and toys,Children’s dinnerware,Board games,Baby safety gates,Indoor fireplace,Portable fans,Heating,Exterior security cameras on property,Smoke alarm,Carbon monoxide alarm,Fire extinguisher,Wifi,Dedicated workspace,Kitchen,Refrigerator,Microwave,Cooking basics,Dishes and silverware,Freezer,Dishwasher,Stove,Oven,Hot water kettle,Coffee maker,Wine glasses,Toaster,Baking sheet,Blender,Rice maker,Barbecue utensils,Dining table,Coffee,Private entrance,Patio or balcony,Backyard,BBQ grill,Free street parking,Pets allowed,Luggage dropoff allowed,Self check-in,Keypad",251.0,0.0,38.0,38.0,4.92,5.0,5.0,4.6,48587.0,1371.5,0.093,0.309,8.5,34.0,130.4,14391.0,1483.0,0.1,san_francisco,61,3885.9166666666665,1,1,1,90
150347,Entire rental unit,entire_home,37.75981,-122.4188,4.0,2,2,1.0,0,0,0,0,41,"Hair dryer,Hot water,Washer,Dryer,Essentials,Hangers,Iron,TV,Pack ’n play/Travel crib,Heating,Exterior security cameras on property,Smoke alarm,Carbon monoxide alarm,Wifi,Kitchen,Refrigerator,Microwave,Cooking basics,Dishes and silverware,Stove,Oven,Coffee maker,Patio or balcony,Backyard,Free parking on premises,Pets allowed,Long term stays allowed,Self check-in,Smart lock",5411.0,,17.0,138.0,4.73,4.6,4.4,4.6,17816.0,159.4,0.315,0.719,28.8,115.0,48.8,0.0,169.1,0.0,san_francisco,29,1527.5833333333333,1,1,1,90
166771,Entire rental unit,entire_home,37.76973,-122.44695,2.0,1,2,1.0,0,0,0,1,30,"Hair dryer,Shampoo,Hot water,Washer,Dryer,Essentials,Hangers,Room-darkening shades,Iron,TV,Children’s books and toys,Heating,Smoke alarm,Carbon monoxide alarm,Fire extinguisher,First aid kit,Wifi,Kitchen,Refrigerator,Microwave,Cooking basics,Dishes and silverware,Stove,Oven,Coffee maker,Private entrance,Free street parking,Paid parking off premises,Pets allowed,Luggage dropoff allowed,Long term stays allowed,Self check-in,Keypad",6232.0,,17.0,180.0,4.88,4.9,4.9,4.8,34997.0,198.7,0.458,0.635,13.9,167.0,95.9,15738.0,218.1,0.8,san_francisco,33,2765.241666666667,1,1,1,90
175090,Entire rental unit,entire_home,37.79203,-122.40284,2.0,1,1,1.0,0,0,0,0,30,"Hair dryer,Cleaning products,Shampoo,Conditioner,Body soap,Hot water,Essentials,Hangers,Bed linens,Extra pillows and blankets,Iron,Clothing storage,TV,Heating,Smoke alarm,Carbon monoxide alarm,Fire extinguisher,Wifi,Dedicated workspace,Kitchen,Refrigerator,Microwave,Cooking basics,Dishes and silverware,Coffee maker,Private entrance,Patio or balcony,Paid parking off premises,Luggage dropoff allowed,Long term stays allowed,Self check-in,Lockbox",3258.0,,5.0,35.0,4.53,4.7,4.9,4.3,18869.0,101.4,0.507,0.902,11.6,185.0,51.7,1671.0,100.6,0.189,san_francisco,32,1563.25,1,1,1,90
175102,Entire rental unit,entire_home,37.79175,-122.4045,2.0,1,1,1.0,0,0,0,0,30,"Hair dryer,Shampoo,Hot water,Washer,Dryer,Essentials,Hangers,Bed linens,Extra pillows and blankets,Iron,TV,Heating,Smoke alarm,Carbon monoxide alarm,Fire extinguisher,Wifi,Kitchen,Refrigerator,Microwave,Cooking basics,Dishes and silverware,Stove,Oven,Coffee maker,Private entrance,Paid parking off premises,Luggage dropoff allowed,Long term stays allowed,Self check-in,Lockbox",3516.0,,16.0,60.0,4.74,4.8,4.8,4.5,13903.0,110.9,0.356,0.591,32.5,130.0,38.1,234.0,117.4,0.022,san_francisco,30,1201.4166666666667,1,1,1,90
231129,Entire townhouse,entire_home,37.79278,-122.40998,8.0,4,4,3.0,0,0,0,0,2,"Hair dryer,Shampoo,Washer,Dryer,Essentials,Hangers,Bed linens,Iron,TV,Heating,Exterior security cameras on property,Smoke alarm,Carbon monoxide alarm,Wifi,Dedicated workspace,Kitchen,Refrigerator,Stove,Private entrance",300.0,0.0,80.0,78.0,4.41,4.6,4.8,4.3,170997.0,1405.3,0.307,0.354,3.0,112.0,443.8,46996.0,1473.7,0.333,san_francisco,19,13116.133333333333,1,1,1,90
238204,Entire guest suite,entire_home,37.74246,-122.50423,3.0,1,1,1.0,1,0,0,1,3,"Wifi,Hair dryer,Cleaning products,Shampoo,Body soap,Hot water,Shower gel,Essentials,Hangers,Bed linens,Extra pillows and blankets,Iron,Clothing storage,Ethernet connection,TV,Piano,Books and reading material,Heating,Exterior security cameras on property,Smoke alarm,Carbon monoxide alarm,Fire extinguisher,First aid kit,Wifi,Dedicated workspace,Kitchen,Refrigerator,Microwave,Cooking basics,Dishes and silverware,Freezer,Stove,Oven,Hot water kettle,Coffee maker,Wine glasses,Toaster,Baking sheet,Dining table,Coffee,Beach access,Laundromat nearby,Patio or balcony,Backyard,Free street parking,Luggage dropoff allowed,Host greets you",120.0,0.0,5.0,347.0,4.78,4.8,4.7,4.6,42420.0,190.2,0.559,0.56,5.4,204.0,106.4,12284.0,210.1,0.611,san_francisco,47,3233.3999999999996,1,1,1,90
251792,Entire home,entire_home,37.75474,-122.48924,8.0,3,6,3.0,0,0,0,0,2,"TV,Wifi,Kitchen,Board games,Free parking on premises,Hot water kettle,Ocean view,Conditioner,Free street parking,Hot tub,Cleaning products,Heating,Coffee,Clothing storage,Wine glasses,Washer,Dryer,Beach access,Smoke alarm,Carbon monoxide alarm,First aid kit,Fire extinguisher,Bidet,Essentials,Shampoo,Hangers,Hair dryer,Iron,Dedicated workspace,Self check-in,Outdoor dining area,Freezer,Keypad,Private entrance,Bathtub,Blender,Babysitter recommendations,Room-darkening shades,Hot water,Body soap,Bed linens,Extra pillows and blankets,Microwave,Coffee maker,Refrigerator,Dishwasher,Dishes and silverware,Cooking basics,Oven,Stove,Shower gel,Patio or balcony,Backyard,Beach essentials,Luggage dropoff allowed,Long term stays allowed,Dining table,Baking sheet",300.0,0.0,25.0,51.0,4.8,4.8,4.9,4.7,25333.0,532.1,0.115,0.119,3.5,42.0,60.4,2443.0,547.5,0.044,san_francisco,58,1862.3500000000001,1,1,1,90
269463,Entire rental unit,entire_home,37.76761,-122.45139,2.0,1,1,1.0,0,0,0,1,2,"Bathtub,Hair dryer,Cleaning products,Shampoo,Conditioner,Body soap,Bidet,Hot water,Washer,Dryer,Essentials,Hangers,Bed linens,Extra pillows and blankets,Room-darkening shades,Iron,Clothing storage,TV,Sound system,Books and reading material,Indoor fireplace,Heating,Exterior security cameras on property,Smoke alarm,Carbon monoxide alarm,Wifi,Kitchen,Refrigerator,Microwave,Cooking basics,Dishes and silverware,Freezer,Dishwasher,Stove,Oven,Hot water kettle,Coffee maker,Wine glasses,Toaster,Baking sheet,Blender,Barbecue utensils,Dining table,Coffee,Private entrance,Laundromat nearby,Patio or balcony,Backyard,Outdoor furniture,BBQ grill,Free street parking,Hot tub,Paid parking off premises,Luggage dropoff allowed,Smoking allowed,Self check-in,Smart lock",90.0,0.0,34.0,183.0,4.79,4.8,4.9,4.7,57577.0,280.7,0.548,0.877,11.1,200.0,154.3,16517.0,317.4,0.556,san_francisco,57,4678.333333333333,1,1,1,90
308885,Entire condo,entire_home,37.79739,-122.4052,4.0,1,2,1.0,0,0,0,0,30,"Wifi,Hair dryer,Cleaning products,Shampoo,Conditioner,Body soap,Hot water,Shower gel,Essentials,Hangers,Bed linens,Extra pillows and blankets,Room-darkening shades,Iron,Drying rack for clothing,Clothing storage,TV,Books and reading material,Indoor fireplace,Portable fans,Heating,Exterior security cameras on property,Smoke alarm,Carbon monoxide alarm,First aid kit,Dedicated workspace,Kitchen,Refrigerator,Microwave,Cooking basics,Dishes and silverware,Freezer,Stove,Oven,Hot water kettle,Coffee maker,Wine glasses,Toaster,Blender,Dining table,Coffee,Laundromat nearby,Patio or balcony,Long term stays allowed,Cleaning before checkout,Host greets you",3925.0,25.0,21.0,115.0,4.45,4.5,4.4,4.3,5164.0,134.6,0.099,0.114,12.0,36.0,14.1,0.0,146.6,0.0,san_francisco,46,403.79999999999995,1,1,1,90
314248,Entire home,entire_home,37.7895,-122.4354,6.0,3,4,2.5,1,0,0,1,6,"Hair dryer,Shampoo,Hot water,Shower gel,Washer,Dryer,Essentials,Iron,TV,Indoor fireplace,Heating,Smoke alarm,Carbon monoxide alarm,Wifi,Kitchen,Cooking basics,Dishes and silverware,Free parking on premises",200.0,0.0,44.0,86.0,4.91,4.7,4.9,4.8,89408.0,1052.6,0.268,0.415,8.2,98.0,238.9,3427.0,1112.6,0.044,san_francisco,18,8596.233333333332,1,1,1,90
314368,Entire condo,entire_home,37.80333,-122.40962,5.0,2,2,1.0,1,0,0,1,2,"Hair dryer,Shampoo,Hot water,Washer,Dryer,Essentials,Hangers,Bed linens,Extra pillows and blankets,Iron,Ethernet connection,TV,Heating,Smoke alarm,Carbon monoxide alarm,Fire extinguisher,First aid kit,Wifi,Dedicated workspace,Kitchen,Refrigerator,Microwave,Cooking basics,Dishes and silverware,Dishwasher,Stove,Oven,Coffee maker,Private entrance,Backyard,Paid parking off premises,Self check-in,Keypad",0.0,0.0,19.0,118.0,4.94,4.8,5.0,4.8,95341.0,654.9,0.403,0.586,5.7,147.0,261.2,14972.0,752.1,0.233,san_francisco,33,8022.525000000001,1,1,1,90
325478,Entire condo,entire_home,37.76122,-122.42319,4.0,2,2,1.0,1,0,0,1,4,"Garden view,Bathtub,Hair dryer,Cleaning products,Shampoo,Conditioner,Body soap,Hot water,Shower gel,Washer,Dryer,Essentials,Hangers,Bed linens,Extra pillows and blankets,Room-darkening shades,Iron,TV,Game console,Books and reading material,Crib,Pack ’n play/Travel crib,Children’s books and toys,Children’s dinnerware,Board games,Air conditioning,Portable fans,Heating,Smoke alarm,Carbon monoxide alarm,Fire extinguisher,First aid kit,Wifi,Dedicated workspace,Kitchen,Refrigerator,Microwave,Cooking basics,Dishes and silverware,Freezer,Dishwasher,Stove,Oven,Hot water kettle,Coffee maker,Wine glasses,Toaster,Baking sheet,Rice maker,Dining table,Coffee,Private entrance,Free street parking,Paid parking off premises,Pets allowed,Luggage dropoff allowed,Self check-in,Smart lock",150.0,0.0,33.0,211.0,4.89,4.8,4.9,4.7,111332.0,492.8,0.581,0.584,7.3,212.0,293.1,36249.0,600.6,0.633,san_francisco,58,8706.133333333333,1,1,1,90
326650,Entire rental unit,entire_home,37.78457,-122.43177,2.0,1,1,1.0,0,0,0,0,30,"Dryer,Essentials,Hangers,Bed linens,Room-darkening shades,Iron,TV,Indoor fireplace,Heating,Exterior security cameras on property,Smoke alarm,Wifi,Dedicated workspace,Refrigerator,Microwave,Cooking basics,Dishes and silverware,Freezer,Dishwasher,Stove,Oven,Toaster,Elevator",0.0,,62.0,32.0,4.7,4.5,4.8,4.7,2610.0,185.1,0.041,0.041,7.5,15.0,7.2,2610.0,174.5,0.167,san_francisco,23,231.375,1,1,1,90
330535,Entire rental unit,entire_home,37.76699,-122.44643,6.0,3,3,1.0,0,0,0,0,30,"Hair dryer,Shampoo,Conditioner,Body soap,Hot water,Shower gel,Washer,Dryer,Essentials,Hangers,Bed linens,Iron,TV,Heating,Smoke alarm,Carbon monoxide alarm,Wifi,Kitchen,Refrigerator,Microwave,Dishes and silverware,Freezer,Hot water kettle,Coffee maker,Wine glasses,Toaster,Backyard,Outdoor furniture,Self check-in,Lockbox",125.0,0.0,26.0,125.0,4.73,4.5,4.8,4.6,25784.0,193.1,0.375,0.498,34.3,137.0,69.3,888.0,230.4,0.033,san_francisco,30,2204.5583333333334,1,1,1,90
371595,Entire guesthouse,entire_home,37.78146,-122.45619,2.0,1,2,1.0,0,0,0,0,30,"Garden view,Hair dryer,Shampoo,Hot water,Essentials,Hangers,Bed linens,Iron,TV,Heating,Smoke alarm,Carbon monoxide alarm,Wifi,Kitchen,Refrigerator,Dishes and silverware,Coffee maker,Private entrance,Backyard,Outdoor furniture,Outdoor dining area,Paid parking on premises",2326.0,,17.0,253.0,4.8,4.8,4.9,4.8,1097.0,85.6,0.036,0.05,4.3,13.0,3.0,183.0,90.7,0.022,san_francisco,22,92.73333333333333,1,1,1,90
394575,Entire rental unit,entire_home,37.7413,-122.4118,5.0,1,2,1.0,1,0,0,1,6,"Hair dryer,Cleaning products,Shampoo,Body soap,Hot water,Shower gel,Essentials,Hangers,Bed linens,Extra pillows and blankets,Iron,Clothing storage,TV,Sound system,Books and reading material,Indoor fireplace,Portable fans,Heating,Smoke alarm,Carbon monoxide alarm,First aid kit,Wifi,Dedicated workspace,Microwave,Cooking basics,Dishes and silverware,Mini fridge,Stove,Oven,Hot water kettle,Coffee maker,Wine glasses,Toaster,Dining table,Coffee,Private entrance,Laundromat nearby,Free street parking,Single level home,Luggage dropoff allowed,Long term stays allowed,Self check-in,Keypad",45.0,0.0,29.0,602.0,4.84,4.9,4.8,4.8,27469.0,160.4,0.438,0.788,5.3,160.0,72.3,13288.0,175.5,0.8,san_francisco,43,2138.6666666666665,1,1,1,90
415498,Entire rental unit,entire_home,37.79249,-122.4256,2.0,1,1,1.0,0,0,0,0,30,"Hair dryer,Shampoo,Hot water,Washer,Dryer,Essentials,Hangers,Bed linens,Extra pillows and blankets,Iron,Ethernet connection,Heating,Exterior security cameras on property,Smoke alarm,Carbon monoxide alarm,Fire extinguisher,Wifi,Dedicated workspace,Kitchen,Refrigerator,Microwave,Cooking basics,Dishes and silverware,Freezer,Stove,Oven,Hot water kettle,Coffee maker,Wine glasses,Toaster,Baking sheet,Private entrance,Luggage dropoff allowed,Long term stays allowed",4037.0,,5.0,37.0,4.82,4.6,4.9,4.5,14583.0,121.6,0.326,0.61,23.8,119.0,40.0,5858.0,132.5,0.489,san_francisco,34,1205.8666666666666,1,1,1,90
467507,Entire guest suite,entire_home,37.74797,-122.41111,2.0,1,1,1.0,1,0,0,1,3,"Garden view,Hair dryer,Cleaning products,Shampoo,Conditioner,Body soap,Hot water,Essentials,Hangers,Bed linens,Extra pillows and blankets,Room-darkening shades,Iron,Drying rack for clothing,Clothing storage,TV,Board games,Portable fans,Heating,Smoke alarm,Carbon monoxide alarm,Fire extinguisher,First aid kit,Wifi,Dedicated workspace,Kitchen,Refrigerator,Microwave,Cooking basics,Dishes and silverware,Freezer,Stove,Oven,Hot water kettle,Coffee maker,Wine glasses,Toaster,Baking sheet,Rice maker,Dining table,Coffee,Private entrance,Laundromat nearby,Patio or balcony,Outdoor furniture,Free parking on premises,Free street parking,Single level home,Luggage dropoff allowed,Self check-in,Keypad",60.0,0.0,23.0,482.0,4.96,5.0,4.9,4.9,61277.0,190.8,0.816,0.816,3.9,298.0,156.7,16794.0,211.1,0.822,san_francisco,51,4738.2,1,1,1,90
468490,Entire condo,entire_home,37.80309,-122.41586,8.0,3,4,2.5,0,0,0,0,21,"TV,Kitchen,Wifi,Hair dryer,Cleaning products,Shampoo,Conditioner,Hot water,Washer,Dryer,Essentials,Hangers,Bed linens,Extra pillows and blankets,Room-darkening shades,Iron,Clothing storage,Ethernet connection,TV,Crib,Pack ’n play/Travel crib,Fireplace guards,Board games,Heating,Exterior security cameras on property,Smoke alarm,Carbon monoxide alarm,Fire extinguisher,Wifi,Dedicated workspace,Kitchen,Refrigerator,Microwave,Cooking basics,Dishes and silverware,Freezer,Dishwasher,Stove,Oven,Hot water kettle,Coffee maker,Wine glasses,Toaster,Baking sheet,Blender,Trash compactor,Dining table,Coffee,Private entrance,Laundromat nearby,Patio or balcony,Backyard,Free street parking,Elevator,Paid parking off premises,Single level home,Self check-in,Keypad",8481.0,,49.0,106.0,4.62,4.9,4.9,4.3,34232.0,449.0,0.197,0.258,3.6,72.0,93.8,5027.0,320.8,0.167,san_francisco,58,2694.0,1,1,1,90
487019,Entire rental unit,entire_home,37.7551,-122.399,5.0,3,4,2.0,0,0,0,0,4,"TV,Wifi,Bathtub,Hair dryer,Cleaning products,Shampoo,Conditioner,Body soap,Hot water,Washer,Dryer,Essentials,Hangers,Bed linens,Room-darkening shades,Iron,Drying rack for clothing,Clothing storage,Ethernet connection,TV,Record player,Pack ’n play/Travel crib,Children’s books and toys,High chair,Children’s dinnerware,Window guards,Outlet covers,Board games,Babysitter recommendations,Portable fans,Heating,Smoke alarm,Carbon monoxide alarm,Fire extinguisher,Wifi,Dedicated workspace,Kitchen,Refrigerator,Microwave,Cooking basics,Dishes and silverware,Freezer,Dishwasher,Stove,Oven,Hot water kettle,Coffee maker,Wine glasses,Toaster,Baking sheet,Blender,Dining table,Free parking on premises,Free street parking,Gym,Long term stays allowed,Self check-in,Lockbox",260.0,0.0,29.0,41.0,4.44,4.3,4.4,4.4,19140.0,264.8,0.173,0.467,5.7,63.0,46.0,3211.0,254.6,0.122,san_francisco,58,1390.2,1,1,1,90
487499,Entire rental unit,entire_home,37.7593,-122.42338,2.0,1,1,1.0,1,0,0,1,30,"Hair dryer,Shampoo,Hot water,Washer,Dryer,Essentials,Hangers,Iron,TV,Pack ’n play/Travel crib,Heating,Smoke alarm,Fire extinguisher,Wifi,Dedicated workspace,Kitchen,Refrigerator,Microwave,Cooking basics,Dishes and silverware,Dishwasher,Stove,Oven,Coffee maker,Long term stays allowed,Self check-in,Lockbox",5510.0,,16.0,211.0,4.78,4.8,4.9,4.6,25862.0,152.4,0.496,0.73,25.9,181.0,70.9,172.0,168.6,0.011,san_francisco,27,2298.7000000000003,1,1,1,90
493889,Entire rental unit,entire_home,37.72833,-122.44125,2.0,1,1,1.0,0,0,0,1,4,"TV,Wifi,Hair dryer,Shampoo,Hot water,Washer,Dryer,Essentials,Hangers,Bed linens,Extra pillows and blankets,Iron,TV,Books and reading material,Children’s books and toys,Ceiling fan,Portable fans,Heating,Smoke alarm,Carbon monoxide alarm,Fire extinguisher,Wifi,Dedicated workspace,Kitchen,Refrigerator,Microwave,Cooking basics,Dishes and silverware,Freezer,Dishwasher,Stove,Oven,Hot water kettle,Coffee maker,Wine glasses,Toaster,Baking sheet,Rice maker,Coffee,Private entrance,Laundromat nearby,Free parking on premises,Free street parking,Paid parking on premises,Long term stays allowed,Host greets you",273.0,0.0,29.0,122.0,4.9,4.7,4.8,4.8,8977.0,234.4,0.096,0.096,11.7,35.0,22.4,4542.0,227.3,0.189,san_francisco,46,683.6666666666666,1,1,1,90
504146,Entire guest suite,entire_home,37.80489,-122.43746,2.0,1,2,1.0,0,0,0,1,2,"Bathtub,Hair dryer,Shampoo,Hot water,Washer,Dryer,Essentials,Hangers,Bed linens,Extra pillows and blankets,Iron,Ethernet connection,TV,Heating,Smoke alarm,Carbon monoxide alarm,Fire extinguisher,First aid kit,Wifi,Dedicated workspace,Refrigerator,Microwave,Dishes and silverware,Dishwasher,Coffee maker,Waterfront,Beach access,Private entrance,Patio or balcony,Backyard,Outdoor furniture,Outdoor dining area,Free street parking,Single level home,Luggage dropoff allowed,Host greets you",0.0,0.0,23.0,130.0,4.93,5.0,5.0,4.8,65859.0,396.4,0.501,0.744,4.1,183.0,180.4,0.0,473.4,0.0,san_francisco,36,6045.099999999999,1,1,1,90
531151,Entire home,entire_home,37.73466,-122.41694,8.0,4,6,2.5,0,1,0,0,4,"TV,Cable TV,Wifi,Kitchen,Board games,Free parking on premises,Hot water kettle,Portable fans,Conditioner,Free street parking,Laundromat nearby,Outdoor furniture,Hammock,Cleaning products,Heating,Coffee,Wine glasses,Washer,Dryer,Smoke alarm,Carbon monoxide alarm,Fire extinguisher,Essentials,Shampoo,Hangers,Hair dryer,Iron,Dedicated workspace,Self check-in,Freezer,Keypad,Private entrance,Rice maker,Bathtub,Children’s books and toys,Blender,Room-darkening shades,Game console,Hot water,Body soap,Bed linens,Extra pillows and blankets,Microwave,Coffee maker,Refrigerator,Dishwasher,Dishes and silverware,Cooking basics,Oven,Stove,BBQ grill,Shower gel,Backyard,Dining table,Baking sheet,Barbecue utensils,Toaster",150.0,0.0,23.0,31.0,4.9,4.8,4.7,4.8,53375.0,612.2,0.296,0.48,7.7,108.0,141.7,762.0,862.9,0.011,san_francisco,57,5509.8,1,1,1,90
545685,Entire guest suite,entire_home,37.77458,-122.48162,2.0,1,1,1.0,1,0,0,1,2,"Hair dryer,Shampoo,Hot water,Essentials,Hangers,Iron,TV,Heating,Smoke alarm,Carbon monoxide alarm,Fire extinguisher,Wifi,Refrigerator,Dishes and silverware,Coffee maker,Free street parking,Luggage dropoff allowed,Self check-in,Smart lock",60.0,20.0,16.0,1302.0,4.82,4.8,4.7,4.8,38249.0,97.8,0.912,0.949,3.0,333.0,89.5,7928.0,96.0,0.778,san_francisco,19,2713.95,1,1,1,90
555596,Entire guest suite,entire_home,37.74391,-122.43524,2.0,1,1,1.0,1,0,0,1,3,"TV,Wifi,Air conditioning,Hair dryer,Cleaning products,Shampoo,Conditioner,Body soap,Hot water,Essentials,Hangers,Extra pillows and blankets,Iron,Drying rack for clothing,Heating,Smoke alarm,Carbon monoxide alarm,Fire extinguisher,First aid kit,Wifi,Dedicated workspace,Refrigerator,Microwave,Cooking basics,Dishes and silverware,Stove,Coffee maker,Toaster,Blender,Dining table,Coffee,Private entrance,Laundromat nearby,Backyard,Free street parking,Self check-in,Lockbox",95.0,0.0,5.0,256.0,4.91,4.9,4.9,4.9,12236.0,143.6,0.211,0.828,5.1,77.0,29.6,571.0,159.1,0.033,san_francisco,37,921.4333333333333,1,1,1,90
561148,Entire home,entire_home,37.77689,-122.45594,6.0,3,3,2.0,0,0,0,1,3,"Bathtub,Hair dryer,Cleaning products,Shampoo,Conditioner,Hot water,Washer,Dryer,Essentials,Hangers,Bed linens,Extra pillows and blankets,Iron,Clothing storage,TV,Exercise equipment,Children’s dinnerware,Indoor fireplace,Heating,Smoke alarm,Carbon monoxide alarm,Fire extinguisher,First aid kit,Wifi,Dedicated workspace,Kitchen,Refrigerator,Microwave,Cooking basics,Dishes and silverware,Freezer,Dishwasher,Stove,Oven,Hot water kettle,Coffee maker,Wine glasses,Toaster,Dining table,Patio or balcony,Backyard,Outdoor furniture,Outdoor dining area,BBQ grill,Free street parking,Self check-in,Keypad",175.0,0.0,56.0,55.0,4.96,4.9,4.9,4.7,73703.0,809.2,0.263,0.429,13.7,96.0,199.0,21104.0,710.7,0.322,san_francisco,47,6473.600000000001,1,1,1,90
571142,Entire serviced apartment,entire_home,37.76459,-122.45483,4.0,2,2,1.0,0,1,0,0,30,"Wifi,Hair dryer,Cleaning products,Shampoo,Conditioner,Body soap,Hot water,Shower gel,Essentials,Hangers,Bed linens,Extra pillows and blankets,Room-darkening shades,Iron,Drying rack for clothing,Clothing storage,Ethernet connection,TV,Sound system,Books and reading material,Indoor fireplace,Portable fans,Heating,Smoke alarm,Carbon monoxide alarm,Fire extinguisher,First aid kit,Wifi,Dedicated workspace,Pocket wifi,Kitchen,Refrigerator,Microwave,Cooking basics,Dishes and silverware,Freezer,Stove,Oven,Hot water kettle,Coffee maker,Wine glasses,Toaster,Baking sheet,Blender,Rice maker,Barbecue utensils,Dining table,Coffee,Private entrance,Laundromat nearby,Patio or balcony,Hammock,Free street parking,Single level home,Luggage dropoff allowed,Long term stays allowed,Self check-in,Smart lock,Cleaning before checkout",6421.0,,14.0,52.0,4.78,4.5,4.9,4.6,9406.0,189.8,0.148,0.314,27.0,54.0,25.8,0.0,215.1,0.0,san_francisco,59,854.1,1,1,1,90
585326,Entire guest suite,entire_home,37.77547,-122.48116,2.0,1,2,1.0,1,0,0,1,2,"Hair dryer,Shampoo,Hot water,Essentials,Hangers,Iron,TV,Heating,Smoke alarm,Carbon monoxide alarm,Wifi,Dishes and silverware,Luggage dropoff allowed,Self check-in,Smart lock",60.0,20.0,12.0,1244.0,4.82,4.9,4.8,4.8,38438.0,96.7,0.91,0.91,2.6,332.0,88.9,10337.0,104.9,0.922,san_francisco,15,2675.366666666667,1,1,1,90
25002,Entire guest suite,entire_home,47.68113,-122.37039,4.0,1,2,1.0,1,0,0,1,2,"Bathtub,Hair dryer,Shampoo,Body soap,Hot water,Shower gel,Washer,Dryer,Essentials,Hangers,Bed linens,Extra pillows and blankets,Iron,Drying rack for clothing,Clothing storage,TV,Children’s books and toys,Air conditioning,Portable fans,Heating,Smoke alarm,Carbon monoxide alarm,Fire extinguisher,Wifi,Dedicated workspace,Refrigerator,Microwave,Dishes and silverware,Mini fridge,Hot water kettle,Coffee maker,Toaster,Coffee,Private entrance,Patio or balcony,Free parking on premises,Free street parking,Luggage dropoff allowed,Self check-in,Smart lock",30.0,0.0,5.0,1188.0,4.93,4.9,4.9,4.9,29123.0,106.3,0.682,0.69,2.5,249.0,73.7,9820.0,141.5,0.711,seattle,40,2205.725,1,0,0,365
229990,Entire home,entire_home,47.57871,-122.41062,8.0,2,4,3.0,1,0,0,1,3,"Hair dryer,Shampoo,Hot water,Washer,Dryer,Essentials,Hangers,Iron,TV,Crib,Pack ’n play/Travel crib,Heating,Smoke alarm,Carbon monoxide alarm,Fire extinguisher,Wifi,Dedicated workspace,Kitchen,Refrigerator,Dishes and silverware,Coffee maker,Beach access,Patio or balcony,Backyard,Free parking on premises,Free street parking,Host greets you",140.0,0.0,47.0,52.0,4.9,4.9,5.0,4.8,49726.0,368.8,0.334,0.342,3.7,122.0,124.7,29003.0,845.3,0.456,seattle,27,3749.4666666666667,1,0,0,365
241016,Entire home,entire_home,47.64177,-122.37481,4.0,3,3,1.0,0,0,0,1,3,"Bathtub,Hair dryer,Cleaning products,Shampoo,Conditioner,Body soap,Hot water,Shower gel,Washer,Dryer,Essentials,Hangers,Bed linens,Extra pillows and blankets,Room-darkening shades,Iron,Drying rack for clothing,Clothing storage,TV,Air conditioning,Indoor fireplace,Heating,Smoke alarm,Carbon monoxide alarm,Fire extinguisher,Wifi,Kitchen,Refrigerator,Cooking basics,Dishes and silverware,Freezer,Dishwasher,Stove,Oven,Hot water kettle,Coffee maker,Wine glasses,Toaster,Baking sheet,Blender,Barbecue utensils,Dining table,Coffee,Private entrance,Patio or balcony,Backyard,Fire pit,Outdoor furniture,BBQ grill,Free street parking,Luggage dropoff allowed,Long term stays allowed,Self check-in,Lockbox",40.0,0.0,5.0,177.0,4.79,4.8,4.7,4.7,67941.0,306.7,0.592,0.742,4.7,216.0,181.9,20017.0,329.3,0.667,seattle,54,5520.599999999999,1,0,0,365
244499,Entire condo,entire_home,47.64543,-122.3251,2.0,1,1,1.0,1,0,0,0,31,"Hair dryer,Shampoo,Hot water,Washer,Dryer,Essentials,Hangers,Iron,Books and reading material,Air conditioning,Heating,Smoke alarm,Wifi,Kitchen,Oven,Hot water kettle,Free street parking,Long term stays allowed,Self check-in,Keypad",0.0,0.0,19.0,53.0,4.83,4.9,4.8,4.8,5613.0,125.7,0.126,0.135,46.0,46.0,15.4,0.0,0.0,0.0,seattle,20,481.84999999999997,1,0,0,365
303277,Entire condo,entire_home,47.64424,-122.32397,4.0,2,2,1.0,1,0,0,0,30,"Free parking on premises,Bathtub,Hair dryer,Cleaning products,Shampoo,Conditioner,Body soap,Hot water,Shower gel,Washer,Dryer,Essentials,Hangers,Bed linens,Extra pillows and blankets,Iron,Clothing storage,TV,Indoor fireplace,Portable fans,Heating,Smoke alarm,Carbon monoxide alarm,Fire extinguisher,First aid kit,Wifi,Kitchen,Refrigerator,Microwave,Cooking basics,Dishes and silverware,Freezer,Dishwasher,Stove,Oven,Hot water kettle,Coffee maker,Wine glasses,Toaster,Baking sheet,Blender,Rice maker,Dining table,Patio or balcony,Outdoor furniture,Hammock,Outdoor dining area,BBQ grill,Free parking on premises,Free street parking,Paid parking on premises,Single level home,Luggage dropoff allowed,Long term stays allowed",0.0,,21.0,15.0,4.8,4.8,5.0,4.7,5320.0,185.9,0.11,0.11,20.0,40.0,14.6,0.0,317.7,0.0,seattle,54,619.6666666666666,1,0,0,365
340706,Entire rental unit,entire_home,47.65431,-122.33358,2.0,1,1,1.0,0,0,0,1,4,"Bathtub,Hair dryer,Cleaning products,Shampoo,Conditioner,Body soap,Hot water,Washer,Dryer,Essentials,Hangers,Bed linens,Extra pillows and blankets,Room-darkening shades,Iron,Drying rack for clothing,Clothing storage,TV,Exercise equipment,Books and reading material,Crib,Children’s books and toys,Air conditioning,Portable fans,Heating,Smoke alarm,Carbon monoxide alarm,Fire extinguisher,First aid kit,Wifi,Dedicated workspace,Kitchen,Refrigerator,Microwave,Cooking basics,Dishes and silverware,Freezer,Dishwasher,Stove,Oven,Coffee maker,Wine glasses,Toaster,Baking sheet,Blender,Dining table,Coffee,Private entrance,Patio or balcony,Fire pit,Outdoor furniture,Outdoor dining area,Bikes,Free parking on premises,Free street parking,EV charger,Luggage dropoff allowed,Self check-in,Keypad",30.0,0.0,15.0,264.0,4.85,4.9,4.9,4.9,29569.0,109.2,0.718,0.734,6.7,262.0,78.0,7706.0,112.3,0.733,seattle,59,2384.2000000000003,1,0,0,365
368403,Entire home,entire_home,47.68528,-122.33125,16.0,6,9,6.0,0,0,0,0,3,"Hair dryer,Shampoo,Hot water,Washer,Dryer,Essentials,Hangers,Iron,TV,Game console,Books and reading material,Crib,Pack ’n play/Travel crib,Children’s books and toys,High chair,Heating,Smoke alarm,Carbon monoxide alarm,Fire extinguisher,First aid kit,Wifi,Kitchen,Refrigerator,Microwave,Cooking basics,Dishes and silverware,Freezer,Dishwasher,Stove,Oven,Hot water kettle,Coffee maker,Wine glasses,Toaster,Lake access,Private entrance,Patio or balcony,Backyard,Free street parking,Long term stays allowed,Self check-in,Lockbox",615.0,15.0,5.0,53.0,4.85,4.8,5.0,4.4,113339.0,1011.5,0.263,0.266,3.2,96.0,270.1,62882.0,1081.7,0.567,seattle,42,8092.0,1,0,0,365
370361,Entire guest suite,entire_home,47.68271,-122.35768,2.0,1,1,1.0,1,0,0,1,3,"Bathtub,Hair dryer,Cleaning products,Shampoo,Conditioner,Body soap,Hot water,Essentials,Hangers,Bed linens,Extra pillows and blankets,Iron,Clothing storage,TV,Books and reading material,Air conditioning,Heating,Smoke alarm,Carbon monoxide alarm,Wifi,Dedicated workspace,Kitchen,Microwave,Dishes and silverware,Mini fridge,Freezer,Hot water kettle,Coffee maker,Wine glasses,Toaster,Coffee,Private entrance,Laundromat nearby,Patio or balcony,Outdoor furniture,Outdoor dining area,Free street parking,Luggage dropoff allowed,Long term stays allowed,Self check-in,Keypad",60.0,0.0,15.0,415.0,4.95,4.9,5.0,4.9,35637.0,155.7,0.57,0.57,3.7,208.0,89.1,10457.0,223.4,0.456,seattle,41,2698.7999999999997,1,0,0,365
421168,Entire guesthouse,entire_home,47.70021,-122.35106,2.0,1,1,1.0,1,0,0,1,2,"Hair dryer,Cleaning products,Shampoo,Conditioner,Body soap,Hot water,Essentials,Hangers,Bed linens,Extra pillows and blankets,Iron,Clothing storage,TV,Air conditioning,Heating,Smoke alarm,Carbon monoxide alarm,First aid kit,Wifi,Dedicated workspace,Refrigerator,Microwave,Mini fridge,Coffee maker,Coffee,Private entrance,Laundromat nearby,Backyard,Outdoor furniture,Free street parking,Single level home,Self check-in,Keypad",23.0,0.0,16.0,551.0,4.89,5.0,4.8,4.9,23543.0,111.9,0.534,0.534,3.6,195.0,61.6,9476.0,128.1,0.756,seattle,33,1818.375,1,0,0,365
461234,Entire rental unit,entire_home,47.68444,-122.37338,2.0,1,1,1.0,1,0,0,1,4,"Hair dryer,Cleaning products,Shampoo,Body soap,Hot water,Essentials,Hangers,Bed linens,Extra pillows and blankets,Iron,Drying rack for clothing,Clothing storage,Air conditioning,Portable fans,Heating,Smoke alarm,Carbon monoxide alarm,Fire extinguisher,Wifi,Kitchen,Refrigerator,Microwave,Cooking basics,Dishes and silverware,Freezer,Stove,Oven,Hot water kettle,Coffee maker,Wine glasses,Toaster,Dining table,Coffee,Private entrance,Laundromat nearby,Backyard,Free parking on premises,Free street parking,Single level home,Luggage dropoff allowed",0.0,0.0,24.0,434.0,4.87,4.9,4.9,4.9,27196.0,117.0,0.622,0.641,4.4,227.0,74.5,8884.0,154.2,0.6,seattle,40,2213.25,1,0,0,365
490076,Entire rental unit,entire_home,47.65617,-122.35262,2.0,1,1,1.0,1,0,0,0,5,"Garden view,Pets allowed,Bathtub,Hair dryer,Shampoo,Hot water,Washer,Dryer,Hangers,Bed linens,Extra pillows and blankets,Iron,TV,Crib,Children’s dinnerware,Outlet covers,Heating,Smoke alarm,Carbon monoxide alarm,Fire extinguisher,First aid kit,Wifi,Dedicated workspace,Kitchen,Refrigerator,Microwave,Dishes and silverware,Dishwasher,Stove,Oven,Coffee maker,Private entrance,Patio or balcony,Backyard,Free parking on premises,Free street parking,Gym,Single level home,Self check-in,Keypad",55.0,0.0,34.0,478.0,4.7,4.7,4.9,4.8,12339.0,120.0,0.263,0.319,8.7,96.0,32.4,0.0,133.8,0.0,seattle,40,960.0,1,0,0,365
552325,Entire rental unit,entire_home,47.6504,-122.3202,4.0,2,2,1.0,1,0,0,0,78,"TV,Bathtub,Hair dryer,Cleaning products,Shampoo,Conditioner,Body soap,Hot water,Washer,Dryer,Essentials,Hangers,Bed linens,Extra pillows and blankets,Room-darkening shades,Iron,Clothing storage,TV,Books and reading material,Portable fans,Heating,Smoke alarm,Carbon monoxide alarm,Fire extinguisher,Wifi,Kitchen,Refrigerator,Microwave,Cooking basics,Dishes and silverware,Freezer,Dishwasher,Stove,Oven,Hot water kettle,Coffee maker,Wine glasses,Toaster,Baking sheet,Blender,Barbecue utensils,Coffee,Waterfront,Private entrance,Laundromat nearby,Patio or balcony,Outdoor furniture,Outdoor dining area,BBQ grill,Free parking on premises,Free street parking,Single level home,Pets allowed,Luggage dropoff allowed,Long term stays allowed,Self check-in,Smart lock,Cleaning before checkout",4824.0,,45.0,41.0,4.73,4.5,4.9,4.7,9334.0,140.9,0.184,0.411,16.8,67.0,25.6,0.0,141.6,0.0,seattle,58,786.6916666666667,1,0,0,365
565703,Entire rental unit,entire_home,47.6206,-122.2971,4.0,2,2,1.0,1,0,0,0,3,"Hair dryer,Shampoo,Hot water,Washer,Dryer,Essentials,Hangers,Bed linens,Extra pillows and blankets,Iron,Ethernet connection,TV,Crib,Children’s books and toys,Outlet covers,Air conditioning,Heating,Smoke alarm,Carbon monoxide alarm,Fire extinguisher,First aid kit,Wifi,Dedicated workspace,Kitchen,Refrigerator,Microwave,Cooking basics,Dishes and silverware,Dishwasher,Stove,Oven,Coffee maker,Private entrance,Patio or balcony,Backyard,Outdoor furniture,Outdoor dining area,BBQ grill,Free parking on premises,Free street parking,EV charger,Single level home,Luggage dropoff allowed,Long term stays allowed,Self check-in,Keypad,Cleaning before checkout",50.0,0.0,42.0,383.0,4.68,4.6,4.8,4.7,16609.0,209.6,0.216,0.403,5.6,79.0,43.6,8095.0,285.9,0.278,seattle,47,1379.8666666666666,1,0,0,365
631445,Entire rental unit,entire_home,47.6146,-122.3482,2.0,1,2,1.0,0,0,0,1,11,"Ocean view,Kitchen,Wifi,Bathtub,Hair dryer,Shampoo,Conditioner,Body soap,Hot water,Shower gel,Washer,Dryer,Essentials,Hangers,Bed linens,Iron,Clothing storage,TV,Pack ’n play/Travel crib,Children’s dinnerware,Air conditioning,Portable fans,Heating,Exterior security cameras on property,Smoke alarm,Carbon monoxide alarm,Wifi,Dedicated workspace,Kitchen,Refrigerator,Microwave,Cooking basics,Dishes and silverware,Freezer,Dishwasher,Stove,Oven,Hot water kettle,Coffee maker,Wine glasses,Toaster,Baking sheet,Blender,Dining table,Coffee,Patio or balcony,Pool,Hot tub,Elevator,Gym,Paid parking off premises,Single level home,Host greets you",125.0,0.0,15.0,267.0,4.83,4.9,4.9,4.8,45717.0,203.2,0.584,0.61,5.1,213.0,112.6,4297.0,251.1,0.211,seattle,53,3606.7999999999997,1,0,0,365
637710,Entire home,entire_home,47.653,-122.35595,8.0,3,4,1.0,0,0,0,1,2,"Bathtub,Hair dryer,Shampoo,Hot water,Washer,Dryer,Essentials,Bed linens,Extra pillows and blankets,Iron,Pack ’n play/Travel crib,Children’s books and toys,Heating,Smoke alarm,Carbon monoxide alarm,Fire extinguisher,Wifi,Dedicated workspace,Kitchen,Refrigerator,Microwave,Cooking basics,Dishes and silverware,Freezer,Stove,Oven,Hot water kettle,Coffee maker,Toaster,Blender,Coffee,Waterfront,Backyard,BBQ grill,Free parking on premises,Free street parking,Pets allowed,Luggage dropoff allowed,Smoking allowed",55.0,0.0,21.0,177.0,4.81,4.6,5.0,4.7,40713.0,336.5,0.307,0.348,3.7,112.0,108.5,14637.0,489.0,0.289,seattle,39,3140.6666666666665,1,0,0,365
677365,Entire guest suite,entire_home,47.52957,-122.36013,6.0,2,4,1.0,1,0,0,1,2,"Garden view,Elevator,Hair dryer,Shampoo,Body soap,Hot water,Shower gel,Washer,Dryer,Essentials,Hangers,Bed linens,Extra pillows and blankets,Room-darkening shades,Iron,Clothing storage,TV,Pack ’n play/Travel crib,Heating,Exterior security cameras on property,Smoke alarm,Carbon monoxide alarm,Fire extinguisher,Wifi,Kitchen,Refrigerator,Microwave,Cooking basics,Dishes and silverware,Freezer,Dishwasher,Stove,Oven,Hot water kettle,Coffee maker,Wine glasses,Toaster,Baking sheet,Dining table,Coffee,Private entrance,Patio or balcony,Backyard,Free street parking,Luggage dropoff allowed,Self check-in,Smart lock",125.0,0.0,46.0,376.0,4.91,4.9,4.9,4.9,41420.0,177.7,0.529,0.581,3.4,193.0,100.1,18981.0,254.2,0.778,seattle,47,2858.008333333333,1,0,0,365
704764,Entire rental unit,entire_home,47.64057,-122.36956,4.0,2,2,1.0,1,0,0,1,2,"TV,Garden view,Pets allowed,Bathtub,Hair dryer,Cleaning products,Shampoo,Conditioner,Body soap,Hot water,Shower gel,Washer,Dryer,Essentials,Hangers,Bed linens,Extra pillows and blankets,Iron,Clothing storage,TV,Sound system,Books and reading material,Board games,Portable fans,Heating,Smoke alarm,Carbon monoxide alarm,Fire extinguisher,First aid kit,Wifi,Dedicated workspace,Kitchen,Refrigerator,Microwave,Cooking basics,Dishes and silverware,Freezer,Dishwasher,Stove,Oven,Hot water kettle,Coffee maker,Wine glasses,Toaster,Baking sheet,Blender,Coffee,Patio or balcony,Backyard,Outdoor furniture,Free street parking,Single level home,Luggage dropoff allowed,Breakfast,Self check-in,Lockbox",150.0,0.0,18.0,392.0,4.91,5.0,4.9,4.8,29635.0,228.0,0.285,0.287,3.3,104.0,69.3,14054.0,304.1,0.444,seattle,56,1976.0,1,0,0,365
748526,Entire guest suite,entire_home,47.67846,-122.36325,2.0,1,1,1.0,0,0,0,0,30,"Hair dryer,Hot water,Washer,Dryer,Essentials,Hangers,Bed linens,Extra pillows and blankets,Iron,TV,Heating,Smoke alarm,Carbon monoxide alarm,Wifi,Kitchen,Refrigerator,Microwave,Cooking basics,Dishes and silverware,Stove,Oven,Coffee maker,Private entrance,Free parking on premises,Free street parking,Long term stays allowed,Self check-in,Keypad",80.0,0.0,14.0,86.0,4.64,4.8,4.8,4.6,1947.0,88.7,0.074,0.09,27.0,27.0,5.1,0.0,136.2,0.0,seattle,28,199.57500000000002,1,0,0,365
793629,Entire home,entire_home,47.57734,-122.31492,2.0,1,1,1.0,1,0,0,1,4,"Garden view,Pets allowed,Wifi,Bathtub,Hair dryer,Cleaning products,Shampoo,Conditioner,Hot water,Shower gel,Washer,Dryer,Essentials,Hangers,Bed linens,Extra pillows and blankets,Iron,Drying rack for clothing,Clothing storage,TV,Books and reading material,Children’s books and toys,High chair,Children’s dinnerware,Outlet covers,Air conditioning,Portable fans,Heating,Smoke alarm,Carbon monoxide alarm,Fire extinguisher,First aid kit,Wifi,Kitchen,Refrigerator,Microwave,Cooking basics,Dishes and silverware,Freezer,Dishwasher,Stove,Oven,Hot water kettle,Coffee maker,Wine glasses,Toaster,Baking sheet,Dining table,Coffee,Private entrance,Patio or balcony,Backyard,Outdoor furniture,Outdoor dining area,Free parking on premises,Free street parking,Luggage dropoff allowed,Long term stays allowed,Self check-in,Keypad",80.0,0.0,21.0,361.0,4.85,4.8,4.8,4.8,22568.0,136.7,0.447,0.564,7.8,163.0,57.4,1560.0,160.0,0.1,seattle,60,1856.8416666666665,1,0,0,365
841274,Entire rental unit,entire_home,47.58548,-122.29458,4.0,1,2,1.0,1,0,0,1,3,"Garden view,Bathtub,Hair dryer,Shampoo,Hot water,Washer,Dryer,Essentials,Hangers,Bed linens,Extra pillows and blankets,Iron,TV,Pack ’n play/Travel crib,Outlet covers,Air conditioning,Heating,Smoke alarm,Carbon monoxide alarm,Fire extinguisher,First aid kit,Wifi,Kitchen,Refrigerator,Microwave,Cooking basics,Dishes and silverware,Dishwasher,Stove,Oven,Coffee maker,Lake access,Private entrance,Patio or balcony,Backyard,Free parking on premises,Free street parking,Self check-in,Lockbox",100.0,0.0,38.0,245.0,4.89,4.9,4.9,4.9,30663.0,128.0,0.586,0.598,5.0,214.0,76.6,10460.0,128.5,0.8,seattle,39,2282.6666666666665,1,0,0,365
850481,Entire townhouse,entire_home,47.68957,-122.36296,5.0,2,2,2.0,1,0,0,1,8,"Bathtub,Hair dryer,Cleaning products,Shampoo,Conditioner,Body soap,Hot water,Shower gel,Washer,Dryer,Essentials,Hangers,Bed linens,Extra pillows and blankets,Iron,Clothing storage,TV,Books and reading material,Crib,Pack ’n play/Travel crib,Children’s books and toys,High chair,Baby bath,Air conditioning,Heating,Exterior security cameras on property,Smoke alarm,Carbon monoxide alarm,Fire extinguisher,Wifi,Dedicated workspace,Kitchen,Refrigerator,Microwave,Cooking basics,Dishes and silverware,Freezer,Dishwasher,Stove,Oven,Hot water kettle,Coffee maker,Wine glasses,Toaster,Baking sheet,Blender,Dining table,Coffee,Patio or balcony,Outdoor furniture,Free street parking,Hot tub,Pets allowed,Long term stays allowed,Self check-in,Smart lock",200.0,0.0,13.0,25.0,4.96,4.8,5.0,4.9,27404.0,226.6,0.304,0.414,7.4,111.0,66.9,13139.0,288.8,0.467,seattle,56,2096.0499999999997,1,0,0,365
902609,Entire guest suite,entire_home,47.5238,-122.3529,2.0,1,1,1.0,1,0,0,0,2,"TV,Cable TV,Wifi,Kitchen,Free parking on premises,Hot water kettle,Paid parking off premises,Books and reading material,Portable fans,Ceiling fan,Conditioner,Mini fridge,Free street parking,Laundromat nearby,Cleaning products,Heating,Coffee,Clothing storage,Wine glasses,Smoke alarm,Carbon monoxide alarm,First aid kit,Fire extinguisher,Essentials,Shampoo,Hangers,Hair dryer,Iron,Dedicated workspace,Self check-in,Freezer,Lockbox,Private living room,Private entrance,Bathtub,Room-darkening shades,Hot water,Body soap,Mosquito net,Bed linens,Extra pillows and blankets,Microwave,Coffee maker,Refrigerator,Dishes and silverware,Cooking basics,Single level home,Exercise equipment,Shower gel,Patio or balcony,Backyard,Luggage dropoff allowed,Long term stays allowed,Cleaning before checkout,Dining table,Toaster",65.0,10.0,29.0,311.0,4.83,4.8,4.6,4.8,9610.0,117.3,0.211,0.77,5.1,77.0,23.8,0.0,121.9,0.0,seattle,56,752.6750000000001,1,0,0,365
948077,Entire guesthouse,entire_home,47.6285,-122.3251,2.0,1,1,1.0,0,1,0,0,22,"TV,Wifi,Air conditioning,Kitchen,Free parking on premises,Hot water kettle,Books and reading material,Portable fans,Ceiling fan,Conditioner,Outdoor furniture,Cleaning products,Indoor fireplace,Heating,Clothing storage,Wine glasses,Washer,Dryer,Smoke alarm,Carbon monoxide alarm,First aid kit,Fire extinguisher,Essentials,Shampoo,Hangers,Hair dryer,Iron,Dedicated workspace,Self check-in,Outdoor dining area,Freezer,Keypad,Private entrance,Bathtub,Blender,Room-darkening shades,Hot water,Body soap,Bed linens,Extra pillows and blankets,Ethernet connection,Microwave,Coffee maker,Refrigerator,Dishwasher,Dishes and silverware,Cooking basics,Oven,Stove,Single level home,BBQ grill,Shower gel,Patio or balcony,Backyard,Luggage dropoff allowed,Long term stays allowed,Cleaning before checkout,Baking sheet,Barbecue utensils,Toaster",0.0,0.0,17.0,654.0,4.98,5.0,5.0,4.9,4807.0,195.5,0.06,0.067,22.0,22.0,13.2,0.0,0.0,0.0,seattle,60,358.4166666666667,1,0,0,365
1000883,Entire guesthouse,entire_home,47.5814,-122.3961,4.0,1,1,1.0,1,0,0,1,2,"Hair dryer,Cleaning products,Shampoo,Conditioner,Hot water,Washer,Dryer,Essentials,Hangers,Bed linens,Extra pillows and blankets,Iron,Clothing storage,Ethernet connection,Air conditioning,Portable fans,Heating,Smoke alarm,Carbon monoxide alarm,Fire extinguisher,First aid kit,Wifi,Kitchen,Refrigerator,Microwave,Cooking basics,Dishes and silverware,Mini fridge,Freezer,Stove,Oven,Hot water kettle,Coffee maker,Wine glasses,Toaster,Baking sheet,Dining table,Coffee,Beach access,Private entrance,Laundromat nearby,Patio or balcony,Backyard,Free parking on premises,Free street parking,Single level home,Luggage dropoff allowed,Self check-in,Keypad",200.0,0.0,36.0,254.0,4.9,4.9,4.9,4.9,13794.0,252.1,0.134,0.142,3.3,49.0,32.3,2419.0,269.5,0.067,seattle,49,1029.4083333333333,1,0,0,365
1023693,Entire guest suite,entire_home,47.67936,-122.3704,2.0,1,1,1.0,1,0,0,1,3,"Bathtub,Hair dryer,Cleaning products,Shampoo,Body soap,Hot water,Essentials,Hangers,Bed linens,Extra pillows and blankets,Room-darkening shades,Iron,Clothing storage,TV,Record player,Window guards,Board games,Portable fans,Heating,Smoke alarm,Carbon monoxide alarm,Fire extinguisher,First aid kit,Wifi,Dedicated workspace,Kitchen,Refrigerator,Microwave,Cooking basics,Dishes and silverware,Freezer,Dishwasher,Stove,Hot water kettle,Coffee maker,Wine glasses,Toaster,Blender,Rice maker,Dining table,Coffee,Private entrance,Laundromat nearby,Free street parking,Single level home,Luggage dropoff allowed,Long term stays allowed,Self check-in,Keypad",125.0,0.0,5.0,421.0,4.94,5.0,4.9,4.9,33585.0,195.7,0.405,0.417,3.2,148.0,83.5,13723.0,226.6,0.622,seattle,49,2413.633333333333,1,0,0,365
1042022,Entire rental unit,entire_home,47.63326,-122.28009,2.0,1,1,1.0,1,0,0,1,2,"Hair dryer,Shampoo,Hot water,Washer,Dryer,Essentials,Hangers,Iron,TV,Children’s books and toys,High chair,Heating,Smoke alarm,Carbon monoxide alarm,Fire extinguisher,First aid kit,Wifi,Kitchen,Refrigerator,Microwave,Cooking basics,Dishes and silverware,Stove,Oven,Coffee maker,Beach access,Private entrance,Free parking on premises,Free street parking,Single level home,Luggage dropoff allowed,Self check-in,Lockbox",55.0,0.0,35.0,473.0,4.83,4.8,5.0,4.8,26999.0,136.0,0.488,0.524,3.2,178.0,66.7,7558.0,180.1,0.433,seattle,33,2017.3333333333333,1,0,0,365
1097520,Entire guest suite,entire_home,47.56692,-122.28106,2.0,1,1,1.0,1,0,0,1,8,"Hair dryer,Cleaning products,Shampoo,Conditioner,Body soap,Bidet,Hot water,Washer,Dryer,Essentials,Hangers,Bed linens,Extra pillows and blankets,Iron,Drying rack for clothing,Clothing storage,TV,Sound system,Books and reading material,Pack ’n play/Travel crib,High chair,Board games,Air conditioning,Indoor fireplace,Portable fans,Heating,Exterior security cameras on property,Smoke alarm,Carbon monoxide alarm,Fire extinguisher,First aid kit,Wifi,Refrigerator,Microwave,Cooking basics,Dishes and silverware,Mini fridge,Freezer,Oven,Hot water kettle,Coffee maker,Wine glasses,Toaster,Baking sheet,Blender,Dining table,Coffee,Lake access,Private entrance,Backyard,Outdoor furniture,Outdoor dining area,Free parking on premises,Free street parking,Hot tub,Single level home,Luggage dropoff allowed,Long term stays allowed,Self check-in,Keypad,Cleaning before checkout",75.0,0.0,36.0,329.0,4.87,4.9,4.8,4.8,8127.0,88.6,0.241,0.624,12.6,88.0,20.8,2493.0,144.8,0.156,seattle,61,649.7333333333332,1,0,0,365
1122236,Entire rental unit,entire_home,47.62383,-122.32381,2.0,1,2,1.0,0,0,0,0,30,"Hair dryer,Shampoo,Hot water,Washer,Dryer,Essentials,Hangers,Iron,TV,Pack ’n play/Travel crib,High chair,Air conditioning,Heating,Smoke alarm,Carbon monoxide alarm,Wifi,Kitchen,Cooking basics,Dishes and silverware,Coffee maker,Paid parking on premises,Luggage dropoff allowed,Long term stays allowed,Self check-in,Lockbox",2638.0,,18.0,149.0,4.73,4.8,4.9,4.5,14561.0,121.8,0.332,0.423,15.1,121.0,39.9,1869.0,159.1,0.122,seattle,25,1228.1499999999999,1,0,0,365
1157083,Entire condo,entire_home,47.61248,-122.32861,6.0,2,5,2.0,0,0,0,0,3,"Wifi,Bathtub,Hair dryer,Cleaning products,Shampoo,Conditioner,Body soap,Hot water,Shower gel,Washer,Dryer,Essentials,Hangers,Bed linens,Extra pillows and blankets,Room-darkening shades,Iron,Drying rack for clothing,Clothing storage,TV,Pack ’n play/Travel crib,High chair,Baby bath,Fireplace guards,Air conditioning,Indoor fireplace,Portable fans,Heating,Smoke alarm,Carbon monoxide alarm,Fire extinguisher,First aid kit,Wifi,Dedicated workspace,Kitchen,Refrigerator,Microwave,Cooking basics,Dishes and silverware,Freezer,Dishwasher,Stove,Oven,Hot water kettle,Coffee maker,Wine glasses,Toaster,Baking sheet,Blender,Rice maker,Dining table,Coffee,Laundromat nearby,Elevator,Paid parking off premises,Paid parking on premises,Luggage dropoff allowed,Self check-in,Building staff",140.0,0.0,15.0,162.0,4.75,4.7,4.9,4.6,68078.0,442.1,0.405,0.405,3.5,148.0,171.6,21617.0,764.1,0.289,seattle,59,5452.566666666667,1,0,0,365
1175308,Entire home,entire_home,47.6781,-122.38932,4.0,2,3,1.0,0,0,0,1,4,"Garden view,Pets allowed,Hair dryer,Shampoo,Hot water,Washer,Dryer,Essentials,Hangers,Bed linens,Extra pillows and blankets,Iron,TV,Record player,Children’s books and toys,Board games,Air conditioning,Indoor fireplace,Ceiling fan,Portable fans,Heating,Smoke alarm,Carbon monoxide alarm,Fire extinguisher,First aid kit,Wifi,Dedicated workspace,Kitchen,Refrigerator,Microwave,Cooking basics,Dishes and silverware,Freezer,Dishwasher,Stove,Oven,Hot water kettle,Coffee maker,Wine glasses,Toaster,Baking sheet,Blender,Rice maker,Barbecue utensils,Dining table,Coffee,Patio or balcony,Backyard,Fire pit,Outdoor furniture,Outdoor dining area,BBQ grill,Beach essentials,Free street parking,Self check-in,Lockbox",150.0,0.0,26.0,29.0,4.82,4.6,4.9,4.8,3547.0,259.7,0.03,0.033,11.0,11.0,9.3,3547.0,304.6,0.122,seattle,56,238.0583333333333,1,0,0,365
1246769,Entire condo,entire_home,47.6121,-122.3297,2.0,1,1,1.0,1,0,0,1,3,"Bathtub,Hair dryer,Cleaning products,Shampoo,Conditioner,Body soap,Hot water,Shower gel,Washer,Dryer,Essentials,Hangers,Bed linens,Extra pillows and blankets,Room-darkening shades,Iron,Clothing storage,Ethernet connection,TV,Air conditioning,Portable fans,Heating,Heating,Smoke alarm,Carbon monoxide alarm,Fire extinguisher,First aid kit,Wifi,Dedicated workspace,Kitchen,Refrigerator,Microwave,Cooking basics,Dishes and silverware,Freezer,Dishwasher,Stove,Oven,Hot water kettle,Coffee maker,Wine glasses,Toaster,Coffee,Laundromat nearby,Free street parking,Elevator,Paid parking off premises,Luggage dropoff allowed,Self check-in,Keypad",50.0,0.0,24.0,516.0,4.88,4.9,4.9,4.8,57918.0,244.0,0.66,0.664,3.7,241.0,150.6,11437.0,358.4,0.356,seattle,50,4900.333333333333,1,0,0,365
1260259,Entire cottage,entire_home,47.66046,-122.40292,2.0,1,1,1.0,1,0,0,1,7,"Bathtub,Hair dryer,Cleaning products,Shampoo,Body soap,Outdoor shower,Hot water,Washer,Dryer,Essentials,Hangers,Bed linens,Extra pillows and blankets,Drying rack for clothing,Clothing storage,Sound system,Heating,Smoke alarm,Fire extinguisher,Wifi,Kitchen,Refrigerator,Cooking basics,Dishes and silverware,Freezer,Stove,Oven,Hot water kettle,Coffee maker,Wine glasses,Toaster,Baking sheet,Dining table,Coffee,Private entrance,Patio or balcony,Backyard,Fire pit,Outdoor furniture,Hammock,Free parking on premises,Free street parking,Sauna,Single level home,Pets allowed,Luggage dropoff allowed,Smoking allowed,Long term stays allowed",0.0,0.0,28.0,175.0,4.95,5.0,4.9,4.9,25038.0,186.7,0.384,0.384,6.4,140.0,68.6,847.0,212.9,0.044,seattle,48,2178.1666666666665,1,0,0,365
1351716,Entire guesthouse,entire_home,47.59674,-122.30964,4.0,1,3,1.0,1,0,0,1,22,"Bathtub,Hair dryer,Shampoo,Hot water,Essentials,Hangers,Bed linens,Extra pillows and blankets,Room-darkening shades,Iron,TV,Air conditioning,Heating,Smoke alarm,Carbon monoxide alarm,Fire extinguisher,First aid kit,Wifi,Dedicated workspace,Kitchen,Refrigerator,Microwave,Cooking basics,Dishes and silverware,Coffee maker,Private entrance,Patio or balcony,Backyard,Free street parking,Long term stays allowed,Self check-in,Keypad",50.0,,15.0,267.0,4.83,4.9,4.7,4.7,12501.0,104.4,0.321,0.443,8.4,117.0,32.3,3306.0,170.6,0.156,seattle,32,1017.9000000000001,1,0,0,365
1365882,Entire condo,entire_home,47.66178,-122.30149,3.0,1,1,1.0,0,0,0,0,30,"Pets allowed,Bathtub,Cleaning products,Shampoo,Hot water,Shower gel,Washer,Dryer,Essentials,Hangers,Bed linens,Room-darkening shades,Clothing storage,TV,Crib,Pack ’n play/Travel crib,High chair,Heating,Exterior security cameras on property,Smoke alarm,Carbon monoxide alarm,Fire extinguisher,Wifi,Dedicated workspace,Kitchen,Refrigerator,Microwave,Cooking basics,Dishes and silverware,Dishwasher,Stove,Oven,Coffee maker,Wine glasses,Baking sheet,Dining table,Private entrance,Patio or balcony,Fire pit,Free street parking,Elevator,EV charger,Paid parking on premises,Luggage dropoff allowed,Long term stays allowed,Self check-in,Keypad",2650.0,,36.0,39.0,4.05,4.3,4.4,4.0,2981.0,94.3,0.082,0.099,15.0,30.0,8.2,0.0,95.9,0.0,seattle,47,235.75,1,0,0,365
1455269,Entire rental unit,entire_home,47.56591,-122.28939,6.0,3,5,1.0,0,0,0,1,3,"Wifi,Garden view,Bathtub,Hair dryer,Cleaning products,Shampoo,Conditioner,Body soap,Hot water,Shower gel,Washer,Dryer,Essentials,Hangers,Bed linens,Extra pillows and blankets,Iron,Clothing storage,TV,Pack ’n play/Travel crib,Fireplace guards,Board games,Air conditioning,Indoor fireplace,Portable fans,Heating,Smoke alarm,Carbon monoxide alarm,Fire extinguisher,First aid kit,Wifi,Dedicated workspace,Kitchen,Refrigerator,Microwave,Cooking basics,Dishes and silverware,Freezer,Dishwasher,Stove,Oven,Hot water kettle,Coffee maker,Wine glasses,Toaster,Baking sheet,Rice maker,Barbecue utensils,Dining table,Coffee,Private entrance,Laundromat nearby,Patio or balcony,Backyard,Outdoor furniture,Outdoor dining area,BBQ grill,Free parking on premises,Free street parking,Luggage dropoff allowed,Self check-in,Keypad",80.0,,33.0,234.0,4.87,4.9,4.6,4.9,15190.0,147.1,0.274,0.305,6.5,100.0,40.3,12319.0,148.5,0.889,seattle,62,1225.8333333333333,1,0,0,365
1484595,Entire rental unit,entire_home,47.65865,-122.31784,3.0,1,1,1.0,0,0,0,0,30,"Bathtub,Shampoo,Hot water,Shower gel,Washer,Dryer,Essentials,Hangers,Bed linens,Clothing storage,TV,Portable fans,Heating,Exterior security cameras on property,Smoke alarm,Carbon monoxide alarm,Wifi,Kitchen,Refrigerator,Microwave,Cooking basics,Dishes and silverware,Stove,Oven,Coffee maker,Toaster,Baking sheet,Dining table,Private entrance,Free street parking,Paid parking off premises,Paid parking on premises,Long term stays allowed",2104.0,,31.0,42.0,4.45,4.3,4.7,4.2,9229.0,89.7,0.2,0.36,24.3,73.0,25.3,82.0,84.8,0.011,seattle,33,545.6750000000001,1,0,0,365
1579615,Entire home,entire_home,47.67566,-122.38795,4.0,1,3,1.0,1,0,0,1,3,"Hair dryer,Cleaning products,Shampoo,Conditioner,Body soap,Hot water,Shower gel,Washer,Dryer,Essentials,Hangers,Bed linens,Extra pillows and blankets,Room-darkening shades,Iron,Drying rack for clothing,Safe,Clothing storage,TV,Exercise equipment,Books and reading material,Crib,Pack ’n play/Travel crib,Children’s books and toys,Children’s dinnerware,Board games,Table corner guards,Air conditioning,Indoor fireplace,Portable fans,Heating,Smoke alarm,Carbon monoxide alarm,Fire extinguisher,First aid kit,Wifi,Dedicated workspace,Refrigerator,Microwave,Cooking basics,Dishes and silverware,Stove,Hot water kettle,Coffee maker,Wine glasses,Toaster,Blender,Dining table,Coffee,Private entrance,Patio or balcony,Backyard,Outdoor furniture,Outdoor dining area,Bikes,Sun loungers,Free parking on premises,Free street parking,EV charger,Gym,Luggage dropoff allowed,Long term stays allowed,Self check-in,Smart lock,Cleaning before checkout",65.0,0.0,37.0,427.0,4.95,5.0,4.9,4.9,43757.0,154.6,0.715,0.733,3.5,261.0,108.8,16366.0,271.1,0.6,seattle,65,3362.5499999999997,1,0,0,365
1628210,Entire home,entire_home,47.68073,-122.34874,4.0,2,2,1.0,1,0,0,0,5,"TV,Wifi,Air conditioning,Lake access,Kitchen,Hot water kettle,Portable fans,Pets allowed,Conditioner,Free street parking,Laundromat nearby,Outdoor furniture,Cleaning products,Heating,Coffee,Clothing storage,Wine glasses,Washer,Dryer,Smoke alarm,Carbon monoxide alarm,First aid kit,Fire extinguisher,Essentials,Shampoo,Hangers,Hair dryer,Iron,Self check-in,Outdoor dining area,Freezer,Keypad,Private living room,Private entrance,Sound system,Bathtub,Blender,Room-darkening shades,Hot water,Body soap,Bed linens,Extra pillows and blankets,Microwave,Coffee maker,Refrigerator,Fire pit,Dishes and silverware,Cooking basics,Oven,Stove,BBQ grill,Shower gel,Patio or balcony,Backyard,Luggage dropoff allowed,Long term stays allowed,Cleaning before checkout,Dining table,Baking sheet,Barbecue utensils,Sun loungers,Toaster",75.0,0.0,18.0,43.0,4.84,4.8,5.0,4.7,4370.0,235.8,0.077,0.08,7.0,28.0,11.2,0.0,398.0,0.0,seattle,62,550.2,1,0,0,365
1684236,Entire condo,entire_home,47.6121,-122.3297,2.0,1,1,1.0,0,0,0,1,15,"Bathtub,Hair dryer,Cleaning products,Shampoo,Conditioner,Body soap,Hot water,Shower gel,Washer,Dryer,Essentials,Hangers,Bed linens,Extra pillows and blankets,Room-darkening shades,Iron,Clothing storage,TV,Air conditioning,Portable fans,Heating,Smoke alarm,Carbon monoxide alarm,Fire extinguisher,Wifi,Dedicated workspace,Kitchen,Refrigerator,Microwave,Cooking basics,Dishes and silverware,Freezer,Dishwasher,Stove,Oven,Hot water kettle,Coffee maker,Wine glasses,Toaster,Blender,Coffee,Elevator,Paid parking off premises,Long term stays allowed",290.0,,17.0,254.0,4.82,4.7,4.9,4.8,41334.0,183.5,0.584,0.6,14.2,213.0,104.5,8232.0,226.3,0.356,seattle,44,3257.125,1,0,0,365
1686930,Entire rental unit,entire_home,47.6306,-122.3651,5.0,3,3,1.0,1,0,0,1,1,"Bathtub,Hair dryer,Shampoo,Conditioner,Body soap,Hot water,Shower gel,Washer,Dryer,Essentials,Hangers,Bed linens,Extra pillows and blankets,Room-darkening shades,Iron,TV,Books and reading material,Crib,Pack ’n play/Travel crib,Heating,Exterior security cameras on property,Smoke alarm,Carbon monoxide alarm,Fire extinguisher,First aid kit,Wifi,Dedicated workspace,Kitchen,Refrigerator,Microwave,Cooking basics,Dishes and silverware,Freezer,Dishwasher,Stove,Oven,Coffee maker,Wine glasses,Baking sheet,Blender,Dining table,Patio or balcony,Outdoor furniture,Outdoor dining area,Free parking on premises,Free street parking,Luggage dropoff allowed,Long term stays allowed,Self check-in,Keypad",45.0,0.0,34.0,966.0,4.87,4.9,5.0,4.8,82373.0,251.8,0.858,0.874,1.6,313.0,216.9,27118.0,347.7,0.833,seattle,50,6567.783333333334,1,0,0,365
1716901,Entire rental unit,entire_home,47.61884,-122.32476,2.0,1,1,1.0,1,0,0,1,3,"Bathtub,Hair dryer,Cleaning products,Shampoo,Conditioner,Body soap,Hot water,Shower gel,Washer,Dryer,Essentials,Hangers,Bed linens,Extra pillows and blankets,Iron,Books and reading material,Children’s books and toys,Board games,Air conditioning,Portable fans,Heating,Smoke alarm,Carbon monoxide alarm,Fire extinguisher,First aid kit,Wifi,Kitchen,Refrigerator,Microwave,Cooking basics,Dishes and silverware,Freezer,Stove,Oven,Hot water kettle,Toaster,Baking sheet,Dining table,Coffee,Private entrance,Laundromat nearby,Free street parking,Single level home,Luggage dropoff allowed,Self check-in,Lockbox",75.0,0.0,10.0,157.0,4.94,4.9,4.9,4.9,35021.0,156.1,0.548,0.559,3.6,200.0,87.5,15881.0,188.1,0.856,seattle,46,2601.6666666666665,1,0,0,365
1976382,Entire rental unit,entire_home,47.62372,-122.32417,2.0,1,1,1.0,0,0,0,1,30,"Hair dryer,Shampoo,Hot water,Washer,Dryer,Essentials,Hangers,Iron,TV,Pack ’n play/Travel crib,High chair,Air conditioning,Heating,Smoke alarm,Carbon monoxide alarm,Wifi,Kitchen,Refrigerator,Microwave,Cooking basics,Dishes and silverware,Coffee maker,Paid parking on premises,Luggage dropoff allowed,Long term stays allowed,Self check-in,Keypad",4836.0,,24.0,97.0,4.81,4.8,4.9,4.7,2386.0,132.5,0.052,0.063,9.5,19.0,6.5,0.0,155.4,0.0,seattle,27,209.79166666666666,1,0,0,365
2033191,Entire guest suite,entire_home,47.6761,-122.3322,4.0,2,2,1.0,1,0,0,1,3,"Free parking on premises,Bathtub,Hair dryer,Shampoo,Hot water,Washer,Dryer,Essentials,Hangers,Iron,TV,Pack ’n play/Travel crib,Children’s books and toys,High chair,Baby bath,Children’s dinnerware,Outlet covers,Babysitter recommendations,Heating,Exterior security cameras on property,Smoke alarm,Carbon monoxide alarm,Fire extinguisher,Wifi,Kitchen,Refrigerator,Microwave,Cooking basics,Dishes and silverware,Dishwasher,Stove,Oven,Coffee maker,Lake access,Patio or balcony,Outdoor furniture,BBQ grill,Free street parking,Single level home,Luggage dropoff allowed,Long term stays allowed,Self check-in,Keypad,Cleaning before checkout",75.0,0.0,22.0,234.0,4.98,5.0,5.0,4.9,54341.0,247.7,0.578,0.617,3.9,211.0,138.6,13505.0,345.2,0.422,seattle,44,4355.391666666666,1,0,0,365
2069917,Entire rental unit,entire_home,47.57296,-122.30751,2.0,1,2,1.0,0,0,0,0,30,"Hair dryer,Shampoo,Hot water,Washer,Dryer,Essentials,Hangers,Room-darkening shades,Iron,TV,Heating,Smoke alarm,Carbon monoxide alarm,Fire extinguisher,Wifi,Dedicated workspace,Kitchen,Refrigerator,Microwave,Cooking basics,Dishes and silverware,Freezer,Dishwasher,Stove,Oven,Coffee maker,Wine glasses,Toaster,Baking sheet,Coffee,Private entrance,Patio or balcony,Free parking on premises,Free street parking,Long term stays allowed,Self check-in,Lockbox",3677.0,,27.0,101.0,4.71,4.9,4.7,4.6,5268.0,83.4,0.17,0.899,20.7,62.0,14.4,129.0,97.1,0.011,seattle,37,430.90000000000003,1,0,0,365
2150760,Entire guesthouse,entire_home,47.55292,-122.27072,2.0,1,1,1.0,1,0,0,0,1,"Bathtub,Hair dryer,Body soap,Hot water,Essentials,Hangers,Bed linens,Extra pillows and blankets,Iron,TV,Books and reading material,Air conditioning,Ceiling fan,Heating,Smoke alarm,Carbon monoxide alarm,Wifi,Kitchen,Refrigerator,Cooking basics,Dishes and silverware,Mini fridge,Hot water kettle,Coffee maker,Coffee,Private entrance,Backyard,Free street parking,Long term stays allowed,Self check-in,Lockbox",120.0,0.0,12.0,245.0,4.77,4.9,4.8,4.7,17728.0,167.5,0.249,0.263,6.1,91.0,44.6,4819.0,212.7,0.233,seattle,31,1270.2083333333333,1,0,0,365
2197168,Entire cottage,entire_home,47.57882,-122.30842,4.0,2,2,1.0,1,0,0,1,30,"Bathtub,Hair dryer,Shampoo,Hot water,Washer,Dryer,Essentials,Hangers,Bed linens,Extra pillows and blankets,Room-darkening shades,Iron,TV,Children’s dinnerware,Heating,Smoke alarm,Carbon monoxide alarm,Fire extinguisher,Wifi,Kitchen,Refrigerator,Microwave,Cooking basics,Dishes and silverware,Dishwasher,Stove,Oven,Coffee maker,Private entrance,Patio or balcony,Free parking on premises,Free street parking,Single level home,Long term stays allowed,Self check-in,Lockbox",3131.0,,27.0,176.0,4.96,5.0,4.9,4.9,8435.0,117.1,0.197,0.507,14.4,72.0,23.1,572.0,113.5,0.056,seattle,36,702.5999999999999,1,0,0,365
2215336,Entire rental unit,entire_home,47.67334,-122.33451,5.0,2,2,1.0,1,0,0,1,13,"Hair dryer,Shampoo,Hot water,Washer,Dryer,Essentials,Hangers,Bed linens,Extra pillows and blankets,Iron,TV,Crib,Pack ’n play/Travel crib,Heating,Smoke alarm,Fire extinguisher,Wifi,Kitchen,Cooking basics,Stove,Oven,Free street parking,Pets allowed,Self check-in,Keypad",0.0,,5.0,237.0,4.83,4.8,4.9,4.8,25650.0,176.5,0.425,0.452,3.9,155.0,70.3,475.0,227.3,0.022,seattle,25,2279.7916666666665,1,0,0,365
2297917,Entire rental unit,entire_home,47.70914,-122.36338,4.0,1,2,1.0,0,0,0,1,2,"Bathtub,Hair dryer,Shampoo,Conditioner,Body soap,Hot water,Shower gel,Washer,Dryer,Essentials,Hangers,Bed linens,Extra pillows and blankets,Clothing storage,Books and reading material,Indoor fireplace,Heating,Smoke alarm,Carbon monoxide alarm,Wifi,Dedicated workspace,Kitchen,Refrigerator,Microwave,Cooking basics,Dishes and silverware,Freezer,Dishwasher,Stove,Oven,Coffee maker,Wine glasses,Toaster,Baking sheet,Blender,Dining table,Patio or balcony,Backyard,Outdoor dining area,Free parking on premises,Free street parking,Hot tub,Single level home,Self check-in,Smart lock",50.0,0.0,25.0,220.0,4.9,4.9,4.9,4.8,17144.0,148.4,0.288,0.288,3.8,105.0,43.1,4654.0,184.9,0.244,seattle,45,1298.5,1,0,0,365
2471659,Entire guesthouse,entire_home,47.55217,-122.28502,2.0,1,1,1.0,1,0,0,0,2,"TV,Wifi,Air conditioning,Kitchen,Hot water kettle,Hot water,Body soap,Conditioner,Bed linens,Extra pillows and blankets,Free street parking,Microwave,Cleaning products,Coffee maker,Refrigerator,Dishwasher,Heating,Oven,Stove,Washer,Dryer,Smoke alarm,Carbon monoxide alarm,Patio or balcony,First aid kit,Fire extinguisher,Luggage dropoff allowed,Essentials,Shampoo,Hangers,Hair dryer,Iron,Self check-in,Freezer,Keypad,Private entrance,Bathtub",0.0,0.0,23.0,510.0,4.86,4.9,4.7,4.8,1285.0,110.2,0.03,0.033,2.2,11.0,3.5,0.0,124.8,0.0,seattle,37,101.01666666666667,1,0,0,365
2481189,Entire condo,entire_home,47.63757,-122.34593,6.0,3,3,2.0,0,0,0,0,2,"Bathtub,Hair dryer,Cleaning products,Shampoo,Conditioner,Body soap,Hot water,Shower gel,Washer,Dryer,Essentials,Hangers,Bed linens,Extra pillows and blankets,Room-darkening shades,Iron,Clothing storage,TV,Books and reading material,Pack ’n play/Travel crib,Fireplace guards,Board games,Air conditioning,Air conditioning,Air conditioning,Indoor fireplace,Portable fans,Heating,Heating,Smoke alarm,Carbon monoxide alarm,Fire extinguisher,First aid kit,Wifi,Dedicated workspace,Kitchen,Refrigerator,Microwave,Cooking basics,Dishes and silverware,Freezer,Dishwasher,Stove,Oven,Hot water kettle,Coffee maker,Wine glasses,Toaster,Baking sheet,Blender,Dining table,Private entrance,Patio or balcony,Backyard,Outdoor furniture,Outdoor dining area,Free parking on premises,Free street parking,Luggage dropoff allowed,Long term stays allowed,Self check-in,Keypad",218.0,0.0,65.0,259.0,4.85,4.9,4.8,4.8,53348.0,278.8,0.389,0.39,2.7,142.0,116.9,23494.0,348.4,0.589,seattle,62,3299.133333333333,1,0,0,365
5300,Entire home,entire_home,38.95312,-119.94564,10.0,3,4.0,2.0,0,0,0,1,2,"Hair dryer,Hot water,Washer,Dryer,Essentials,Hangers,Iron,TV,Children’s books and toys,Indoor fireplace,Heating,Exterior security cameras on property,Smoke alarm,Carbon monoxide alarm,Fire extinguisher,Wifi,Kitchen,Refrigerator,Microwave,Cooking basics,Dishes and silverware,Coffee maker,Patio or balcony,Backyard,Outdoor furniture,Outdoor dining area,BBQ grill,Free parking on premises,Free street parking,Pets allowed,Self check-in,Lockbox",190.0,0,38.0,249.0,4.81,4.7,4.9,4.8,53644.0,630.7,0.205,0.206,2.7,75.0,134.5,13532.0,663.9,0.2,south_lake_tahoe,32,3941.875,1,0,0,365
74642,Entire cabin,entire_home,38.9164,-119.9709,10.0,3,9.0,2.0,0,0,0,0,30,"Bathtub,Hair dryer,Cleaning products,Shampoo,Conditioner,Body soap,Hot water,Shower gel,Washer,Dryer,Essentials,Hangers,Bed linens,Extra pillows and blankets,Room-darkening shades,Iron,Clothing storage,TV,Books and reading material,Pack ’n play/Travel crib,Children’s books and toys,High chair,Baby bath,Children’s dinnerware,Fireplace guards,Outlet covers,Board games,Baby safety gates,Children's playroom,Air conditioning,Indoor fireplace,Portable fans,Heating,Heating,Exterior security cameras on property,Smoke alarm,Carbon monoxide alarm,Fire extinguisher,First aid kit,Wifi,Dedicated workspace,Kitchen,Refrigerator,Microwave,Cooking basics,Dishes and silverware,Freezer,Dishwasher,Stove,Oven,Hot water kettle,Coffee maker,Wine glasses,Toaster,Baking sheet,Blender,Rice maker,Dining table,Coffee,Private entrance,Patio or balcony,Backyard,Outdoor furniture,Hammock,Outdoor dining area,Beach essentials,Free parking on premises,Free street parking,Pets allowed,Long term stays allowed,Self check-in,Keypad",10900.0,,67.0,134.0,4.71,4.5,4.8,4.7,6077.0,350.9,0.058,0.168,5.3,21.0,16.6,0.0,418.7,0.0,south_lake_tahoe,72,614.0749999999999,1,0,0,365
162291,Entire cabin,entire_home,38.95234,-119.95247,6.0,3,8.0,2.0,0,0,0,0,7,"TV,Wifi,Kitchen,Free parking on premises,Resort access,Indoor fireplace,Heating,Washer,Dryer,Beach access,Smoke alarm,Carbon monoxide alarm,Fire extinguisher,Essentials,Shampoo,Hangers,Hair dryer,Iron,Dedicated workspace,Self check-in,Lockbox,Private entrance,High chair,Children’s books and toys,Crib,Pack ’n play/Travel crib,Children’s dinnerware,Hot water,Bed linens,Extra pillows and blankets,Ethernet connection,Microwave,Coffee maker,Refrigerator,Dishwasher,Dishes and silverware,Cooking basics,Oven,Stove,BBQ grill,Shower gel,Patio or balcony,Backyard,Luggage dropoff allowed,Long term stays allowed,Baking sheet,Barbecue utensils",250.0,0,70.0,178.0,4.89,4.9,4.9,4.8,17451.0,322.1,0.142,0.142,8.7,52.0,43.7,0.0,336.4,0.0,south_lake_tahoe,47,1395.7666666666667,1,0,0,365
277294,Entire home,entire_home,38.942,-119.9726,2.0,1,2.0,1.0,0,1,0,0,29,"Bathtub,Hair dryer,Shampoo,Hot water,Shower gel,Essentials,Hangers,Iron,TV,Babysitter recommendations,Indoor fireplace,Heating,Smoke alarm,Carbon monoxide alarm,Fire extinguisher,Wifi,Kitchen,Refrigerator,Microwave,Cooking basics,Dishes and silverware,Stove,Oven,Coffee maker,Baking sheet,Barbecue utensils,Private entrance,BBQ grill,Free parking on premises,Gym,Single level home,Pets allowed,Luggage dropoff allowed,Long term stays allowed,Self check-in,Lockbox",2141.0,,22.0,523.0,4.75,4.8,4.9,4.7,14195.0,106.1,0.359,0.458,18.7,131.0,38.9,0.0,106.9,0.0,south_lake_tahoe,36,1158.2583333333332,1,0,0,365
413450,Entire home,entire_home,38.9317,-120.01616,14.0,5,9.0,4.0,0,1,0,0,29,"Pets allowed,Bathtub,Hair dryer,Hot water,Washer,Dryer,Essentials,Hangers,Iron,TV,Children’s books and toys,High chair,Indoor fireplace,Heating,Smoke alarm,Carbon monoxide alarm,Fire extinguisher,Wifi,Kitchen,Refrigerator,Microwave,Cooking basics,Dishes and silverware,Dishwasher,Stove,Oven,Coffee maker,Waterfront,Beach access,Lake access,Resort access,Patio or balcony,Backyard,BBQ grill,Free parking on premises,Pool,Hot tub,Gym,Pets allowed,Luggage dropoff allowed,Long term stays allowed,Self check-in,Smart lock",750.0,0,47.0,30.0,4.7,4.6,4.8,4.7,14165.0,820.0,0.047,0.073,5.7,17.0,32.6,4979.0,1072.3,0.044,south_lake_tahoe,43,1161.6666666666667,1,0,0,365
550784,Entire chalet,entire_home,38.9195,-119.9839,6.0,3,5.0,1.0,0,0,0,0,29,"Hair dryer,Hot water,Washer,Dryer,Hangers,Bed linens,Extra pillows and blankets,Iron,TV,Heating,Smoke alarm,Carbon monoxide alarm,Fire extinguisher,Wifi,Kitchen,Refrigerator,Microwave,Cooking basics,Dishes and silverware,Stove,Oven,Coffee maker,Baking sheet,Free parking on premises,Self check-in,Lockbox",267.0,0,40.0,253.0,4.65,4.6,4.9,4.7,4639.0,147.8,0.058,0.06,4.2,21.0,9.1,4639.0,153.5,0.233,south_lake_tahoe,26,258.65000000000003,1,0,0,365
626011,Entire cabin,entire_home,38.91768,-120.01893,8.0,4,7.0,2.5,0,0,0,0,20,"Pets allowed,Bathtub,Hair dryer,Cleaning products,Hot water,Washer,Dryer,Essentials,Hangers,Bed linens,Extra pillows and blankets,Iron,Clothing storage,Ethernet connection,TV,Sound system,Books and reading material,Children’s books and toys,Fireplace guards,Board games,Indoor fireplace,Ceiling fan,Portable fans,Heating,Exterior security cameras on property,Smoke alarm,Carbon monoxide alarm,Fire extinguisher,First aid kit,Wifi,Kitchen,Refrigerator,Microwave,Cooking basics,Dishes and silverware,Freezer,Dishwasher,Stove,Oven,Hot water kettle,Coffee maker,Wine glasses,Toaster,Baking sheet,Blender,Rice maker,Barbecue utensils,Dining table,Coffee,Private entrance,Patio or balcony,Backyard,Outdoor furniture,Outdoor dining area,BBQ grill,Free parking on premises,Free street parking,Hot tub,Sauna,Pets allowed,Long term stays allowed,Self check-in,Lockbox",408.0,0,42.0,169.0,4.77,4.7,4.9,4.7,8014.0,266.1,0.063,0.063,7.7,23.0,18.6,5009.0,304.2,0.156,south_lake_tahoe,63,510.02500000000003,1,0,0,365
649639,Entire home,entire_home,38.94566,-119.93611,10.0,5,8.0,4.5,0,0,0,0,25,"Free parking on premises,Pets allowed,Bathtub,Shampoo,Hot water,Washer,Dryer,Essentials,Hangers,Bed linens,Extra pillows and blankets,Iron,Clothing storage,TV,Pool table,Indoor fireplace,Ceiling fan,Portable fans,Heating,Noise decibel monitors on property,Exterior security cameras on property,Smoke alarm,Carbon monoxide alarm,Fire extinguisher,Wifi,Kitchen,Refrigerator,Microwave,Cooking basics,Dishes and silverware,Freezer,Dishwasher,Stove,Oven,Coffee maker,Wine glasses,Toaster,Baking sheet,Blender,Barbecue utensils,Dining table,Patio or balcony,Outdoor furniture,BBQ grill,Free parking on premises,Hot tub,Long term stays allowed,Self check-in,Keypad",420.0,,41.0,62.0,4.79,4.6,5.0,4.8,17910.0,512.6,0.049,0.101,2.3,18.0,41.0,17910.0,884.0,0.2,south_lake_tahoe,49,768.9000000000001,1,0,0,365
654832,Entire home,entire_home,38.91273,-119.9539,8.0,4,6.0,3.0,0,0,0,1,3,"Pets allowed,Bathtub,Hair dryer,Cleaning products,Shampoo,Conditioner,Body soap,Hot water,Shower gel,Washer,Dryer,Essentials,Hangers,Bed linens,Extra pillows and blankets,Iron,Clothing storage,TV,Pool table,Books and reading material,Pack ’n play/Travel crib,Children’s books and toys,High chair,Children’s dinnerware,Board games,Baby safety gates,Air conditioning,Indoor fireplace,Ceiling fan,Portable fans,Heating,Exterior security cameras on property,Smoke alarm,Carbon monoxide alarm,Fire extinguisher,First aid kit,Wifi,Dedicated workspace,Kitchen,Refrigerator,Microwave,Cooking basics,Dishes and silverware,Mini fridge,Freezer,Dishwasher,Stove,Oven,Hot water kettle,Coffee maker,Wine glasses,Toaster,Baking sheet,Blender,Barbecue utensils,Dining table,Coffee,Patio or balcony,Backyard,Outdoor furniture,Outdoor dining area,BBQ grill,Sun loungers,Free parking on premises,Free street parking,Hot tub,Self check-in,Keypad",331.0,0,89.0,491.0,4.87,4.8,4.9,4.8,151219.0,875.7,0.414,0.458,3.4,151.0,376.2,11584.0,936.6,0.133,south_lake_tahoe,68,11019.225,1,0,0,365
669637,Entire townhouse,entire_home,38.95284,-119.94372,8.0,2,5.0,2.0,0,0,0,0,9,"Hair dryer,Shampoo,Hot water,Washer,Dryer,Essentials,Hangers,Iron,TV,Pack ’n play/Travel crib,High chair,Heating,Smoke alarm,Carbon monoxide alarm,Fire extinguisher,Wifi,Kitchen,Refrigerator,Microwave,Cooking basics,Dishes and silverware,Dishwasher,Stove,Oven,Coffee maker,Patio or balcony,Free parking on premises,Hot tub,Self check-in,Keypad",201.0,0,18.0,113.0,4.72,4.7,4.8,4.6,15279.0,350.2,0.101,0.105,3.4,37.0,36.4,6707.0,384.5,0.167,south_lake_tahoe,30,1079.7833333333333,1,0,0,365
731543,Entire cabin,entire_home,38.94392,-119.95527,4.0,2,2.0,1.0,0,0,0,0,3,"Hair dryer,Shampoo,Hot water,Essentials,Hangers,Bed linens,Extra pillows and blankets,Iron,TV,Books and reading material,Pack ’n play/Travel crib,Indoor fireplace,Heating,Noise decibel monitors on property,Exterior security cameras on property,Smoke alarm,Carbon monoxide alarm,Fire extinguisher,Wifi,Kitchen,Refrigerator,Cooking basics,Dishes and silverware,Stove,Oven,Private entrance,Patio or balcony,BBQ grill,Free parking on premises,Single level home,Self check-in,Keypad",51.0,,22.0,170.0,4.76,4.7,4.8,4.7,10663.0,179.9,0.162,0.208,4.0,59.0,29.1,795.0,180.1,0.044,south_lake_tahoe,32,884.5083333333333,1,0,0,365
734854,Entire home,entire_home,38.93962,-119.98504,6.0,3,4.0,1.5,0,0,0,1,3,"Garden view,Bathtub,Hair dryer,Cleaning products,Shampoo,Conditioner,Body soap,Hot water,Shower gel,Washer,Dryer,Essentials,Hangers,Bed linens,Extra pillows and blankets,Iron,Clothing storage,TV,Books and reading material,Children’s books and toys,Children’s dinnerware,Board games,Outdoor playground,Children’s bikes,Air conditioning,Ceiling fan,Heating,Smoke alarm,Carbon monoxide alarm,Fire extinguisher,First aid kit,Wifi,Dedicated workspace,Kitchen,Refrigerator,Microwave,Cooking basics,Dishes and silverware,Freezer,Dishwasher,Stove,Oven,Hot water kettle,Coffee maker,Wine glasses,Toaster,Baking sheet,Barbecue utensils,Dining table,Beach access,Lake access,Private entrance,Patio or balcony,Backyard,Outdoor furniture,Outdoor dining area,BBQ grill,Beach essentials,Bikes,Sun loungers,Free parking on premises,Single level home,Pets allowed,Luggage dropoff allowed,Long term stays allowed,Self check-in,Keypad,Cleaning before checkout",4098.0,0,38.0,164.0,4.81,4.8,5.0,4.8,26110.0,337.2,0.214,0.25,7.1,78.0,71.5,3760.0,304.0,0.156,south_lake_tahoe,68,2191.7999999999997,1,0,0,365
741822,Entire home,entire_home,38.93617,-119.98651,7.0,3,6.0,2.5,0,0,0,1,25,"Bathtub,Hair dryer,Shampoo,Hot water,Washer,Dryer,Essentials,Hangers,Iron,TV,Game console,Children’s books and toys,Indoor fireplace,Heating,Smoke alarm,Carbon monoxide alarm,Fire extinguisher,First aid kit,Wifi,Dedicated workspace,Kitchen,Refrigerator,Microwave,Cooking basics,Dishes and silverware,Dishwasher,Stove,Oven,Coffee maker,Beach access,Patio or balcony,Backyard,Free parking on premises,Pets allowed,Self check-in,Smart lock",0.0,,5.0,183.0,4.86,4.8,4.9,4.8,35704.0,634.9,0.151,0.158,2.5,55.0,97.8,14539.0,687.7,0.244,south_lake_tahoe,36,2909.9583333333335,1,0,0,365
1142139,Entire cabin,entire_home,38.91228,-119.96676,10.0,5,10.0,3.5,0,0,0,1,3,"Hair dryer,Cleaning products,Shampoo,Hot water,Washer,Dryer,Essentials,Hangers,Bed linens,Extra pillows and blankets,Iron,TV,Crib,Pack ’n play/Travel crib,Children’s books and toys,High chair,Board games,Baby safety gates,Babysitter recommendations,Indoor fireplace,Heating,Exterior security cameras on property,Smoke alarm,Carbon monoxide alarm,Fire extinguisher,First aid kit,Wifi,Kitchen,Refrigerator,Microwave,Cooking basics,Dishes and silverware,Dishwasher,Stove,Oven,Coffee maker,Private entrance,Patio or balcony,Backyard,Free parking on premises,Long term stays allowed,Self check-in,Keypad,Cleaning before checkout",400.0,0,33.0,124.0,4.9,4.9,4.9,4.8,73523.0,766.8,0.249,0.306,9.1,91.0,190.5,0.0,782.4,0.0,south_lake_tahoe,44,5814.900000000001,1,0,0,365
1323130,Entire cabin,entire_home,38.9285,-119.9867,6.0,3,5.0,2.0,0,0,0,1,30,"Bathtub,Hair dryer,Cleaning products,Body soap,Hot water,Washer,Dryer,Essentials,Hangers,Bed linens,Extra pillows and blankets,Iron,Ethernet connection,TV,Board games,Indoor fireplace,Ceiling fan,Portable fans,Heating,Smoke alarm,Carbon monoxide alarm,Fire extinguisher,First aid kit,Wifi,Dedicated workspace,Kitchen,Refrigerator,Microwave,Cooking basics,Dishes and silverware,Dishwasher,Stove,Oven,Coffee maker,Baking sheet,Rice maker,Barbecue utensils,Patio or balcony,Backyard,Outdoor furniture,Outdoor dining area,BBQ grill,Free parking on premises,Pets allowed,Luggage dropoff allowed,Long term stays allowed,Self check-in,Lockbox,Cleaning before checkout",3623.0,,5.0,226.0,4.92,4.9,4.9,4.9,18396.0,125.8,0.405,0.51,18.5,148.0,50.4,7683.0,131.9,0.644,south_lake_tahoe,49,1551.533333333333,1,0,0,365
1417979,Entire home,entire_home,38.90205,-119.95992,8.0,4,6.0,2.5,0,0,0,0,2,"Bathtub,Hair dryer,Shampoo,Conditioner,Hot water,Shower gel,Washer,Dryer,Bed linens,Iron,Clothing storage,Ethernet connection,TV,Pool table,Pack ’n play/Travel crib,High chair,Baby bath,Children’s dinnerware,Indoor fireplace,Ceiling fan,Portable fans,Heating,Smoke alarm,Carbon monoxide alarm,Fire extinguisher,Wifi,Kitchen,Refrigerator,Microwave,Cooking basics,Dishes and silverware,Freezer,Dishwasher,Stove,Oven,Hot water kettle,Coffee maker,Wine glasses,Toaster,Baking sheet,Blender,Rice maker,Barbecue utensils,Dining table,Patio or balcony,Backyard,BBQ grill,Free parking on premises,Hot tub,Pets allowed,Self check-in,Keypad",344.0,0,18.0,12.0,4.75,4.8,4.8,4.6,36180.0,583.8,0.134,0.176,2.7,49.0,83.1,18285.0,536.5,0.3,south_lake_tahoe,52,2383.85,1,0,0,365
1524742,Entire home,entire_home,38.89262,-120.03451,12.0,6,9.0,5.5,0,1,0,1,2,"Hair dryer,Shampoo,Hot water,Washer,Dryer,Essentials,Hangers,Bed linens,Extra pillows and blankets,Iron,TV,Air conditioning,Indoor fireplace,Heating,Smoke alarm,Carbon monoxide alarm,Wifi,Kitchen,Refrigerator,Microwave,Cooking basics,Dishes and silverware,Dishwasher,Stove,Oven,Coffee maker,Patio or balcony,BBQ grill,Free parking on premises,Pool,Hot tub,Pets allowed,Self check-in,Keypad",876.0,0,47.0,46.0,4.89,4.8,4.9,4.6,214933.0,1964.3,0.26,0.267,3.4,95.0,526.5,44210.0,2024.9,0.211,south_lake_tahoe,34,15550.708333333334,1,0,0,365
1698878,Entire guesthouse,entire_home,38.9377,-119.9484,8.0,3,4.0,2.0,0,0,0,1,2,"Pets allowed,Bathtub,Hair dryer,Cleaning products,Shampoo,Conditioner,Body soap,Hot water,Shower gel,Washer,Dryer,Hangers,Bed linens,Extra pillows and blankets,Room-darkening shades,Iron,Clothing storage,TV,Sound system,Books and reading material,Children’s books and toys,High chair,Children’s dinnerware,Outlet covers,Board games,Air conditioning,Indoor fireplace,Ceiling fan,Portable fans,Heating,Noise decibel monitors on property,Exterior security cameras on property,Smoke alarm,Carbon monoxide alarm,Fire extinguisher,First aid kit,Wifi,Kitchen,Refrigerator,Microwave,Cooking basics,Dishes and silverware,Freezer,Dishwasher,Stove,Oven,Hot water kettle,Coffee maker,Wine glasses,Toaster,Baking sheet,Rice maker,Barbecue utensils,Dining table,Coffee,Private entrance,Laundromat nearby,Patio or balcony,Outdoor furniture,BBQ grill,Free parking on premises,Single level home,Long term stays allowed,Self check-in,Smart lock",288.0,0,42.0,307.0,4.95,5.0,4.9,4.9,102639.0,435.2,0.556,0.572,6.5,203.0,261.5,33479.0,487.1,0.756,south_lake_tahoe,65,7362.133333333332,1,0,0,365
1764107,Entire rental unit,entire_home,38.95449,-119.94239,8.0,2,6.0,3.0,0,0,0,1,1,"Bathtub,Hair dryer,Hot water,Washer,Dryer,Essentials,Hangers,Bed linens,Extra pillows and blankets,Iron,TV,Crib,Air conditioning,Indoor fireplace,Heating,Smoke alarm,Carbon monoxide alarm,Fire extinguisher,Wifi,Kitchen,Refrigerator,Dishes and silverware,Coffee maker,Free parking on premises,Pool,Hot tub,Elevator,Gym,Doorman,Luggage dropoff allowed,Cleaning before checkout",290.0,0,17.0,36.0,4.97,4.9,5.0,4.9,96643.0,593.8,0.392,0.966,13.0,143.0,256.8,0.0,591.6,0.0,south_lake_tahoe,31,7076.116666666666,1,0,0,365
1811160,Entire home,entire_home,38.91657,-119.96723,8.0,3,4.0,2.0,0,0,0,0,2,"Hair dryer,Hot water,Essentials,Hangers,Bed linens,Iron,TV,Indoor fireplace,Ceiling fan,Heating,Smoke alarm,Carbon monoxide alarm,Fire extinguisher,First aid kit,Wifi,Dedicated workspace,Kitchen,Refrigerator,Microwave,Dishes and silverware,Coffee maker,Outdoor furniture,Outdoor dining area,Free parking on premises,EV charger",200.0,0,6.0,202.0,4.6,4.4,4.9,4.7,18219.0,355.8,0.121,0.232,2.3,44.0,43.9,3574.0,388.8,0.089,south_lake_tahoe,25,1304.6000000000001,1,0,0,365
1822759,Entire cabin,entire_home,38.90158,-120.0049,4.0,2,3.0,1.0,0,0,0,0,30,"Pets allowed,Bathtub,Hair dryer,Cleaning products,Shampoo,Body soap,Hot water,Washer,Dryer,Essentials,Hangers,Bed linens,Extra pillows and blankets,Iron,Clothing storage,TV,Books and reading material,Indoor fireplace,Heating,Smoke alarm,Carbon monoxide alarm,Fire extinguisher,Wifi,Dedicated workspace,Kitchen,Refrigerator,Microwave,Cooking basics,Dishes and silverware,Freezer,Dishwasher,Stove,Oven,Hot water kettle,Coffee maker,Wine glasses,Toaster,Dining table,Coffee,Patio or balcony,Backyard,Outdoor furniture,Outdoor dining area,Free parking on premises,Free street parking,Paid parking on premises,Single level home,Long term stays allowed,Self check-in,Lockbox",100.0,0,21.0,4.0,4.75,4.5,4.8,4.8,2840.0,112.0,0.058,0.058,7.0,21.0,7.0,2124.0,127.8,0.167,south_lake_tahoe,50,196.0,1,0,0,365
1855665,Entire condo,entire_home,38.93802,-120.00697,8.0,3,5.0,2.0,0,0,0,1,3,"Bathtub,Hair dryer,Cleaning products,Shampoo,Body soap,Hot water,Shower gel,Washer,Dryer,Essentials,Hangers,Bed linens,Extra pillows and blankets,Room-darkening shades,Iron,Clothing storage,Ethernet connection,TV,Sound system,Children’s books and toys,Board games,Indoor fireplace,Ceiling fan,Portable fans,Heating,Smoke alarm,Carbon monoxide alarm,Fire extinguisher,Wifi,Kitchen,Refrigerator,Microwave,Cooking basics,Dishes and silverware,Stove,Coffee maker,Waterfront,Beach access,Lake access,Private entrance,Patio or balcony,Backyard,Outdoor furniture,Outdoor dining area,BBQ grill,Beach essentials,Kayak,Free parking on premises,Free street parking,Pool,Hot tub,Pets allowed,Luggage dropoff allowed,Long term stays allowed,Self check-in,Keypad",251.0,0,23.0,117.0,4.83,4.8,4.9,4.8,31310.0,333.7,0.23,0.255,6.0,84.0,76.8,4334.0,325.0,0.133,south_lake_tahoe,56,2335.9,1,0,0,365
1967093,Entire townhouse,entire_home,38.93491,-120.00561,6.0,3,4.0,2.5,0,0,0,1,2,"Kitchen,Smoking allowed,TV,Pets allowed,Bathtub,Hair dryer,Shampoo,Hot water,Washer,Dryer,Essentials,Hangers,Iron,TV,Indoor fireplace,Heating,Smoke alarm,Carbon monoxide alarm,Fire extinguisher,Wifi,Kitchen,Refrigerator,Microwave,Cooking basics,Dishes and silverware,Dishwasher,Stove,Oven,Hot water kettle,Coffee maker,Wine glasses,Toaster,Baking sheet,Barbecue utensils,Dining table,Beach access,Resort access,Patio or balcony,Backyard,Outdoor furniture,Outdoor dining area,BBQ grill,Boat slip,Free parking on premises,Pool,Hot tub,Self check-in,Lockbox",225.0,0,42.0,126.0,4.9,4.9,4.9,4.7,45757.0,547.0,0.173,0.193,2.6,63.0,114.9,6596.0,590.3,0.111,south_lake_tahoe,48,2871.75,1,0,0,365
2088241,Entire cabin,entire_home,38.9426,-119.95017,6.0,3,3.0,1.5,0,0,0,1,3,"Hair dryer,Hot water,Washer,Dryer,Essentials,Hangers,Iron,TV,Heating,Smoke alarm,Carbon monoxide alarm,Fire extinguisher,Wifi,Kitchen,Refrigerator,Cooking basics,Dishes and silverware,Stove,Oven,Patio or balcony,Free parking on premises,Free street parking,Pets allowed,Self check-in,Lockbox",246.0,0,18.0,182.0,4.77,4.7,4.9,4.8,19060.0,244.2,0.184,0.26,5.6,67.0,45.5,9907.0,257.8,0.367,south_lake_tahoe,25,1363.45,1,0,0,365
2189460,Entire home,entire_home,38.92532,-119.99964,8.0,3,7.0,2.0,0,1,0,0,30,"Bathtub,Hair dryer,Hot water,Washer,Dryer,Essentials,Hangers,Bed linens,Extra pillows and blankets,Iron,Ethernet connection,TV,Pool table,Pack ’n play/Travel crib,Children’s books and toys,Children’s dinnerware,Board games,Air conditioning,Indoor fireplace,Ceiling fan,Heating,Exterior security cameras on property,Smoke alarm,Carbon monoxide alarm,Fire extinguisher,First aid kit,Wifi,Dedicated workspace,Kitchen,Refrigerator,Microwave,Cooking basics,Dishes and silverware,Freezer,Dishwasher,Stove,Oven,Hot water kettle,Coffee maker,Wine glasses,Toaster,Baking sheet,Rice maker,Dining table,Beach access,Private entrance,Patio or balcony,Backyard,Free parking on premises,Free street parking,EV charger,Self check-in,Keypad",4277.0,0,25.0,303.0,4.85,4.7,4.9,4.8,7083.0,116.4,0.167,0.415,30.5,61.0,19.4,0.0,129.7,0.0,south_lake_tahoe,53,591.7,1,0,0,365
2262787,Entire condo,entire_home,38.94176,-119.9614,8.0,3,4.0,2.0,0,1,0,0,28,"Hair dryer,Shampoo,Hot water,Washer,Dryer,Essentials,Hangers,Bed linens,Extra pillows and blankets,Iron,Ethernet connection,TV,Children’s books and toys,Heating,Smoke alarm,Carbon monoxide alarm,Fire extinguisher,First aid kit,Wifi,Dedicated workspace,Kitchen,Refrigerator,Microwave,Cooking basics,Dishes and silverware,Dishwasher,Stove,Oven,Coffee maker,Patio or balcony,Free parking on premises,Pool,Hot tub,Long term stays allowed",5433.0,,5.0,57.0,4.6,4.7,4.8,4.5,2106.0,212.9,0.03,0.036,11.0,11.0,5.8,0.0,194.2,0.0,south_lake_tahoe,34,195.15833333333333,1,0,0,365
2315322,Entire home,entire_home,38.92922,-119.95345,11.0,4,8.0,3.5,0,0,0,1,5,"Hair dryer,Shampoo,Body soap,Hot water,Washer,Dryer,Essentials,Hangers,Bed linens,Extra pillows and blankets,Room-darkening shades,Iron,Ethernet connection,TV,Pack ’n play/Travel crib,High chair,Indoor fireplace,Ceiling fan,Heating,Exterior security cameras on property,Smoke alarm,Carbon monoxide alarm,Fire extinguisher,Wifi,Dedicated workspace,Kitchen,Refrigerator,Microwave,Cooking basics,Dishes and silverware,Dishwasher,Stove,Oven,Coffee maker,Patio or balcony,Backyard,Outdoor furniture,Outdoor dining area,BBQ grill,Free parking on premises,Hot tub,Self check-in,Keypad",728.0,0,29.0,108.0,4.71,4.8,4.9,4.7,72162.0,607.7,0.241,0.278,5.5,88.0,167.8,30452.0,556.0,0.433,south_lake_tahoe,43,4456.466666666667,1,0,0,365
2368429,Entire home,entire_home,38.93862,-119.97975,2.0,1,2.0,1.0,0,0,0,0,17,"Hair dryer,Shampoo,Hot water,Washer,Dryer,Essentials,Hangers,TV,Books and reading material,Board games,Indoor fireplace,Heating,Smoke alarm,Carbon monoxide alarm,First aid kit,Kitchen,Refrigerator,Microwave,Cooking basics,Dishes and silverware,Stove,Oven,Coffee maker,Beach access,Backyard,Outdoor furniture,Hammock,Outdoor dining area,BBQ grill,Free parking on premises,Pets allowed",103.0,0,16.0,196.0,4.81,4.7,5.0,4.7,7533.0,197.4,0.088,0.089,4.6,32.0,18.9,3651.0,262.0,0.133,south_lake_tahoe,31,526.4,1,0,0,365
2494181,Entire home,entire_home,38.94467,-119.95828,6.0,3,3.0,2.0,0,0,0,1,15,"Hair dryer,Shampoo,Body soap,Bidet,Hot water,Washer,Dryer,Essentials,Hangers,Iron,TV,Pack ’n play/Travel crib,High chair,Board games,Air conditioning,Indoor fireplace,Heating,Smoke alarm,Carbon monoxide alarm,Fire extinguisher,First aid kit,Wifi,Kitchen,Refrigerator,Microwave,Cooking basics,Dishes and silverware,Freezer,Dishwasher,Stove,Oven,Coffee maker,Wine glasses,Blender,Rice maker,Lake access,Patio or balcony,Backyard,Outdoor furniture,Outdoor dining area,BBQ grill,Free parking on premises,Hot tub,Self check-in,Keypad",500.0,0,69.0,437.0,4.86,4.9,4.9,4.8,111490.0,550.1,0.46,0.46,5.8,168.0,265.7,38772.0,587.5,0.6,south_lake_tahoe,45,7701.400000000001,1,0,0,365
2552609,Entire home,entire_home,38.93923,-119.94181,10.0,3,5.0,3.0,0,0,0,1,2,"Bathtub,Hair dryer,Shampoo,Conditioner,Body soap,Hot water,Shower gel,Washer,Dryer,Essentials,Hangers,Bed linens,Extra pillows and blankets,Room-darkening shades,Iron,Clothing storage,TV,Indoor fireplace,Heating,Noise decibel monitors on property,Exterior security cameras on property,Smoke alarm,Carbon monoxide alarm,Fire extinguisher,First aid kit,Wifi,Kitchen,Refrigerator,Microwave,Cooking basics,Dishes and silverware,Dishwasher,Stove,Oven,Coffee maker,Ski-in/Ski-out,Patio or balcony,Backyard,Free parking on premises,Free street parking,Hot tub",226.0,,46.0,149.0,4.83,4.7,4.9,4.7,72288.0,556.2,0.351,0.36,4.3,128.0,193.7,40640.0,556.8,0.789,south_lake_tahoe,41,5932.8,1,0,0,365
2692860,Entire home,entire_home,38.90366,-119.9842,6.0,3,6.0,2.0,0,0,0,1,2,"Bathtub,Hair dryer,Cleaning products,Shampoo,Conditioner,Body soap,Hot water,Shower gel,Washer,Dryer,Essentials,Hangers,Bed linens,Extra pillows and blankets,Iron,Clothing storage,TV,Books and reading material,Board games,Indoor fireplace,Ceiling fan,Heating,Smoke alarm,Carbon monoxide alarm,Fire extinguisher,Wifi,Kitchen,Refrigerator,Microwave,Cooking basics,Dishes and silverware,Dishwasher,Stove,Oven,Hot water kettle,Coffee maker,Wine glasses,Toaster,Baking sheet,Blender,Barbecue utensils,Dining table,Private entrance,Patio or balcony,Backyard,Outdoor furniture,Outdoor dining area,BBQ grill,Free parking on premises,Hot tub,Pets allowed",291.0,0,46.0,80.0,4.81,4.8,4.8,4.8,49939.0,340.6,0.342,0.465,6.0,125.0,120.1,974.0,337.1,0.022,south_lake_tahoe,51,3547.9166666666665,1,0,0,365
2808897,Entire home,entire_home,38.87765,-120.04011,6.0,3,3.0,2.0,0,0,0,1,2,"Bathtub,Hair dryer,Cleaning products,Shampoo,Conditioner,Body soap,Hot water,Washer,Dryer,Essentials,Hangers,Bed linens,Extra pillows and blankets,Iron,TV,Books and reading material,Pack ’n play/Travel crib,Children’s books and toys,High chair,Children’s dinnerware,Baby safety gates,Indoor fireplace,Heating,Exterior security cameras on property,Smoke alarm,Carbon monoxide alarm,Fire extinguisher,First aid kit,Wifi,Kitchen,Refrigerator,Microwave,Cooking basics,Dishes and silverware,Freezer,Dishwasher,Stove,Oven,Hot water kettle,Coffee maker,Toaster,Baking sheet,Barbecue utensils,Dining table,Patio or balcony,Backyard,Fire pit,Outdoor furniture,Outdoor dining area,BBQ grill,Free parking on premises,Hot tub,Luggage dropoff allowed,Long term stays allowed,Self check-in,Keypad",0.0,0,28.0,196.0,4.89,4.9,4.9,4.8,49354.0,456.1,0.29,0.29,7.6,106.0,135.2,4729.0,498.1,0.089,south_lake_tahoe,56,4028.8833333333337,1,0,0,365
2837433,Entire home,entire_home,38.92938,-120.009,8.0,4,8.0,3.0,0,0,0,0,14,"Smoking allowed,Pets allowed,Bathtub,Hot water,Shower gel,Washer,Dryer,Essentials,Hangers,Bed linens,Extra pillows and blankets,Iron,Clothing storage,TV,Indoor fireplace,Portable fans,Heating,Noise decibel monitors on property,Exterior security cameras on property,Smoke alarm,Carbon monoxide alarm,Fire extinguisher,Wifi,Kitchen,Refrigerator,Microwave,Cooking basics,Dishes and silverware,Dishwasher,Stove,Oven,Coffee maker,Wine glasses,Toaster,Baking sheet,Barbecue utensils,Dining table,Waterfront,Beach access,Lake access,Private entrance,Resort access,Patio or balcony,Backyard,Outdoor furniture,BBQ grill,Boat slip,Free parking on premises,Pool,Hot tub,Pets allowed,Long term stays allowed,Self check-in,Lockbox",495.0,0,22.0,51.0,4.78,4.9,4.9,4.6,32829.0,531.4,0.132,0.188,4.0,48.0,76.4,4477.0,552.9,0.078,south_lake_tahoe,54,2125.6,1,0,0,365
3083290,Entire home,entire_home,38.93734,-119.97141,6.0,3,4.0,2.5,0,0,0,0,11,"Bathtub,Shampoo,Hot water,Washer,Dryer,Essentials,Hangers,Bed linens,Extra pillows and blankets,Iron,Drying rack for clothing,TV,Indoor fireplace,Portable fans,Heating,Noise decibel monitors on property,Exterior security cameras on property,Smoke alarm,Carbon monoxide alarm,Fire extinguisher,Wifi,Kitchen,Refrigerator,Microwave,Cooking basics,Dishes and silverware,Dishwasher,Stove,Oven,Coffee maker,Wine glasses,Toaster,Barbecue utensils,Dining table,Private entrance,Patio or balcony,Backyard,BBQ grill,Free parking on premises,Hot tub,Self check-in,Lockbox",395.0,0,20.0,73.0,4.66,4.6,4.8,4.5,32303.0,313.7,0.205,0.245,5.0,75.0,73.4,5478.0,368.1,0.133,south_lake_tahoe,42,1960.625,1,0,0,365
3440004,Entire cabin,entire_home,38.91693,-120.01174,4.0,2,2.0,2.0,0,0,0,0,15,"Bathtub,Hair dryer,Shampoo,Conditioner,Body soap,Hot water,Washer,Dryer,Essentials,Hangers,Bed linens,Extra pillows and blankets,Iron,Clothing storage,TV,Indoor fireplace,Heating,Smoke alarm,Carbon monoxide alarm,Fire extinguisher,First aid kit,Wifi,Kitchen,Refrigerator,Microwave,Cooking basics,Dishes and silverware,Dishwasher,Stove,Oven,Coffee maker,Toaster,Blender,Dining table,Free parking on premises,Pets allowed,Self check-in,Keypad",210.0,0,22.0,189.0,4.84,4.8,4.9,4.8,5212.0,222.0,0.052,0.054,2.7,19.0,11.4,3404.0,212.4,0.144,south_lake_tahoe,38,351.5,1,0,0,365
3442811,Entire home,entire_home,38.94327,-119.96342,6.0,3,4.0,2.0,0,0,0,1,11,"Bathtub,Hair dryer,Shampoo,Hot water,Washer,Dryer,Essentials,Hangers,Iron,TV,Children’s books and toys,Board games,Indoor fireplace,Heating,Smoke alarm,Carbon monoxide alarm,Fire extinguisher,Wifi,Kitchen,Refrigerator,Microwave,Cooking basics,Dishes and silverware,Dishwasher,Stove,Oven,Coffee maker,Patio or balcony,Backyard,Outdoor furniture,Outdoor dining area,BBQ grill,Free parking on premises,Long term stays allowed,Self check-in,Lockbox",350.0,0,17.0,91.0,4.76,4.8,4.9,4.8,29110.0,372.8,0.186,0.225,5.7,68.0,70.2,2761.0,400.6,0.067,south_lake_tahoe,36,2112.5333333333333,1,0,0,365
3888381,Entire rental unit,entire_home,38.94407,-119.95184,2.0,1,1.0,1.0,0,0,0,1,28,"Hair dryer,Shampoo,Conditioner,Body soap,Hot water,Essentials,Hangers,Bed linens,Iron,TV,Portable fans,Heating,Smoke alarm,Carbon monoxide alarm,Fire extinguisher,First aid kit,Wifi,Dedicated workspace,Kitchen,Refrigerator,Microwave,Cooking basics,Dishes and silverware,Stove,Oven,Coffee maker,Baking sheet,Laundromat nearby,Patio or balcony,Backyard,Outdoor furniture,Free parking on premises,Pets allowed,Self check-in,Keypad",2445.0,,36.0,412.0,4.92,4.9,4.9,4.8,19002.0,98.2,0.526,0.646,27.4,192.0,52.1,0.0,106.5,0.0,south_lake_tahoe,35,1571.2,1,0,0,365
3894963,Entire chalet,entire_home,38.91972,-119.9957,6.0,3,4.0,2.0,0,0,0,1,3,"Hair dryer,Shampoo,Hot water,Washer,Dryer,Essentials,Hangers,Bed linens,Extra pillows and blankets,Iron,TV,Heating,Smoke alarm,Carbon monoxide alarm,Fire extinguisher,First aid kit,Wifi,Kitchen,Refrigerator,Microwave,Cooking basics,Dishes and silverware,Dishwasher,Stove,Oven,Coffee maker,Private entrance,Patio or balcony,Backyard,BBQ grill,Free parking on premises,Self check-in,Smart lock",195.0,0,5.0,131.0,4.85,4.8,4.9,4.8,22658.0,279.6,0.2,0.202,7.3,73.0,56.7,12310.0,296.2,0.433,south_lake_tahoe,33,1700.9000000000003,1,0,0,365
4156108,Entire home,entire_home,38.88682,-119.98199,8.0,3,6.0,3.0,0,0,0,1,30,"Pets allowed,Hair dryer,Shampoo,Hot water,Washer,Dryer,Essentials,Hangers,Bed linens,Extra pillows and blankets,Iron,TV,Game console,Exercise equipment,Crib,Pack ’n play/Travel crib,Children’s books and toys,High chair,Baby bath,Children’s dinnerware,Board games,Children’s bikes,Indoor fireplace,Ceiling fan,Heating,Exterior security cameras on property,Smoke alarm,Carbon monoxide alarm,Fire extinguisher,First aid kit,Wifi,Dedicated workspace,Kitchen,Refrigerator,Microwave,Cooking basics,Dishes and silverware,Dishwasher,Stove,Oven,Hot water kettle,Coffee maker,Toaster,Rice maker,Barbecue utensils,Dining table,Beach access,Ski-in/Ski-out,Private entrance,Resort access,Backyard,Outdoor furniture,Outdoor dining area,BBQ grill,Free parking on premises,Hot tub,Long term stays allowed,Self check-in,Lockbox",3319.0,,38.0,256.0,4.84,4.8,4.9,4.8,7380.0,235.9,0.132,0.364,16.0,48.0,20.2,91.0,97.2,0.011,south_lake_tahoe,59,943.6,1,0,0,365
4300470,Entire home,entire_home,38.918,-120.0084,6.0,2,2.0,2.0,0,0,0,1,3,"Bathtub,Hair dryer,Cleaning products,Shampoo,Conditioner,Body soap,Hot water,Shower gel,Washer,Dryer,Essentials,Hangers,Bed linens,Extra pillows and blankets,Room-darkening shades,Iron,Drying rack for clothing,Clothing storage,TV,Books and reading material,Pack ’n play/Travel crib,Children’s books and toys,High chair,Board games,Air conditioning,Indoor fireplace,Ceiling fan,Portable fans,Heating,Smoke alarm,Carbon monoxide alarm,Fire extinguisher,First aid kit,Wifi,Kitchen,Refrigerator,Microwave,Cooking basics,Dishes and silverware,Freezer,Dishwasher,Stove,Oven,Hot water kettle,Coffee maker,Wine glasses,Toaster,Baking sheet,Blender,Barbecue utensils,Dining table,Coffee,Private entrance,Laundromat nearby,Patio or balcony,Backyard,Outdoor furniture,Outdoor dining area,BBQ grill,Free parking on premises,Free street parking,Pets allowed,Luggage dropoff allowed,Self check-in,Keypad",405.0,0,41.0,35.0,4.97,5.0,4.8,4.9,75864.0,436.6,0.362,0.362,3.7,132.0,173.4,23245.0,431.2,0.467,south_lake_tahoe,65,4802.6,1,0,0,365
4304407,Entire cabin,entire_home,38.93265,-119.94704,6.0,3,5.0,3.5,0,0,0,1,14,"Pets allowed,Bathtub,Shampoo,Hot water,Washer,Dryer,Essentials,Hangers,Bed linens,Extra pillows and blankets,Iron,TV,Indoor fireplace,Ceiling fan,Portable fans,Heating,Noise decibel monitors on property,Exterior security cameras on property,Smoke alarm,Carbon monoxide alarm,Fire extinguisher,Wifi,Kitchen,Refrigerator,Microwave,Cooking basics,Dishes and silverware,Freezer,Dishwasher,Stove,Oven,Coffee maker,Wine glasses,Toaster,Baking sheet,Barbecue utensils,Dining table,Private entrance,Patio or balcony,Backyard,Outdoor furniture,BBQ grill,Free parking on premises,Hot tub,Long term stays allowed,Self check-in,Keypad",395.0,0,21.0,88.0,4.75,4.8,5.0,4.7,54232.0,315.2,0.301,0.305,4.6,110.0,124.8,21260.0,395.4,0.467,south_lake_tahoe,47,2889.3333333333335,1,0,0,365
4343611,Entire townhouse,entire_home,38.95371,-119.9487,8.0,3,6.0,3.0,0,0,0,1,2,"Bathtub,Hair dryer,Cleaning products,Shampoo,Conditioner,Body soap,Hot water,Shower gel,Washer,Dryer,Essentials,Hangers,Bed linens,Room-darkening shades,Iron,Clothing storage,TV,Pack ’n play/Travel crib,Children’s books and toys,Board games,Air conditioning,Heating,Smoke alarm,Carbon monoxide alarm,Wifi,Dedicated workspace,Kitchen,Refrigerator,Microwave,Cooking basics,Dishes and silverware,Dishwasher,Stove,Oven,Hot water kettle,Coffee maker,Wine glasses,Toaster,Barbecue utensils,Dining table,Private entrance,Patio or balcony,Outdoor furniture,BBQ grill,Free parking on premises",286.0,0,33.0,28.0,4.96,5.0,5.0,4.8,101524.0,576.4,0.373,0.391,3.0,136.0,245.2,19163.0,662.7,0.322,south_lake_tahoe,45,6532.533333333333,1,0,0,365
4345366,Entire home,entire_home,38.92345,-119.97926,8.0,4,7.0,2.5,0,0,0,1,30,"Bathtub,Hair dryer,Shampoo,Hot water,Shower gel,Washer,Dryer,Essentials,TV,Crib,Pack ’n play/Travel crib,High chair,Baby safety gates,Air conditioning,Indoor fireplace,Heating,Smoke alarm,Carbon monoxide alarm,Fire extinguisher,First aid kit,Wifi,Kitchen,Refrigerator,Microwave,Cooking basics,Dishes and silverware,Dishwasher,Stove,Oven,Coffee maker,Patio or balcony,Backyard,BBQ grill,Free parking on premises,Hot tub,EV charger,Long term stays allowed,Self check-in,Keypad",5688.0,,15.0,134.0,4.95,5.0,4.8,4.8,10957.0,197.2,0.156,0.204,4.4,57.0,30.0,604.0,202.5,0.033,south_lake_tahoe,39,936.6999999999999,1,0,0,365
4385795,Entire home,entire_home,38.9292,-119.98865,8.0,4,5.0,3.5,0,0,0,1,17,"Bathtub,Shampoo,Hot water,Washer,Dryer,Essentials,Hangers,Bed linens,Extra pillows and blankets,Iron,Clothing storage,TV,Pool table,Indoor fireplace,Portable fans,Heating,Noise decibel monitors on property,Exterior security cameras on property,Smoke alarm,Carbon monoxide alarm,Fire extinguisher,Wifi,Kitchen,Refrigerator,Microwave,Cooking basics,Dishes and silverware,Dishwasher,Stove,Oven,Coffee maker,Wine glasses,Toaster,Baking sheet,Barbecue utensils,Dining table,Beach access,Private entrance,Patio or balcony,Backyard,Outdoor furniture,BBQ grill,Free parking on premises,Long term stays allowed,Self check-in,Lockbox",345.0,0,13.0,37.0,4.7,4.8,4.9,4.8,18699.0,321.7,0.123,0.127,3.5,45.0,39.9,7112.0,477.4,0.133,south_lake_tahoe,46,1206.375,1,0,0,365
4549714,Entire condo,entire_home,38.94178,-119.96,6.0,3,5.0,2.0,0,0,0,1,15,"Hair dryer,Cleaning products,Shampoo,Conditioner,Hot water,Shower gel,Washer,Dryer,Essentials,Hangers,Bed linens,Extra pillows and blankets,Iron,TV,Game console,Books and reading material,Pack ’n play/Travel crib,Children’s books and toys,High chair,Children’s dinnerware,Board games,Indoor fireplace,Portable fans,Heating,Noise decibel monitors on property,Exterior security cameras on property,Smoke alarm,Carbon monoxide alarm,Fire extinguisher,First aid kit,Wifi,Kitchen,Refrigerator,Microwave,Cooking basics,Dishes and silverware,Dishwasher,Stove,Oven,Coffee maker,Toaster,Baking sheet,Blender,Barbecue utensils,Dining table,Private entrance,Laundromat nearby,Patio or balcony,Outdoor furniture,Outdoor dining area,Beach essentials,Free parking on premises,Free street parking,Pool,Hot tub,Long term stays allowed,Self check-in,Lockbox",251.0,0,30.0,84.0,4.9,4.9,4.9,4.8,20475.0,247.0,0.17,0.171,3.6,62.0,45.8,9313.0,350.3,0.244,south_lake_tahoe,58,1276.1666666666667,1,0,0,365
4644829,Entire cabin,entire_home,38.94483,-119.97124,6.0,2,4.0,1.0,0,0,0,0,45,"Hot water,Washer,Dryer,Essentials,Indoor fireplace,Heating,Smoke alarm,Carbon monoxide alarm,Fire extinguisher,First aid kit,Wifi,Kitchen,Refrigerator,Microwave,Dishes and silverware,Dishwasher,Oven,Coffee maker,Backyard,Free parking on premises,Single level home",3527.0,0,25.0,247.0,4.71,4.7,4.9,4.7,5657.0,126.7,0.123,0.129,45.0,45.0,15.5,0.0,130.0,0.0,south_lake_tahoe,21,475.125,1,0,0,365
4742244,Entire home,entire_home,38.80452,-120.01988,4.0,2,4.0,1.0,0,0,0,1,3,"Bathtub,Hair dryer,Cleaning products,Shampoo,Conditioner,Body soap,Hot water,Shower gel,Washer,Dryer,Essentials,Hangers,Bed linens,Extra pillows and blankets,Iron,TV,Books and reading material,Children’s books and toys,Fireplace guards,Board games,Indoor fireplace,Ceiling fan,Portable fans,Heating,Smoke alarm,Carbon monoxide alarm,Fire extinguisher,First aid kit,Wifi,Kitchen,Refrigerator,Microwave,Cooking basics,Dishes and silverware,Freezer,Dishwasher,Stove,Oven,Coffee maker,Wine glasses,Toaster,Baking sheet,Blender,Barbecue utensils,Dining table,Patio or balcony,Backyard,Outdoor furniture,Outdoor dining area,BBQ grill,Free parking on premises",150.0,0,25.0,235.0,4.97,5.0,4.9,4.9,18493.0,238.8,0.189,0.359,3.1,69.0,45.3,3801.0,240.3,0.156,south_lake_tahoe,51,1373.1000000000001,1,0,0,365
4873761,Entire home,entire_home,38.9347,-119.9621,8.0,4,7.0,3.5,0,1,0,1,27,"Bathtub,Hair dryer,Cleaning products,Shampoo,Conditioner,Body soap,Hot water,Shower gel,Washer,Dryer,Essentials,Hangers,Bed linens,Extra pillows and blankets,Iron,Clothing storage,TV,Pool table,Mini golf,Pack ’n play/Travel crib,Indoor fireplace,Ceiling fan,Portable fans,Heating,Smoke alarm,Carbon monoxide alarm,Fire extinguisher,First aid kit,Wifi,Kitchen,Refrigerator,Microwave,Cooking basics,Dishes and silverware,Freezer,Dishwasher,Stove,Oven,Hot water kettle,Coffee maker,Wine glasses,Toaster,Baking sheet,Blender,Barbecue utensils,Dining table,Coffee,Private entrance,Patio or balcony,Backyard,Outdoor furniture,Outdoor dining area,BBQ grill,Free parking on premises,Hot tub,Pets allowed,Long term stays allowed,Self check-in,Keypad",590.0,,56.0,65.0,4.86,4.8,4.9,4.6,57225.0,545.4,0.285,0.299,5.8,104.0,150.3,36823.0,565.4,0.711,south_lake_tahoe,59,4726.8,1,0,0,365
4987564,Entire cabin,entire_home,38.92673,-119.97599,4.0,2,2.0,1.0,0,0,0,1,2,"Pets allowed,Bathtub,Hair dryer,Cleaning products,Hot water,Washer,Dryer,Hangers,Bed linens,Extra pillows and blankets,Room-darkening shades,Iron,Clothing storage,Ethernet connection,TV,Books and reading material,Children’s books and toys,High chair,Fireplace guards,Board games,Portable fans,Heating,Noise decibel monitors on property,Exterior security cameras on property,Smoke alarm,Carbon monoxide alarm,Fire extinguisher,First aid kit,Wifi,Dedicated workspace,Kitchen,Refrigerator,Microwave,Cooking basics,Dishes and silverware,Freezer,Dishwasher,Stove,Oven,Hot water kettle,Coffee maker,Wine glasses,Toaster,Baking sheet,Blender,Rice maker,Barbecue utensils,Dining table,Coffee,Beach access,Private entrance,Laundromat nearby,Patio or balcony,Backyard,Outdoor furniture,BBQ grill,Beach essentials,Sun loungers,Free parking on premises,Free street parking,Hot tub,Single level home,Long term stays allowed,Self check-in,Smart lock,Cleaning before checkout",191.0,0,32.0,195.0,4.91,4.8,5.0,4.8,26218.0,254.0,0.279,0.297,4.7,102.0,67.1,3551.0,278.1,0.122,south_lake_tahoe,66,2159.0,1,0,0,365
5144891,Entire cabin,entire_home,38.93621,-119.95151,4.0,2,2.0,1.0,0,1,0,0,30,"Pets allowed,Hair dryer,Cleaning products,Shampoo,Conditioner,Body soap,Hot water,Shower gel,Washer,Dryer,Essentials,Hangers,Bed linens,Extra pillows and blankets,Iron,Clothing storage,TV,Indoor fireplace,Heating,Smoke alarm,Carbon monoxide alarm,Fire extinguisher,First aid kit,Wifi,Kitchen,Refrigerator,Microwave,Cooking basics,Dishes and silverware,Freezer,Dishwasher,Stove,Oven,Hot water kettle,Coffee maker,Dining table,Patio or balcony,Backyard,Outdoor furniture,BBQ grill,Free parking on premises,Paid parking on premises,Pets allowed,Long term stays allowed,Self check-in,Keypad",7762.0,20,23.0,105.0,4.61,4.7,4.8,4.6,3747.0,276.6,0.038,0.038,4.7,14.0,10.3,3747.0,268.8,0.156,south_lake_tahoe,46,322.70000000000005,1,0,0,365
5310125,Entire residential home,entire_home,38.92196,-120.0067,8.0,3,4.0,2.0,0,0,0,0,2,"Bathtub,Hair dryer,Shampoo,Conditioner,Body soap,Hot water,Shower gel,Washer,Dryer,Essentials,Hangers,Bed linens,Extra pillows and blankets,Room-darkening shades,Iron,TV,Pack ’n play/Travel crib,High chair,Children’s dinnerware,Baby safety gates,Indoor fireplace,Heating,Noise decibel monitors on property,Exterior security cameras on property,Smoke alarm,Carbon monoxide alarm,Fire extinguisher,First aid kit,Wifi,Kitchen,Refrigerator,Microwave,Cooking basics,Dishes and silverware,Dishwasher,Stove,Oven,Coffee maker,Baking sheet,Barbecue utensils,Private entrance,Patio or balcony,Backyard,BBQ grill,Free parking on premises,Free street parking",351.0,,41.0,92.0,4.7,4.7,4.9,4.7,50401.0,408.0,0.332,0.334,4.6,121.0,134.2,26948.0,405.7,0.711,south_lake_tahoe,46,4114.0,1,0,0,365
5402653,Entire home,entire_home,38.88605,-119.98391,8.0,4,5.0,2.5,0,0,0,1,3,"Hair dryer,Shampoo,Hot water,Washer,Dryer,Essentials,Hangers,Iron,TV,Pack ’n play/Travel crib,Children’s books and toys,High chair,Children’s dinnerware,Air conditioning,Indoor fireplace,Heating,Exterior security cameras on property,Smoke alarm,Carbon monoxide alarm,Fire extinguisher,First aid kit,Wifi,Dedicated workspace,Kitchen,Refrigerator,Microwave,Cooking basics,Dishes and silverware,Dishwasher,Stove,Oven,Coffee maker,Patio or balcony,Backyard,Outdoor furniture,BBQ grill,Free parking on premises,Hot tub,Self check-in,Keypad",300.0,0,21.0,117.0,4.95,4.8,4.9,4.9,39974.0,501.3,0.181,0.188,3.5,66.0,93.9,7173.0,574.4,0.111,south_lake_tahoe,40,2757.15,1,0,0,365
5470062,Entire home,entire_home,38.90594,-119.96134,8.0,4,5.0,3.0,0,0,0,0,2,"Pets allowed,Bathtub,Shampoo,Hot water,Washer,Dryer,Essentials,Hangers,Bed linens,Extra pillows and blankets,Iron,TV,Pool table,Indoor fireplace,Heating,Smoke alarm,Carbon monoxide alarm,Fire extinguisher,Wifi,Kitchen,Refrigerator,Microwave,Cooking basics,Dishes and silverware,Dishwasher,Stove,Oven,Coffee maker,Barbecue utensils,Beach access,Patio or balcony,Backyard,BBQ grill,Free parking on premises,Hot tub,Self check-in,Lockbox",488.0,0,26.0,115.0,4.65,4.7,4.8,4.6,65924.0,596.1,0.23,0.23,3.0,84.0,145.9,26730.0,589.7,0.389,south_lake_tahoe,37,4172.7,1,0,0,365
5744552,Entire home,entire_home,38.935,-120.0058,12.0,5,6.0,3.0,0,0,0,0,30,"Free parking on premises,Pets allowed,Hair dryer,Shampoo,Hot water,Washer,Dryer,Essentials,Hangers,Bed linens,Extra pillows and blankets,Iron,TV,Indoor fireplace,Heating,Noise decibel monitors on property,Exterior security cameras on property,Smoke alarm,Carbon monoxide alarm,Fire extinguisher,First aid kit,Wifi,Dedicated workspace,Kitchen,Refrigerator,Microwave,Cooking basics,Dishes and silverware,Dishwasher,Stove,Oven,Coffee maker,Waterfront,Lake access,Private entrance,Patio or balcony,Backyard,BBQ grill,Free parking on premises,Pool,Pets allowed,Long term stays allowed,Self check-in,Keypad",6690.0,,40.0,50.0,4.78,4.9,4.9,4.7,5693.0,248.7,0.055,0.07,6.7,20.0,15.6,322.0,295.7,0.011,south_lake_tahoe,44,414.5,1,0,0,365
5954930,Entire home,entire_home,38.89906,-119.96383,12.0,6,9.0,4.0,0,0,0,0,2,"Pets allowed,Bathtub,Shampoo,Hot water,Washer,Dryer,Essentials,Hangers,Bed linens,Extra pillows and blankets,Iron,Clothing storage,TV,Pool table,Indoor fireplace,Ceiling fan,Portable fans,Heating,Smoke alarm,Carbon monoxide alarm,Fire extinguisher,Wifi,Dedicated workspace,Kitchen,Refrigerator,Microwave,Cooking basics,Dishes and silverware,Dishwasher,Stove,Oven,Coffee maker,Wine glasses,Toaster,Baking sheet,Barbecue utensils,Dining table,Beach access,Private entrance,Patio or balcony,Backyard,Outdoor furniture,Outdoor dining area,BBQ grill,Free parking on premises,Hot tub,Self check-in,Lockbox",545.0,0,29.0,128.0,4.68,4.5,4.9,4.6,115028.0,920.6,0.29,0.324,2.9,106.0,267.4,15171.0,902.6,0.144,south_lake_tahoe,48,8131.966666666667,1,0,0,365
6019185,Entire cabin,entire_home,38.93306,-119.96108,8.0,4,4.0,3.0,0,0,0,1,30,"Bathtub,Hair dryer,Shampoo,Conditioner,Body soap,Hot water,Shower gel,Washer,Dryer,Essentials,Hangers,Bed linens,Extra pillows and blankets,Room-darkening shades,Iron,Clothing storage,TV,Crib,Pack ’n play/Travel crib,Children’s books and toys,High chair,Children’s dinnerware,Fireplace guards,Board games,Indoor fireplace,Portable fans,Heating,Exterior security cameras on property,Smoke alarm,Carbon monoxide alarm,Fire extinguisher,First aid kit,Wifi,Dedicated workspace,Kitchen,Refrigerator,Microwave,Cooking basics,Dishes and silverware,Freezer,Dishwasher,Stove,Oven,Hot water kettle,Coffee maker,Wine glasses,Toaster,Baking sheet,Blender,Rice maker,Barbecue utensils,Dining table,Patio or balcony,Fire pit,Outdoor furniture,Outdoor dining area,BBQ grill,Free parking on premises,Hot tub,Pets allowed,Long term stays allowed,Self check-in,Smart lock",6161.0,,24.0,47.0,4.89,4.8,4.9,4.9,22443.0,230.3,0.252,0.342,23.0,92.0,61.5,0.0,213.8,0.0,south_lake_tahoe,63,1765.6333333333334,1,0,0,365
6089307,Entire home,entire_home,38.94387,-119.9532,5.0,2,3.0,1.5,0,0,0,0,30,"Shampoo,Hot water,Washer,Dryer,Essentials,Hangers,TV,Indoor fireplace,Heating,Exterior security cameras on property,Smoke alarm,Carbon monoxide alarm,Fire extinguisher,Wifi,Kitchen,Refrigerator,Microwave,Cooking basics,Dishes and silverware,Dishwasher,Stove,Oven,Coffee maker,Free parking on premises,Self check-in,Smart lock",3162.0,,21.0,190.0,4.91,5.0,4.9,4.9,2449.0,124.0,0.055,0.066,4.0,20.0,6.7,0.0,118.7,0.0,south_lake_tahoe,26,206.66666666666666,1,0,0,365
6262041,Entire home,entire_home,38.90269,-119.98289,8.0,4,7.0,2.5,0,0,0,0,2,"Bathtub,Hair dryer,Cleaning products,Hot water,Washer,Dryer,Essentials,Hangers,Bed linens,Extra pillows and blankets,Iron,TV,Game console,Fireplace guards,Board games,Indoor fireplace,Portable fans,Heating,Exterior security cameras on property,Smoke alarm,Carbon monoxide alarm,Fire extinguisher,First aid kit,Wifi,Kitchen,Refrigerator,Microwave,Cooking basics,Dishes and silverware,Dishwasher,Stove,Oven,Hot water kettle,Coffee maker,Wine glasses,Toaster,Rice maker,Barbecue utensils,Dining table,Private entrance,Patio or balcony,Backyard,Outdoor furniture,Outdoor dining area,BBQ grill,Bikes,Free parking on premises,Hot tub,Long term stays allowed,Self check-in,Smart lock",300.0,0,40.0,199.0,4.87,4.8,4.9,4.8,34005.0,542.1,0.134,0.134,2.5,49.0,77.5,14513.0,564.1,0.233,south_lake_tahoe,51,2213.5750000000003,1,0,0,365
6299395,Entire cabin,entire_home,38.9372,-120.04041,10.0,5,9.0,3.0,0,0,0,0,4,"Hair dryer,Shampoo,Hot water,Essentials,Hangers,TV,Indoor fireplace,Heating,Noise decibel monitors on property,Exterior security cameras on property,Smoke alarm,Carbon monoxide alarm,Fire extinguisher,Kitchen,Refrigerator,Microwave,Cooking basics,Dishes and silverware,Coffee maker,Beach access,Patio or balcony,Backyard,Outdoor furniture,Outdoor dining area,BBQ grill,Free parking on premises,Self check-in,Lockbox",810.0,0,27.0,13.0,4.46,4.8,5.0,4.3,14484.0,807.2,0.041,0.048,5.0,15.0,33.0,0.0,789.8,0.0,south_lake_tahoe,28,1009.0,1,0,0,365
6313878,Entire house,entire_home,38.9387,-119.94201,8.0,4,7.0,3.0,0,0,0,0,2,"Shampoo,Hot water,Washer,Dryer,Essentials,Hangers,Bed linens,Extra pillows and blankets,Iron,TV,Indoor fireplace,Heating,Noise decibel monitors on property,Exterior security cameras on property,Smoke alarm,Carbon monoxide alarm,Fire extinguisher,Wifi,Kitchen,Refrigerator,Microwave,Cooking basics,Dishes and silverware,Dishwasher,Stove,Oven,Coffee maker,Barbecue utensils,Ski-in/Ski-out,Patio or balcony,Backyard,BBQ grill,Free parking on premises,Hot tub,Pets allowed",341.0,,20.0,40.0,4.68,4.7,4.9,4.7,90739.0,728.1,0.332,0.332,3.3,121.0,243.0,47382.0,707.5,0.711,south_lake_tahoe,35,7341.675,1,0,0,365
6315294,Entire home,entire_home,38.93608,-120.00774,10.0,3,7.0,2.5,0,0,0,0,30,"TV,Wifi,Waterfront,Lake access,Pool,Kitchen,Board games,Free parking on premises,Pets allowed,Outdoor furniture,Boat slip,Hot tub,Cleaning products,Indoor fireplace,Heating,Coffee,Washer,Dryer,Beach access,Smoke alarm,Carbon monoxide alarm,First aid kit,Fire extinguisher,Essentials,Shampoo,Hangers,Kayak,Hair dryer,Iron,Dedicated workspace,Self check-in,Outdoor dining area,Lockbox,Private entrance,Bathtub,High chair,Baby safety gates,Fireplace guards,Babysitter recommendations,Crib,Pack ’n play/Travel crib,Children’s dinnerware,Hot water,Body soap,Bed linens,Extra pillows and blankets,Microwave,Coffee maker,Refrigerator,Dishwasher,Dishes and silverware,Cooking basics,Oven,Stove,BBQ grill,Patio or balcony,Backyard,Beach essentials,Luggage dropoff allowed,Long term stays allowed,Safe,Outdoor playground,Baking sheet,Barbecue utensils,Sun loungers,Toaster",325.0,0,31.0,104.0,4.9,4.8,4.9,4.8,5119.0,328.6,0.038,0.041,4.7,14.0,11.4,0.0,323.1,0.0,south_lake_tahoe,66,383.36666666666673,1,0,0,365
6544286,Entire home,entire_home,38.93551,-119.9799,8.0,3,5.0,2.0,0,0,0,0,30,"Pets allowed,Hair dryer,Cleaning products,Shampoo,Conditioner,Hot water,Washer,Dryer,Essentials,Hangers,Bed linens,Extra pillows and blankets,Room-darkening shades,Iron,Clothing storage,Ethernet connection,TV,Board games,Ceiling fan,Heating,Smoke alarm,Carbon monoxide alarm,Fire extinguisher,Wifi,Dedicated workspace,Kitchen,Refrigerator,Microwave,Cooking basics,Dishes and silverware,Freezer,Dishwasher,Stove,Oven,Hot water kettle,Coffee maker,Wine glasses,Toaster,Baking sheet,Blender,Barbecue utensils,Dining table,Private entrance,Patio or balcony,Backyard,Fire pit,Outdoor furniture,Outdoor dining area,BBQ grill,Free parking on premises,Single level home,Pets allowed,Long term stays allowed,Self check-in,Lockbox",5213.0,,11.0,154.0,4.83,4.6,5.0,4.9,5335.0,178.4,0.079,0.083,4.8,29.0,14.6,3762.0,189.6,0.222,south_lake_tahoe,55,431.1333333333334,1,0,0,365
6701899,Entire home,entire_home,38.90638,-119.96164,14.0,6,10.0,4.0,0,0,0,1,2,"Hair dryer,Shampoo,Conditioner,Hot water,Washer,Dryer,Essentials,Hangers,Iron,TV,Pool table,Pack ’n play/Travel crib,Air conditioning,Indoor fireplace,Heating,Exterior security cameras on property,Smoke alarm,Carbon monoxide alarm,Fire extinguisher,Wifi,Kitchen,Refrigerator,Microwave,Cooking basics,Dishes and silverware,Oven,Coffee maker,Private entrance,Patio or balcony,BBQ grill,Free parking on premises,Hot tub",599.0,0,32.0,184.0,4.92,4.9,4.9,4.8,242427.0,1142.1,0.468,0.475,2.9,171.0,572.3,81756.0,1204.4,0.633,south_lake_tahoe,32,16274.924999999997,1,0,0,365
6761091,Entire cabin,entire_home,38.93836,-119.9738,8.0,3,3.0,1.0,0,0,0,1,2,"Hair dryer,Shampoo,Hot water,Washer,Dryer,Essentials,Bed linens,Iron,TV,Indoor fireplace,Heating,Exterior security cameras on property,Smoke alarm,Carbon monoxide alarm,Fire extinguisher,First aid kit,Wifi,Kitchen,Refrigerator,Microwave,Cooking basics,Dishes and silverware,Stove,Oven,Coffee maker,Barbecue utensils,Private entrance,Patio or balcony,Backyard,Fire pit,Outdoor furniture,Hammock,Outdoor dining area,BBQ grill,Free parking on premises,Pets allowed,Self check-in,Smart lock",50.0,0,18.0,26.0,4.77,4.4,5.0,4.5,32228.0,693.3,0.123,0.123,4.1,45.0,86.9,12543.0,735.5,0.178,south_lake_tahoe,38,2599.8749999999995,1,0,0,365
6761171,Tiny home,entire_home,38.93964,-119.97452,2.0,1,1.0,1.0,0,1,0,1,2,"Hair dryer,Cleaning products,Shampoo,Body soap,Hot water,Essentials,Bed linens,Extra pillows and blankets,Clothing storage,TV,Board games,Indoor fireplace,Ceiling fan,Portable fans,Heating,Exterior security cameras on property,Smoke alarm,Carbon monoxide alarm,Fire extinguisher,First aid kit,Wifi,Kitchen,Microwave,Cooking basics,Dishes and silverware,Mini fridge,Hot water kettle,Coffee maker,Wine glasses,Barbecue utensils,Dining table,Coffee,Lake access,Private entrance,Laundromat nearby,Patio or balcony,Backyard,Fire pit,Outdoor furniture,Hammock,Outdoor dining area,BBQ grill,Free parking on premises,Single level home,Pets allowed,Self check-in,Smart lock",50.0,0,15.0,138.0,4.88,4.9,5.0,4.8,34424.0,289.2,0.296,0.302,2.7,108.0,89.5,11946.0,303.5,0.4,south_lake_tahoe,47,2602.7999999999997,1,0,0,365
6811989,Entire home,entire_home,38.88316,-119.98714,2.0,1,1.0,1.0,0,0,0,1,24,"Hot water,Essentials,TV,Indoor fireplace,Heating,Smoke alarm,Carbon monoxide alarm,Wifi,Kitchen,Refrigerator,Dishes and silverware,Coffee maker,Patio or balcony,Free parking on premises,Free street parking,Self check-in,Lockbox",85.0,0,26.0,119.0,4.96,4.9,4.9,4.9,17445.0,170.1,0.249,0.249,5.7,91.0,44.3,2365.0,200.2,0.111,south_lake_tahoe,17,1289.925,1,0,0,365
7109703,Entire home,entire_home,38.9465,-119.9523,5.0,2,5.0,1.5,0,0,0,0,30,"Bathtub,Hair dryer,Cleaning products,Shampoo,Conditioner,Body soap,Hot water,Shower gel,Washer,Dryer,Hangers,Bed linens,Extra pillows and blankets,Iron,Clothing storage,TV,Game console,Children’s books and toys,Board games,Indoor fireplace,Ceiling fan,Portable fans,Heating,Exterior security cameras on property,Smoke alarm,Carbon monoxide alarm,Fire extinguisher,First aid kit,Wifi,Dedicated workspace,Kitchen,Refrigerator,Microwave,Cooking basics,Dishes and silverware,Freezer,Dishwasher,Stove,Oven,Coffee maker,Wine glasses,Toaster,Baking sheet,Blender,Rice maker,Barbecue utensils,Coffee,Backyard,Outdoor furniture,Outdoor dining area,BBQ grill,Beach essentials,Bikes,Free parking on premises,Free street parking,Hot tub,EV charger,Long term stays allowed,Self check-in,Smart lock,Cleaning before checkout",4186.0,,17.0,1.0,4.83,,,,1435.0,149.2,0.027,0.034,2.0,10.0,3.9,0.0,155.5,0.0,south_lake_tahoe,61,124.33333333333333,1,0,0,365
52092,Entire rental unit,entire_home,38.9077,-77.02431,4.0,2,2.0,1.0,0,0,0,0,31.0,"TV,Blender,Wifi,Air conditioning,Kitchen,Room-darkening shades,Portable fans,Hot water,Bed linens,Extra pillows and blankets,Microwave,Cleaning products,Coffee maker,Refrigerator,Dishwasher,Dishes and silverware,Heating,Cooking basics,Oven,Clothing storage,Stove,Washer,Dryer,Smoke alarm,Shower gel,Carbon monoxide alarm,Patio or balcony,Fire extinguisher,Essentials,Long term stays allowed,Hangers,Dining table,Dedicated workspace,Freezer,Toaster,Bathtub",0.0,,42.0,197.0,4.35,4.5,4.6,4.5,734.0,95.0,0.027,0.046,10.0,10.0,2.0,0.0,99.5,0.0,washington,36,79.16666666666667,1,1,1,90
62122,Entire townhouse,entire_home,38.92238,-77.04709,3.0,2,2.0,1.0,1,0,0,1,5.0,"Wifi,Garden view,Hair dryer,Shampoo,Hot water,Washer,Dryer,Essentials,Hangers,Bed linens,Extra pillows and blankets,Iron,Clothing storage,TV,Crib,Pack ’n play/Travel crib,Children’s books and toys,Children’s dinnerware,Air conditioning,Air conditioning,Heating,Smoke alarm,Wifi,Dedicated workspace,Kitchen,Refrigerator,Cooking basics,Dishes and silverware,Coffee maker,Patio or balcony,Outdoor furniture,Outdoor dining area,Free parking on premises,Self check-in,Keypad",87.0,0.0,17.0,193.0,4.87,4.7,5.0,4.9,31032.0,111.3,0.671,0.904,4.6,245.0,76.0,9981.0,118.1,0.833,washington,35,2272.375,1,1,1,90
67483,Entire guest suite,entire_home,38.9346,-77.0298,3.0,1,2.0,1.0,0,0,0,0,31.0,"Bathtub,Hair dryer,Shampoo,Hot water,Essentials,Hangers,Iron,Air conditioning,Portable fans,Heating,Smoke alarm,Wifi,Dedicated workspace,Microwave,Dishes and silverware,Mini fridge,Freezer,Hot water kettle,Coffee maker,Laundromat nearby,Free parking on premises,Free street parking,Pets allowed,Luggage dropoff allowed,Long term stays allowed,Self check-in,Lockbox",3580.0,,5.0,165.0,4.52,4.5,4.6,4.5,8830.0,98.0,0.277,0.351,7.8,101.0,24.2,115.0,112.6,0.011,washington,27,824.8333333333334,1,1,1,90
196429,Entire guest suite,entire_home,38.96923,-77.02041,3.0,1,2.0,1.0,0,0,0,0,31.0,"Bathtub,Hair dryer,Shampoo,Hot water,Washer,Dryer,Essentials,Hangers,Iron,Air conditioning,Heating,Smoke alarm,Carbon monoxide alarm,Fire extinguisher,First aid kit,Wifi,Kitchen,Refrigerator,Microwave,Cooking basics,Dishes and silverware,Stove,Oven,Private entrance,Patio or balcony,Backyard,Free street parking,Gym,Pets allowed,Luggage dropoff allowed,Long term stays allowed,Self check-in,Lockbox,Cleaning before checkout",3581.0,,9.0,5.0,4.2,4.2,4.6,4.2,1513.0,123.0,0.033,0.033,6.0,12.0,4.1,830.0,131.9,0.067,washington,34,123.0,1,1,1,90
201116,Entire rental unit,entire_home,38.97413,-77.02051,2.0,1,2.0,1.0,0,0,0,0,28.0,"Washer,Dryer,TV,Air conditioning,Heating,Wifi,Dedicated workspace,Kitchen,Refrigerator,Coffee maker,Pets allowed",1378.0,,5.0,229.0,4.48,4.4,4.8,4.6,3068.0,65.1,0.14,0.213,25.5,51.0,8.4,0.0,62.6,0.0,washington,11,276.675,1,1,1,90
290001,Entire townhouse,entire_home,38.91001,-77.02563,2.0,1,1.0,1.0,1,0,0,1,2.0,"Hair dryer,Cleaning products,Shampoo,Conditioner,Body soap,Hot water,Shower gel,Washer,Dryer,Essentials,Hangers,Bed linens,Extra pillows and blankets,Iron,Clothing storage,Books and reading material,Air conditioning,Ceiling fan,Heating,Heating,Smoke alarm,Carbon monoxide alarm,Fire extinguisher,Wifi,Dedicated workspace,Kitchen,Refrigerator,Microwave,Cooking basics,Dishes and silverware,Freezer,Dishwasher,Stove,Oven,Hot water kettle,Coffee maker,Wine glasses,Toaster,Baking sheet,Barbecue utensils,Dining table,Coffee,Private entrance,Patio or balcony,Backyard,Outdoor furniture,Outdoor dining area,Free street parking,Paid parking off premises,Luggage dropoff allowed,Host greets you",28.0,0.0,28.0,209.0,4.85,4.8,4.9,4.8,46993.0,247.0,0.51,0.555,3.6,186.0,126.5,17452.0,249.0,0.767,washington,51,3828.5,1,1,1,90
296196,Entire rental unit,entire_home,38.91495,-77.03379,4.0,1,2.0,1.0,1,0,0,1,3.0,"Bathtub,Hair dryer,Shampoo,Hot water,Washer,Dryer,Essentials,Hangers,Iron,TV,Window guards,Air conditioning,Heating,Smoke alarm,Fire extinguisher,Wifi,Dedicated workspace,Kitchen,Refrigerator,Microwave,Cooking basics,Dishes and silverware,Oven,Coffee maker,Private entrance,Free street parking,Self check-in,Keypad",0.0,0.0,12.0,132.0,4.92,4.8,5.0,4.9,37648.0,157.1,0.652,0.732,4.2,238.0,103.1,11092.0,167.8,0.733,washington,28,3115.816666666666,1,1,1,90
303723,Entire guest suite,entire_home,38.91611,-77.02662,2.0,1,1.0,1.0,1,0,0,1,2.0,"Hair dryer,Cleaning products,Shampoo,Conditioner,Hot water,Hangers,Bed linens,Extra pillows and blankets,Room-darkening shades,Clothing storage,TV,Books and reading material,Air conditioning,Heating,Smoke alarm,Carbon monoxide alarm,Fire extinguisher,Wifi,Kitchen,Refrigerator,Microwave,Cooking basics,Dishes and silverware,Freezer,Stove,Oven,Hot water kettle,Coffee maker,Wine glasses,Toaster,Trash compactor,Coffee,Private entrance,Patio or balcony,Backyard,Outdoor furniture,Outdoor dining area,Free street parking,Long term stays allowed,Self check-in,Keypad",0.0,0.0,40.0,203.0,4.79,4.8,5.0,4.8,14736.0,172.9,0.225,0.225,4.3,82.0,40.4,7858.0,173.5,0.5,washington,41,1181.4833333333333,1,1,1,90
355527,Entire rental unit,entire_home,38.88408,-77.0035,3.0,1,1.0,1.0,0,0,0,1,2.0,"Hair dryer,Cleaning products,Shampoo,Conditioner,Body soap,Hot water,Shower gel,Washer,Dryer,Essentials,Hangers,Bed linens,Extra pillows and blankets,Room-darkening shades,Iron,Drying rack for clothing,Clothing storage,TV,Books and reading material,Air conditioning,Ceiling fan,Portable fans,Heating,Smoke alarm,Carbon monoxide alarm,Fire extinguisher,First aid kit,Wifi,Dedicated workspace,Kitchen,Refrigerator,Microwave,Cooking basics,Dishes and silverware,Freezer,Dishwasher,Stove,Oven,Hot water kettle,Coffee maker,Wine glasses,Toaster,Coffee,Patio or balcony,Backyard,Outdoor furniture,Outdoor dining area,Paid parking off premises,Single level home,Luggage dropoff allowed,Long term stays allowed,Self check-in,Keypad,Cleaning before checkout",110.0,0.0,5.0,157.0,4.8,4.9,4.9,4.7,12387.0,220.5,0.14,0.244,3.4,51.0,29.7,2698.0,237.9,0.111,washington,54,937.125,1,1,1,90
382111,Entire rental unit,entire_home,38.89099,-76.99458,3.0,1,1.0,1.0,1,0,0,0,2.0,"Hair dryer,Shampoo,Body soap,Hot water,Shower gel,Washer,Dryer,Essentials,Hangers,Bed linens,Extra pillows and blankets,Iron,Clothing storage,TV,Fireplace guards,Air conditioning,Portable fans,Heating,Heating,Exterior security cameras on property,Smoke alarm,Carbon monoxide alarm,Fire extinguisher,First aid kit,Wifi,Dedicated workspace,Kitchen,Refrigerator,Microwave,Cooking basics,Dishes and silverware,Freezer,Dishwasher,Stove,Oven,Hot water kettle,Coffee maker,Wine glasses,Toaster,Coffee,Private entrance,Self check-in,Lockbox",90.0,0.0,19.0,286.0,4.8,4.9,5.0,4.8,14132.0,181.4,0.205,0.217,7.5,75.0,36.5,0.0,0.0,0.0,washington,43,1133.75,1,1,1,90
453315,Entire guest suite,entire_home,38.89538,-76.98648,2.0,1,1.0,1.0,1,0,0,1,2.0,"Bathtub,Hair dryer,Cleaning products,Shampoo,Conditioner,Body soap,Hot water,Shower gel,Essentials,Hangers,Bed linens,Iron,TV,Air conditioning,Heating,Smoke alarm,Carbon monoxide alarm,Fire extinguisher,First aid kit,Wifi,Dedicated workspace,Refrigerator,Microwave,Dishes and silverware,Mini fridge,Hot water kettle,Coffee maker,Wine glasses,Coffee,Private entrance,Free parking on premises,Free street parking,Luggage dropoff allowed,Long term stays allowed,Self check-in,Keypad",25.0,0.0,14.0,1108.0,4.88,4.9,4.8,4.8,26824.0,97.3,0.71,0.797,3.6,259.0,69.1,4545.0,109.2,0.433,washington,36,2100.0583333333334,1,1,1,90
525672,Entire rental unit,entire_home,38.88183,-76.98911,4.0,1,2.0,1.0,1,0,0,0,7.0,"Wifi,Shampoo,Hot water,Washer,Dryer,Essentials,Hangers,Bed linens,Extra pillows and blankets,Iron,TV,Pack ’n play/Travel crib,Air conditioning,Heating,Exterior security cameras on property,Smoke alarm,Carbon monoxide alarm,Fire extinguisher,First aid kit,Wifi,Kitchen,Refrigerator,Microwave,Cooking basics,Dishes and silverware,Dishwasher,Stove,Oven,Coffee maker,Backyard,Free street parking,Long term stays allowed,Self check-in,Lockbox",155.0,0.0,23.0,286.0,4.86,4.9,4.7,4.8,35658.0,193.8,0.43,0.442,5.1,157.0,85.4,13943.0,215.2,0.633,washington,34,2535.55,1,1,1,90
561697,Entire rental unit,entire_home,38.91199,-77.00674,6.0,1,4.0,1.0,1,0,0,0,2.0,"Hair dryer,Shampoo,Hot water,Washer,Dryer,Essentials,Hangers,Bed linens,Iron,TV,Air conditioning,Indoor fireplace,Heating,Exterior security cameras on property,Smoke alarm,Carbon monoxide alarm,Fire extinguisher,Wifi,Kitchen,Refrigerator,Microwave,Cooking basics,Dishes and silverware,Dishwasher,Stove,Oven,Coffee maker,Private entrance,Free street parking,Self check-in,Keypad",125.0,0.0,5.0,385.0,4.75,4.8,4.6,4.8,12188.0,166.2,0.192,0.202,3.7,70.0,28.9,0.0,190.0,0.0,washington,31,969.5,1,1,1,90
563607,Entire rental unit,entire_home,38.91696,-77.03859,2.0,1,1.0,1.0,1,1,0,1,1.0,"Bathtub,Hair dryer,Cleaning products,Shampoo,Conditioner,Body soap,Hot water,Shower gel,Washer,Dryer,Essentials,Hangers,Bed linens,Extra pillows and blankets,Room-darkening shades,Iron,Clothing storage,Ethernet connection,TV,Air conditioning,Ceiling fan,Heating,Smoke alarm,Carbon monoxide alarm,Fire extinguisher,First aid kit,Wifi,Dedicated workspace,Kitchen,Refrigerator,Microwave,Cooking basics,Dishes and silverware,Mini fridge,Freezer,Dishwasher,Stove,Oven,Coffee maker,Wine glasses,Toaster,Coffee,Private entrance,Paid parking off premises,Pets allowed,Long term stays allowed,Self check-in,Smart lock",73.0,0.0,11.0,223.0,4.82,4.7,4.9,4.8,47206.0,209.4,0.605,0.744,6.5,221.0,123.1,6080.0,263.0,0.233,washington,48,3856.4500000000003,1,1,1,90
653172,Entire home,entire_home,41.64987,-73.30262,9.0,5,6.0,3.0,0,0,0,0,6.0,"Bathtub,Hair dryer,Cleaning products,Shampoo,Conditioner,Body soap,Hot water,Shower gel,Washer,Dryer,Essentials,Hangers,Bed linens,Extra pillows and blankets,Room-darkening shades,Iron,Drying rack for clothing,Clothing storage,TV,Sound system,Exercise equipment,Books and reading material,Crib,Children’s books and toys,Children’s dinnerware,Fireplace guards,Board games,Babysitter recommendations,Children’s bikes,Air conditioning,Indoor fireplace,Portable fans,Heating,Smoke alarm,Carbon monoxide alarm,Fire extinguisher,First aid kit,Wifi,Dedicated workspace,Kitchen,Refrigerator,Cooking basics,Dishes and silverware,Freezer,Dishwasher,Stove,Oven,Hot water kettle,Coffee maker,Wine glasses,Toaster,Baking sheet,Blender,Barbecue utensils,Dining table,Coffee,Bread maker,Patio or balcony,Backyard,Outdoor furniture,Outdoor dining area,BBQ grill,Bikes,Sun loungers,Free parking on premises,Pool,Hot tub,Gym,Pets allowed,Luggage dropoff allowed,Long term stays allowed,Self check-in,Lockbox,Cleaning before checkout",250.0,0.0,36.0,29.0,4.96,4.9,4.9,4.7,7300.0,697.3,0.027,0.03,5.0,10.0,18.6,4196.0,679.0,0.067,washington,74,581.0833333333334,1,1,1,90
748316,Entire guesthouse,entire_home,38.89707,-76.9881,2.0,1,1.0,1.0,1,0,0,1,2.0,"Hair dryer,Shampoo,Conditioner,Body soap,Hot water,Shower gel,Essentials,Hangers,Bed linens,Extra pillows and blankets,Room-darkening shades,Iron,Clothing storage,Ethernet connection,TV,Air conditioning,Portable fans,Heating,Smoke alarm,Carbon monoxide alarm,Fire extinguisher,First aid kit,Wifi,Dedicated workspace,Kitchen,Refrigerator,Microwave,Cooking basics,Dishes and silverware,Mini fridge,Stove,Hot water kettle,Coffee maker,Wine glasses,Toaster,Private entrance,Laundromat nearby,Patio or balcony,Backyard,Outdoor furniture,Outdoor dining area,Bikes,Free street parking,Single level home,Luggage dropoff allowed,Self check-in,Keypad",50.0,0.0,16.0,804.0,4.88,4.9,4.8,4.9,28445.0,138.4,0.523,0.523,4.8,191.0,73.5,8836.0,151.4,0.622,washington,47,2202.866666666667,1,1,1,90
794213,Entire townhouse,entire_home,38.92479,-77.04149,5.0,2,3.0,2.0,1,0,0,0,1.0,"Bathtub,Hair dryer,Shampoo,Body soap,Hot water,Shower gel,Dryer,Essentials,Hangers,Iron,Air conditioning,Heating,Smoke alarm,Carbon monoxide alarm,Fire extinguisher,Wifi,Kitchen,Refrigerator,Dishes and silverware,Free street parking,Luggage dropoff allowed,Long term stays allowed,Self check-in,Keypad",59.0,0.0,8.0,317.0,4.59,4.7,4.8,4.5,15935.0,197.8,0.205,0.205,4.7,75.0,41.4,7513.0,207.6,0.4,washington,24,1236.25,1,1,1,90
855587,Entire rental unit,entire_home,38.9138,-77.0407,2.0,2,3.0,0.0,1,0,0,1,8.0,"Hair dryer,Shampoo,Hot water,Washer,Dryer,Essentials,Hangers,Bed linens,Extra pillows and blankets,Room-darkening shades,Iron,Clothing storage,TV,Books and reading material,Air conditioning,Heating,Smoke alarm,Carbon monoxide alarm,Fire extinguisher,Wifi,Kitchen,Refrigerator,Microwave,Cooking basics,Dishes and silverware,Dishwasher,Stove,Oven,Coffee maker,Private entrance,Luggage dropoff allowed,Long term stays allowed,Self check-in,Lockbox",185.0,25.0,20.0,7.0,5.0,5.0,5.0,5.0,26170.0,161.5,0.403,0.498,5.7,147.0,60.0,0.0,190.7,0.0,washington,34,1978.375,1,1,1,90
883653,Entire townhouse,entire_home,38.9356,-77.04468,7.0,4,4.0,3.5,0,0,0,1,4.0,"Bathtub,Hair dryer,Cleaning products,Shampoo,Conditioner,Body soap,Hot water,Shower gel,Washer,Dryer,Essentials,Hangers,Bed linens,Extra pillows and blankets,Room-darkening shades,Iron,Clothing storage,Ethernet connection,TV,Game console,Books and reading material,Children’s books and toys,Children’s dinnerware,Board games,Babysitter recommendations,Children's playroom,Air conditioning,Indoor fireplace,Heating,Heating,Exterior security cameras on property,Smoke alarm,Carbon monoxide alarm,Fire extinguisher,First aid kit,Wifi,Dedicated workspace,Kitchen,Refrigerator,Microwave,Cooking basics,Dishes and silverware,Freezer,Dishwasher,Stove,Oven,Hot water kettle,Coffee maker,Wine glasses,Toaster,Baking sheet,Blender,Barbecue utensils,Dining table,Coffee,Private entrance,Laundromat nearby,Patio or balcony,Backyard,Fire pit,Outdoor furniture,Outdoor dining area,BBQ grill,Free parking on premises,Free street parking,Luggage dropoff allowed,Self check-in,Keypad",125.0,0.0,5.0,41.0,4.93,4.9,4.9,4.6,4208.0,329.5,0.033,0.033,12.0,12.0,11.2,0.0,0.0,0.0,washington,68,329.5,1,1,1,90
886283,Entire rental unit,entire_home,38.94492,-77.09234,2.0,1,1.0,1.0,0,0,0,0,30.0,"Hair dryer,Shampoo,Hot water,Washer,Dryer,Essentials,Hangers,Bed linens,Iron,TV,Air conditioning,Heating,Smoke alarm,Carbon monoxide alarm,Wifi,Kitchen,Refrigerator,Microwave,Cooking basics,Dishes and silverware,Dishwasher,Stove,Coffee maker,Private entrance,Free street parking",1587.0,0.0,8.0,59.0,4.62,4.8,4.8,4.6,12192.0,84.2,0.356,0.722,43.3,130.0,33.4,0.0,67.0,0.0,washington,25,912.1666666666666,1,1,1,90
892183,Entire home,entire_home,38.90746,-77.02716,10.0,4,5.0,2.5,0,0,0,0,2.0,"Bathtub,Hair dryer,Cleaning products,Hot water,Washer,Dryer,Essentials,Hangers,Bed linens,Extra pillows and blankets,Iron,Clothing storage,TV,Piano,Pack ’n play/Travel crib,Children’s books and toys,High chair,Board games,Air conditioning,Ceiling fan,Portable fans,Heating,Exterior security cameras on property,Smoke alarm,Carbon monoxide alarm,Fire extinguisher,Wifi,Kitchen,Refrigerator,Microwave,Cooking basics,Dishes and silverware,Dishwasher,Stove,Oven,Hot water kettle,Coffee maker,Wine glasses,Toaster,Dining table,Private entrance,BBQ grill,Free parking on premises,Free street parking,Luggage dropoff allowed,Long term stays allowed,Self check-in,Keypad,Cleaning before checkout",200.0,0.0,20.0,285.0,4.63,4.7,4.8,4.6,105238.0,612.6,0.433,0.483,4.0,158.0,266.4,13746.0,664.6,0.211,washington,49,8065.900000000001,1,1,1,90
932015,Entire rental unit,entire_home,38.88198,-76.98665,2.0,1,2.0,1.0,0,0,0,0,10.0,"Bathtub,Hair dryer,Hot water,Washer,Dryer,Essentials,Hangers,Bed linens,Extra pillows and blankets,Iron,Clothing storage,TV,Air conditioning,Heating,Smoke alarm,Carbon monoxide alarm,Fire extinguisher,Wifi,Dedicated workspace,Kitchen,Refrigerator,Microwave,Cooking basics,Dishes and silverware,Freezer,Dishwasher,Stove,Oven,Hot water kettle,Coffee maker,Toaster,Baking sheet,Blender,Dining table,Coffee,Private entrance,Laundromat nearby,Backyard,Outdoor furniture,BBQ grill,Luggage dropoff allowed,Long term stays allowed,Self check-in,Keypad",50.0,,5.0,55.0,4.22,4.2,4.5,4.2,2021.0,77.9,0.049,0.094,3.6,18.0,5.0,2021.0,99.5,0.2,washington,44,116.85000000000001,1,1,1,90
1063286,Entire rental unit,entire_home,38.92094,-77.07698,3.0,1,1.0,1.0,0,0,0,0,1.0,"Hair dryer,Cleaning products,Shampoo,Conditioner,Body soap,Bidet,Hot water,Shower gel,Washer,Dryer,Hangers,Bed linens,Extra pillows and blankets,Iron,Clothing storage,Air conditioning,Portable fans,Heating,Smoke alarm,Carbon monoxide alarm,Fire extinguisher,First aid kit,Wifi,Dedicated workspace,Kitchen,Refrigerator,Microwave,Cooking basics,Dishes and silverware,Dishwasher,Oven,Coffee maker,Toaster,Dining table,Coffee,Private entrance,Free parking on premises,Free street parking,Single level home,Long term stays allowed,Self check-in,Smart lock",100.0,0.0,5.0,6.0,4.0,4.2,4.3,4.3,16738.0,146.2,0.293,0.552,6.7,107.0,41.7,2704.0,157.3,0.167,washington,42,1303.6166666666666,1,1,1,90
1092713,Entire rental unit,entire_home,38.90989,-77.04602,6.0,1,3.0,1.0,0,0,0,0,1.0,"Bathtub,Hair dryer,Cleaning products,Shampoo,Hot water,Shower gel,Washer,Dryer,Essentials,Hangers,Bed linens,Extra pillows and blankets,Room-darkening shades,Iron,Clothing storage,TV,Pack ’n play/Travel crib,Air conditioning,Heating,Exterior security cameras on property,Smoke alarm,Fire extinguisher,First aid kit,Wifi,Dedicated workspace,Kitchen,Refrigerator,Microwave,Cooking basics,Dishes and silverware,Freezer,Dishwasher,Stove,Oven,Hot water kettle,Coffee maker,Wine glasses,Toaster,Baking sheet,Dining table,Private entrance,Paid parking on premises,Single level home,Luggage dropoff allowed,Self check-in,Lockbox",80.0,0.0,24.0,486.0,4.56,4.6,4.9,4.5,33794.0,198.8,0.441,0.475,4.4,161.0,85.4,7581.0,239.9,0.322,washington,46,2667.2333333333336,1,1,1,90
1297417,Entire rental unit,entire_home,38.91351,-77.03112,3.0,1,2.0,1.0,1,0,0,1,3.0,"Washer,Dryer,TV,Air conditioning,Heating,Smoke alarm,Wifi,Kitchen",0.0,0.0,15.0,19.0,4.89,4.9,5.0,4.8,19122.0,202.8,0.263,0.283,5.1,96.0,52.4,6352.0,221.4,0.322,washington,8,1622.4000000000003,1,1,1,90
1433344,Entire townhouse,entire_home,38.88197,-76.99537,6.0,3,3.0,3.0,1,0,0,1,3.0,"Hair dryer,Shampoo,Hot water,Washer,Dryer,Essentials,Hangers,Bed linens,Extra pillows and blankets,Iron,TV,Crib,Pack ’n play/Travel crib,Children’s books and toys,High chair,Children’s dinnerware,Outlet covers,Baby safety gates,Air conditioning,Heating,Smoke alarm,Carbon monoxide alarm,Fire extinguisher,First aid kit,Wifi,Kitchen,Refrigerator,Microwave,Cooking basics,Dishes and silverware,Dishwasher,Stove,Oven,Coffee maker,Private entrance,Patio or balcony,Backyard,BBQ grill,Free street parking,Luggage dropoff allowed,Self check-in,Keypad",200.0,0.0,5.0,122.0,4.86,4.9,5.0,4.8,106186.0,431.9,0.608,0.608,5.2,222.0,267.4,37986.0,477.1,0.811,washington,42,7990.149999999999,1,1,1,90
1488282,Entire rental unit,entire_home,38.93441,-77.02773,7.0,2,3.0,1.0,0,0,0,0,2.0,"Hair dryer,Shampoo,Conditioner,Body soap,Hot water,Washer,Dryer,Essentials,Hangers,Bed linens,Extra pillows and blankets,Iron,Ethernet connection,TV,Crib,Pack ’n play/Travel crib,Children’s books and toys,Air conditioning,Heating,Exterior security cameras on property,Smoke alarm,Carbon monoxide alarm,Fire extinguisher,First aid kit,Wifi,Kitchen,Refrigerator,Microwave,Cooking basics,Dishes and silverware,Dishwasher,Stove,Oven,Coffee maker,Private entrance,Backyard,Free street parking,Pets allowed,Luggage dropoff allowed,Self check-in,Smart lock",100.0,0.0,12.0,657.0,4.74,4.7,4.8,4.7,64865.0,201.1,0.767,0.789,3.6,280.0,157.4,18354.0,232.0,0.767,washington,41,4692.333333333333,1,1,1,90
1520425,Entire home,entire_home,38.90576,-76.98986,9.0,4,5.0,3.5,0,0,0,0,2.0,"Bathtub,Hair dryer,Cleaning products,Shampoo,Conditioner,Body soap,Hot water,Shower gel,Washer,Dryer,Essentials,Hangers,Bed linens,Extra pillows and blankets,Iron,Drying rack for clothing,Clothing storage,Ethernet connection,Books and reading material,Crib,Children’s books and toys,Baby bath,Outlet covers,Table corner guards,Air conditioning,Ceiling fan,Portable fans,Heating,Exterior security cameras on property,Smoke alarm,Carbon monoxide alarm,Fire extinguisher,First aid kit,Wifi,Dedicated workspace,Kitchen,Refrigerator,Microwave,Cooking basics,Dishes and silverware,Freezer,Dishwasher,Stove,Oven,Hot water kettle,Coffee maker,Wine glasses,Toaster,Baking sheet,Blender,Rice maker,Dining table,Coffee,Private entrance,Patio or balcony,Free parking on premises,Free street parking,Long term stays allowed,Self check-in,Lockbox",259.0,0.0,23.0,174.0,4.73,4.8,4.5,4.6,61949.0,399.1,0.373,0.373,3.8,136.0,147.7,19549.0,475.5,0.378,washington,60,4523.133333333334,1,1,1,90
1588843,Entire rental unit,entire_home,38.90609,-76.98975,4.0,1,2.0,1.0,0,0,0,0,2.0,"Bathtub,Hair dryer,Shampoo,Hot water,Washer,Dryer,Essentials,Hangers,Iron,Air conditioning,Heating,Exterior security cameras on property,Smoke alarm,Carbon monoxide alarm,Fire extinguisher,First aid kit,Wifi,Dedicated workspace,Kitchen,Cooking basics,Dishes and silverware,Coffee maker,Private entrance,Free parking on premises,Free street parking,Self check-in,Lockbox",50.0,0.0,11.0,89.0,4.45,4.7,4.0,4.4,5719.0,110.9,0.118,0.143,3.6,43.0,14.2,2301.0,136.4,0.167,washington,27,397.39166666666665,1,1,1,90
1628328,Entire rental unit,entire_home,38.9126,-77.01748,4.0,1,2.0,1.0,1,0,0,1,2.0,"Hair dryer,Cleaning products,Shampoo,Conditioner,Body soap,Hot water,Shower gel,Washer,Dryer,Essentials,Hangers,Bed linens,Extra pillows and blankets,Iron,Clothing storage,TV,Exercise equipment,Books and reading material,Pack ’n play/Travel crib,Outlet covers,Air conditioning,Portable fans,Heating,Exterior security cameras on property,Smoke alarm,Carbon monoxide alarm,Fire extinguisher,Wifi,Dedicated workspace,Kitchen,Refrigerator,Microwave,Cooking basics,Dishes and silverware,Freezer,Dishwasher,Stove,Oven,Hot water kettle,Coffee maker,Wine glasses,Toaster,Coffee,Private entrance,Laundromat nearby,Patio or balcony,Backyard,Outdoor furniture,Outdoor dining area,Free parking on premises,Free street parking,Luggage dropoff allowed,Long term stays allowed,Self check-in,Smart lock",65.0,10.0,5.0,560.0,4.93,5.0,4.8,4.9,24719.0,161.3,0.367,0.493,3.3,134.0,61.5,11055.0,178.3,0.644,washington,55,1801.1833333333334,1,1,1,90
1667080,Entire guest suite,entire_home,38.90438,-77.00177,2.0,1,1.0,1.0,1,0,0,1,2.0,"Hair dryer,Cleaning products,Shampoo,Conditioner,Body soap,Hot water,Shower gel,Washer,Dryer,Essentials,Hangers,Bed linens,Extra pillows and blankets,Iron,Clothing storage,TV,Books and reading material,Pack ’n play/Travel crib,Children’s books and toys,Outlet covers,Board games,Air conditioning,Heating,Smoke alarm,Carbon monoxide alarm,Fire extinguisher,First aid kit,Wifi,Dedicated workspace,Kitchen,Refrigerator,Microwave,Cooking basics,Dishes and silverware,Freezer,Dishwasher,Stove,Oven,Hot water kettle,Coffee maker,Wine glasses,Toaster,Dining table,Coffee,Private entrance,Paid parking off premises,Single level home,Long term stays allowed,Self check-in,Keypad",1.0,0.0,12.0,390.0,4.9,4.9,4.8,4.8,31258.0,120.9,0.696,0.841,4.4,254.0,85.5,9252.0,128.4,0.8,washington,50,2559.05,1,1,1,90
1750913,Entire home,entire_home,38.8967,-77.0008,6.0,3,3.0,2.5,1,0,0,1,4.0,"Hair dryer,Cleaning products,Shampoo,Conditioner,Body soap,Hot water,Shower gel,Washer,Dryer,Essentials,Hangers,Bed linens,Extra pillows and blankets,Iron,Clothing storage,TV,Books and reading material,Children’s books and toys,Board games,Air conditioning,Ceiling fan,Heating,Smoke alarm,Carbon monoxide alarm,Wifi,Dedicated workspace,Kitchen,Refrigerator,Microwave,Cooking basics,Dishes and silverware,Freezer,Dishwasher,Stove,Oven,Hot water kettle,Coffee maker,Wine glasses,Toaster,Baking sheet,Blender,Dining table,Coffee,Private entrance,Backyard,Outdoor furniture,Outdoor dining area,Free street parking,Luggage dropoff allowed,Self check-in,Lockbox",215.0,0.0,46.0,31.0,4.97,4.8,5.0,4.8,6867.0,238.3,0.066,0.066,4.8,24.0,15.9,0.0,0.0,0.0,washington,51,476.6000000000001,1,1,1,90
1824864,Entire rental unit,entire_home,38.8986,-76.9877,3.0,2,2.0,1.0,1,0,0,1,2.0,"Wifi,Bathtub,Hair dryer,Cleaning products,Conditioner,Hot water,Shower gel,Washer,Dryer,Essentials,Hangers,Bed linens,Extra pillows and blankets,Iron,Clothing storage,TV,Books and reading material,Air conditioning,Ceiling fan,Portable fans,Heating,Smoke alarm,Carbon monoxide alarm,Wifi,Dedicated workspace,Microwave,Cooking basics,Dishes and silverware,Mini fridge,Stove,Hot water kettle,Coffee maker,Wine glasses,Toaster,Dining table,Coffee,Private entrance,Laundromat nearby,Patio or balcony,Outdoor furniture,Outdoor dining area,Free street parking,Pets allowed,Luggage dropoff allowed,Long term stays allowed,Self check-in,Lockbox",75.0,0.0,54.0,261.0,4.94,5.0,4.9,4.9,17717.0,160.7,0.258,0.258,3.0,94.0,42.8,7593.0,174.1,0.422,washington,47,1258.8166666666666,1,1,1,90
1860120,Entire guest suite,entire_home,38.94334,-77.01426,2.0,1,1.0,1.0,0,0,0,1,2.0,"Hair dryer,Shampoo,Conditioner,Hot water,Shower gel,Washer,Dryer,Essentials,Hangers,Bed linens,Extra pillows and blankets,Iron,Clothing storage,TV,Books and reading material,Board games,Baby safety gates,Air conditioning,Heating,Exterior security cameras on property,Smoke alarm,Carbon monoxide alarm,Fire extinguisher,First aid kit,Wifi,Dedicated workspace,Refrigerator,Microwave,Dishes and silverware,Mini fridge,Hot water kettle,Coffee maker,Toaster,Coffee,Private entrance,Patio or balcony,Backyard,Outdoor furniture,Outdoor dining area,Free parking on premises,Free street parking,Pets allowed,Luggage dropoff allowed,Self check-in,Keypad",81.0,0.0,25.0,235.0,4.9,5.0,4.8,4.8,15049.0,111.2,0.288,0.288,4.0,105.0,35.7,8572.0,125.3,0.644,washington,45,973.0,1,1,1,90
1936134,Entire rental unit,entire_home,38.95442,-77.07159,3.0,1,2.0,1.0,1,0,0,1,3.0,"Hair dryer,Cleaning products,Shampoo,Conditioner,Body soap,Hot water,Shower gel,Washer,Dryer,Essentials,Hangers,Bed linens,Extra pillows and blankets,Room-darkening shades,Iron,Clothing storage,TV,Air conditioning,Portable fans,Heating,Exterior security cameras on property,Smoke alarm,Carbon monoxide alarm,Fire extinguisher,Wifi,Kitchen,Refrigerator,Microwave,Cooking basics,Dishes and silverware,Freezer,Stove,Hot water kettle,Coffee maker,Wine glasses,Toaster,Blender,Dining table,Private entrance,Patio or balcony,Backyard,Outdoor furniture,Free parking on premises,Pets allowed,Luggage dropoff allowed,Self check-in,Keypad,Cleaning before checkout",150.0,0.0,17.0,296.0,4.95,5.0,5.0,4.9,55725.0,181.3,0.753,0.775,5.0,275.0,136.6,11937.0,184.4,0.611,washington,48,4154.791666666667,1,1,1,90
2241400,Entire guest suite,entire_home,38.9136,-77.02838,2.0,1,1.0,1.0,1,0,0,0,28.0,"Hair dryer,Cleaning products,Shampoo,Conditioner,Body soap,Hot water,Essentials,Hangers,Bed linens,Extra pillows and blankets,Iron,Drying rack for clothing,Clothing storage,TV,Game console,Air conditioning,Ceiling fan,Heating,Smoke alarm,Carbon monoxide alarm,Fire extinguisher,Wifi,Kitchen,Refrigerator,Microwave,Cooking basics,Dishes and silverware,Freezer,Stove,Hot water kettle,Coffee maker,Wine glasses,Toaster,Dining table,Coffee,Private entrance,Laundromat nearby,Long term stays allowed,Self check-in,Lockbox",0.0,,28.0,87.0,4.9,4.9,4.9,4.8,4732.0,64.2,0.178,0.199,21.7,65.0,13.0,0.0,62.6,0.0,washington,40,347.75,1,1,1,90
2259215,Entire rental unit,entire_home,38.92462,-77.03579,6.0,2,3.0,2.0,0,0,0,0,5.0,"Bathtub,Hair dryer,Shampoo,Hot water,Washer,Dryer,Essentials,Hangers,Bed linens,Iron,TV,Pack ’n play/Travel crib,Fireplace guards,Air conditioning,Indoor fireplace,Heating,Exterior security cameras on property,Smoke alarm,Carbon monoxide alarm,Fire extinguisher,First aid kit,Wifi,Dedicated workspace,Kitchen,Refrigerator,Microwave,Cooking basics,Dishes and silverware,Dishwasher,Stove,Oven,Coffee maker,Private entrance,Patio or balcony,BBQ grill,Paid parking on premises,Long term stays allowed,Self check-in,Keypad",210.0,0.0,52.0,231.0,4.49,4.6,4.6,4.5,40014.0,313.9,0.296,0.308,4.9,108.0,97.5,9800.0,387.1,0.222,washington,39,2825.1,1,1,1,90
2318183,Entire rental unit,entire_home,38.93443,-77.03307,2.0,1,1.0,1.0,0,0,0,0,2.0,"TV,Host greets you,Wifi,Air conditioning,Kitchen,Hot water kettle,Hot water,Bed linens,Extra pillows and blankets,Free street parking,Microwave,Cleaning products,Coffee maker,Refrigerator,Dishes and silverware,Heating,Cooking basics,Clothing storage,Stove,Wine glasses,Smoke alarm,Shower gel,Carbon monoxide alarm,Fire extinguisher,Essentials,Hangers,Hair dryer,Iron,Dedicated workspace,Self check-in,Lockbox,Toaster",100.0,20.0,17.0,52.0,4.9,4.9,4.7,4.8,5009.0,147.9,0.088,0.092,2.3,32.0,12.6,0.0,143.8,0.0,washington,32,394.40000000000003,1,1,1,90
2340172,Entire rental unit,entire_home,38.87172,-76.97188,7.0,2,2.0,1.0,0,0,0,1,2.0,"Bathtub,Hair dryer,Cleaning products,Shampoo,Conditioner,Body soap,Bidet,Hot water,Shower gel,Washer,Dryer,Essentials,Hangers,Bed linens,Extra pillows and blankets,Room-darkening shades,Iron,Drying rack for clothing,Clothing storage,Ethernet connection,TV,Books and reading material,Pack ’n play/Travel crib,Children’s books and toys,High chair,Baby bath,Children’s dinnerware,Board games,Air conditioning,Ceiling fan,Portable fans,Heating,Exterior security cameras on property,Smoke alarm,Carbon monoxide alarm,Fire extinguisher,First aid kit,Wifi,Dedicated workspace,Kitchen,Refrigerator,Microwave,Cooking basics,Dishes and silverware,Freezer,Dishwasher,Stove,Oven,Hot water kettle,Coffee maker,Wine glasses,Toaster,Baking sheet,Blender,Barbecue utensils,Dining table,Coffee,Private entrance,Patio or balcony,Backyard,Fire pit,Outdoor furniture,Outdoor dining area,BBQ grill,Free parking on premises,Free street parking,Sauna,EV charger,Single level home,Pets allowed,Luggage dropoff allowed,Long term stays allowed,Self check-in,Smart lock,Cleaning before checkout",116.0,0.0,39.0,109.0,4.97,5.0,4.8,4.9,8764.0,256.9,0.082,0.095,10.0,30.0,23.1,6090.0,278.9,0.233,washington,75,642.2499999999999,1,1,1,90
2516656,Entire home,entire_home,38.91175,-77.02832,6.0,3,3.0,2.5,0,0,0,0,31.0,"Hair dryer,Shampoo,Hot water,Washer,Dryer,TV,Air conditioning,Indoor fireplace,Heating,Smoke alarm,Wifi,Kitchen,Free street parking,Pets allowed,Self check-in,Lockbox",11590.0,,62.0,181.0,4.94,4.9,5.0,4.8,15134.0,381.7,0.11,0.11,4.0,40.0,41.5,362.0,375.8,0.011,washington,16,1272.3333333333333,1,1,1,90
2543133,Entire home,entire_home,38.92365,-76.99386,6.0,3,6.0,2.5,1,0,0,0,2.0,"Hair dryer,Hot water,Washer,Dryer,Essentials,Hangers,Iron,TV,Ping pong table,Children’s books and toys,Board games,Children's playroom,Air conditioning,Heating,Exterior security cameras on property,Smoke alarm,Carbon monoxide alarm,Fire extinguisher,Wifi,Dedicated workspace,Kitchen,Refrigerator,Microwave,Cooking basics,Dishes and silverware,Dishwasher,Coffee maker,Blender,Private entrance,Patio or balcony,Backyard,Fire pit,Outdoor furniture,Outdoor dining area,BBQ grill,Free parking on premises,Self check-in,Keypad,Cleaning before checkout",75.0,0.0,20.0,62.0,4.71,4.7,4.6,4.6,19053.0,336.1,0.153,0.22,8.0,56.0,51.2,1472.0,358.5,0.044,washington,39,1568.466666666667,1,1,1,90
2551952,Entire rental unit,entire_home,38.92245,-77.04053,4.0,2,3.0,2.0,1,0,0,1,3.0,"Bathtub,Hair dryer,Cleaning products,Shampoo,Conditioner,Body soap,Hot water,Washer,Dryer,Essentials,Hangers,Bed linens,Extra pillows and blankets,Room-darkening shades,Iron,Clothing storage,TV,Books and reading material,Crib,Pack ’n play/Travel crib,Children’s books and toys,Children’s dinnerware,Air conditioning,Indoor fireplace,Heating,Smoke alarm,Carbon monoxide alarm,Fire extinguisher,Wifi,Dedicated workspace,Kitchen,Refrigerator,Microwave,Cooking basics,Dishes and silverware,Freezer,Dishwasher,Stove,Oven,Hot water kettle,Coffee maker,Wine glasses,Toaster,Baking sheet,Blender,Dining table,Coffee,Private entrance,Patio or balcony,Outdoor furniture,Single level home,Luggage dropoff allowed,Long term stays allowed,Host greets you",75.0,0.0,35.0,233.0,4.98,5.0,5.0,5.0,43799.0,365.9,0.296,0.296,3.6,108.0,114.2,18746.0,428.1,0.467,washington,54,3293.1,1,1,1,90
2622950,Entire home,entire_home,38.923942,-77.024759,5.0,3,3.0,1.5,0,0,0,0,2.0,"Bathtub,Shampoo,Conditioner,Body soap,Hot water,Shower gel,Essentials,Hangers,Bed linens,Clothing storage,TV,Books and reading material,Air conditioning,Ceiling fan,Heating,Smoke alarm,Carbon monoxide alarm,Fire extinguisher,Wifi,Kitchen,Refrigerator,Microwave,Cooking basics,Dishes and silverware,Freezer,Dishwasher,Stove,Oven,Hot water kettle,Coffee maker,Wine glasses,Toaster,Dining table,Backyard,Fire pit,Outdoor furniture,Outdoor dining area,BBQ grill,Self check-in,Smart lock",100.0,0.0,35.0,85.0,4.67,4.8,4.5,4.6,42668.0,314.5,0.329,0.363,2.9,120.0,106.8,6247.0,320.6,0.2,washington,40,3145.0,1,1,1,90
2808417,Entire apartment,entire_home,38.91811,-77.03576,1.0,1,1.0,1.0,0,0,0,0,90.0,"Hair dryer,Shampoo,Hot water,Washer,Dryer,Essentials,Hangers,TV,Air conditioning,Heating,Smoke alarm,Carbon monoxide alarm,Fire extinguisher,Wifi,Kitchen,Refrigerator,Microwave,Cooking basics,Dishes and silverware,Dishwasher,Stove,Oven,Coffee maker,Free street parking,Luggage dropoff allowed",0.0,,20.0,89.0,4.96,5.0,4.9,4.8,8230.0,109.0,0.208,0.259,9.0,76.0,22.5,5400.0,108.6,0.556,washington,25,690.3333333333334,1,1,1,90
3033148,Entire rental unit,entire_home,38.90167,-77.05468,2.0,1,1.0,1.0,0,0,0,0,31.0,"Bathtub,Shampoo,Conditioner,Body soap,Hot water,Washer,Dryer,Essentials,Air conditioning,Heating,Kitchen,Patio or balcony,BBQ grill,Pool,Hot tub,Elevator,Gym,Doorman,Self check-in,Building staff",0.0,,14.0,13.0,4.54,4.6,5.0,4.5,1023.0,84.6,0.033,0.033,12.0,12.0,2.8,1023.0,84.6,0.133,washington,20,84.6,1,1,1,90
3119991,Entire rental unit,entire_home,38.91969,-76.987264,2.0,1,1.0,1.0,0,0,0,0,31.0,"Wifi,Hair dryer,Cleaning products,Shampoo,Body soap,Hot water,Essentials,Hangers,Bed linens,Extra pillows and blankets,Iron,Clothing storage,TV,Books and reading material,Air conditioning,Heating,Smoke alarm,Carbon monoxide alarm,Fire extinguisher,First aid kit,Wifi,Dedicated workspace,Kitchen,Refrigerator,Microwave,Cooking basics,Dishes and silverware,Mini fridge,Freezer,Stove,Hot water kettle,Coffee maker,Wine glasses,Barbecue utensils,Dining table,Private entrance,Laundromat nearby,Backyard,BBQ grill,Bikes,Free parking on premises,Free street parking,Luggage dropoff allowed,Long term stays allowed,Self check-in,Keypad,Cleaning before checkout",2238.0,20.0,30.0,49.0,4.59,4.9,3.8,4.3,4969.0,79.5,0.173,0.196,31.5,63.0,13.6,0.0,82.1,0.0,washington,47,417.375,1,1,1,90
3136813,Entire guest suite,entire_home,38.90982,-77.03225,3.0,1,2.0,1.0,1,0,0,0,3.0,"TV,Wifi,Air conditioning,Kitchen,Room-darkening shades,Paid parking off premises,Hot water,Bed linens,Extra pillows and blankets,Ethernet connection,Outdoor furniture,Microwave,Cleaning products,Coffee maker,Refrigerator,Dishwasher,Dishes and silverware,Heating,Cooking basics,Oven,Coffee,Clothing storage,Stove,Washer,Dryer,Single level home,Smoke alarm,Carbon monoxide alarm,Patio or balcony,First aid kit,Backyard,Fire extinguisher,Luggage dropoff allowed,Essentials,Long term stays allowed,Shampoo,Hangers,Dining table,Hair dryer,Iron,Dedicated workspace,Self check-in,Freezer,Lockbox,Private entrance",75.0,0.0,36.0,351.0,4.69,4.7,5.0,4.7,10929.0,176.5,0.156,0.156,3.6,57.0,26.9,1098.0,198.2,0.056,washington,45,838.375,1,1,1,90
